UMAP1,UMAP2,name,predicted_inc,inc.prob,sec.prob
3.6170273,6.8826046,GCF_000011565___0,Negative,0.0,0.0002
6.4483023,7.451232,GCF_000011565___1,Negative,0.0001,0.9988
-1.6813068,9.685043,GCF_000011565___2,Negative,0.0001,0.0815
9.425533,14.33901,GCF_000011565___3,Negative,0.0,0.0005
-2.1013994,5.867619,GCF_000011565___4,Negative,0.0465,0.0002
8.055405,13.303514,GCF_000011565___5,Negative,0.0,0.1377
7.0878134,13.584085,GCF_000011565___6,Negative,0.0,0.2411
6.190793,13.152147,GCF_000011565___7,Negative,0.0,0.1791
3.999885,6.489525,GCF_000011565___8,Negative,0.0001,0.0033
3.8911717,5.9985824,GCF_000011565___9,Negative,0.007,0.0164
-0.66540277,6.532285,GCF_000011565___10,Negative,0.0459,0.0
8.12423,5.135155,GCF_000011565___11,Negative,0.0,1.0
-2.1854694,8.923748,GCF_000011565___12,Negative,0.0001,0.0237
7.034712,12.247178,GCF_000011565___13,Negative,0.0,0.0106
-2.541337,5.6727257,GCF_000011565___14,Negative,0.0011,0.0
7.1817656,13.372137,GCF_000011565___15,Negative,0.0,0.1117
6.8059406,12.541536,GCF_000011565___16,Negative,0.0,0.0763
6.7515206,6.9462028,GCF_000011565___17,Negative,0.0001,0.9996
7.4820924,13.5400505,GCF_000011565___18,Negative,0.0,0.0033
7.1546636,14.051444,GCF_000011565___19,Negative,0.0,0.005
8.494446,14.250585,GCF_000011565___20,Negative,0.0,0.002
6.4619403,12.61305,GCF_000011565___21,Negative,0.0001,0.2019
7.843305,14.497908,GCF_000011565___22,Negative,0.0001,0.0347
7.927823,14.060887,GCF_000011565___23,Negative,0.0,0.0046
6.53847,12.844728,GCF_000011565___24,Negative,0.0,0.1016
-1.823918,9.874469,GCF_000011565___25,Negative,0.0,0.9753
7.2785196,13.02505,GCF_000011565___26,Negative,0.0,0.0039
4.7581215,6.1070786,GCF_000011565___27,Negative,0.2341,0.7526
7.771959,11.229489,GCF_000011565___28,Negative,0.0008,0.0731
9.628177,13.270542,GCF_000011565___29,Negative,0.0,0.0005
8.987278,12.287085,GCF_000011565___30,Negative,0.0,0.0014
-2.1378276,8.928438,GCF_000011565___31,Negative,0.0005,0.06
8.334987,13.327208,GCF_000011565___32,Negative,0.0,0.0361
8.394033,13.427754,GCF_000011565___33,Negative,0.0,0.0288
3.684166,6.641472,GCF_000011565___34,Negative,0.0,0.0001
8.2596855,13.622382,GCF_000011565___35,Negative,0.0,0.0017
-0.63271606,9.068069,GCF_000011565___36,Negative,0.0003,0.9171
7.5655737,8.210776,GCF_000011565___37,Negative,0.0005,0.9649
6.803824,7.287311,GCF_000011565___38,Negative,0.0007,0.9988
0.53427094,5.708194,GCF_000011565___39,Negative,0.4456,0.0016
6.932149,9.055053,GCF_000011565___40,Negative,0.0003,0.9793
6.8865676,9.009551,GCF_000011565___41,Negative,0.0001,0.9931
6.8362017,8.837573,GCF_000011565___42,Negative,0.0001,0.9985
6.565387,7.3105536,GCF_000011565___43,Negative,0.0002,0.9997
6.856579,8.988948,GCF_000011565___44,Negative,0.0001,0.998
6.8640785,8.965055,GCF_000011565___45,Negative,0.0003,0.9909
6.842139,8.685912,GCF_000011565___46,Negative,0.0,0.9991
7.267353,7.2289004,GCF_000011565___47,Negative,0.0001,0.9953
7.0667977,6.3077807,GCF_000011565___48,Negative,0.0001,0.9998
4.0107064,5.8617682,GCF_000011565___49,Negative,0.0156,0.0331
-1.8030838,9.885438,GCF_000011565___50,Negative,0.0001,0.9122
6.840919,8.799073,GCF_000011565___51,Negative,0.0001,0.9977
3.783461,6.5279527,GCF_000011565___52,Negative,0.0,0.0018
6.9244347,9.157941,GCF_000011565___53,Negative,0.0001,0.8693
6.7881103,8.622805,GCF_000011565___54,Negative,0.0003,0.9974
6.8904457,9.046441,GCF_000011565___55,Negative,0.0002,0.9911
6.678069,6.754745,GCF_000011565___56,Negative,0.0001,0.9994
6.576346,7.186284,GCF_000011565___57,Negative,0.0006,0.9994
6.9080043,8.948834,GCF_000011565___58,Negative,0.0001,0.9875
6.8601503,8.876109,GCF_000011565___59,Negative,0.0001,0.994
6.877861,8.800967,GCF_000011565___60,Negative,0.0002,0.9974
7.3947687,8.236509,GCF_000011565___61,Negative,0.0003,0.9861
4.1545935,6.4067664,GCF_000011565___62,Negative,0.0001,0.0306
8.023752,13.652941,GCF_000011565___63,Negative,0.0,0.1137
5.645991,7.8909645,GCF_000011565___64,Negative,0.0007,0.975
0.82120657,5.80844,GCF_000011565___65,Inc-protein,0.9978,0.0018
5.6560073,7.9184623,GCF_000011565___66,Negative,0.1213,0.8043
7.5856485,11.203635,GCF_000011565___67,Negative,0.0,0.0082
7.2548985,12.176647,GCF_000011565___68,Negative,0.001,0.0141
-1.6579973,7.1867537,GCF_000011565___69,Negative,0.0021,0.0085
4.0927396,5.996156,GCF_000011565___70,Negative,0.0001,0.1229
7.5635476,14.622551,GCF_000011565___71,Negative,0.0,0.0038
3.8959272,6.29356,GCF_000011565___72,Negative,0.0009,0.0175
3.7279525,6.332062,GCF_000011565___73,Negative,0.0024,0.0029
8.509651,12.81903,GCF_000011565___74,Negative,0.0,0.0099
6.9059343,13.060571,GCF_000011565___75,Negative,0.0005,0.2074
7.8159504,14.51492,GCF_000011565___76,Negative,0.0,0.0009
6.8113747,8.261369,GCF_000011565___77,Negative,0.0,0.0002
4.597956,6.3880253,GCF_000011565___78,Negative,0.0001,0.4205
-1.6125345,5.5052204,GCF_000011565___79,Negative,0.3397,0.06
7.2681313,13.126714,GCF_000011565___80,Negative,0.0,0.0876
-2.7781172,5.5912957,GCF_000011565___81,Negative,0.0218,0.0
9.501954,14.090648,GCF_000011565___82,Negative,0.0,0.0017
-0.7909124,9.234434,GCF_000011565___83,Negative,0.0004,0.7403
7.3217077,14.333927,GCF_000011565___84,Negative,0.0,0.0203
7.841338,12.419706,GCF_000011565___85,Negative,0.0,0.0045
6.4144692,10.398993,GCF_000011565___86,Negative,0.0001,0.5031
7.2824087,13.199878,GCF_000011565___87,Negative,0.0,0.0801
6.4271016,9.181191,GCF_000011565___88,Negative,0.0003,0.9618
5.9801216,7.8423166,GCF_000011565___89,Negative,0.0001,0.9427
6.2221723,10.297693,GCF_000011565___90,Negative,0.0,0.9384
8.04458,14.111174,GCF_000011565___91,Negative,0.0002,0.0304
7.305311,11.951632,GCF_000011565___92,Negative,0.0014,0.0272
9.328675,13.897293,GCF_000011565___93,Negative,0.0,0.004
8.893765,14.716261,GCF_000011565___94,Negative,0.0,0.001
-1.9925565,8.907391,GCF_000011565___95,Negative,0.0,0.0009
-3.2494714,5.7324767,GCF_000011565___96,Negative,0.0009,0.0
8.279884,11.936352,GCF_000011565___97,Negative,0.0,0.0017
8.880045,13.666513,GCF_000011565___98,Negative,0.0,0.0055
9.009197,13.657904,GCF_000011565___99,Negative,0.0,0.0006
7.02871,12.186319,GCF_000011565___100,Negative,0.0,0.002
-3.1656249,5.422518,GCF_000011565___101,Negative,0.0028,0.0
-0.80316484,7.965895,GCF_000011565___102,Negative,0.0188,0.8831
-2.369689,5.801208,GCF_000011565___103,Negative,0.0133,0.0009
-2.3823862,5.416689,GCF_000011565___104,Negative,0.0132,0.0001
-1.5379713,7.685443,GCF_000011565___105,Negative,0.0002,0.053
-2.856912,5.302877,GCF_000011565___106,Negative,0.001,0.0
-0.9061302,6.909296,GCF_000011565___107,Negative,0.0012,0.0
7.5605345,14.213326,GCF_000011565___108,Negative,0.0,0.0029
7.5251193,5.7966437,GCF_000011565___109,Negative,0.001,0.9987
-1.1961817,7.939875,GCF_000011565___110,Negative,0.0025,0.3056
7.939099,11.7431555,GCF_000011565___111,Negative,0.0001,0.1536
7.558,12.282116,GCF_000011565___112,Negative,0.0001,0.1181
8.045676,11.906824,GCF_000011565___113,Negative,0.0,0.028
6.4264517,7.572187,GCF_000011565___114,Negative,0.0004,0.9962
-1.5527852,8.674636,GCF_000011565___115,Negative,0.2419,0.0577
-1.7540528,5.8714027,GCF_000011565___116,Negative,0.3681,0.0001
-1.0690838,8.80956,GCF_000011565___117,Negative,0.0077,0.7915
-0.8710693,8.902086,GCF_000011565___118,Negative,0.0002,0.9565
-1.7493659,6.476451,GCF_000011565___119,Negative,0.0183,0.0037
3.97309,5.900729,GCF_000011565___120,Negative,0.0117,0.0215
-1.6946194,6.518709,GCF_000011565___121,Negative,0.0211,0.022
7.127875,12.517131,GCF_000011565___122,Negative,0.0,0.0031
9.340096,13.941366,GCF_000011565___123,Negative,0.0,0.0066
3.7383957,6.1357703,GCF_000011565___124,Negative,0.0003,0.0068
9.469781,14.361068,GCF_000011565___125,Negative,0.0,0.0
7.621976,13.403491,GCF_000011565___126,Negative,0.0,0.0037
9.38329,14.019999,GCF_000011565___127,Negative,0.0,0.0098
9.578457,14.124543,GCF_000011565___128,Negative,0.0,0.0005
-2.8811657,5.8636193,GCF_000011565___129,Negative,0.002,0.0
-1.8149347,8.083374,GCF_000011565___130,Negative,0.0002,0.0007
6.824401,11.769567,GCF_000011565___131,Negative,0.0001,0.2675
-1.3002234,7.1656275,GCF_000011565___132,Negative,0.0659,0.0861
6.726126,12.102824,GCF_000011565___133,Negative,0.0,0.0673
7.5551825,12.868702,GCF_000011565___134,Negative,0.0001,0.003
-1.9066702,8.9194565,GCF_000011565___135,Negative,0.0032,0.3044
7.129326,13.53926,GCF_000011565___136,Negative,0.0,0.0294
-1.3769871,7.895311,GCF_000011565___137,Negative,0.0001,0.0277
9.323135,13.101258,GCF_000011565___138,Negative,0.0,0.0103
6.9371614,11.536637,GCF_000011565___139,Negative,0.0002,0.1288
-1.8275388,10.007946,GCF_000011565___140,Negative,0.0004,0.986
7.1356306,13.42106,GCF_000011565___141,Negative,0.0,0.2912
7.3054914,13.779234,GCF_000011565___142,Negative,0.0,0.0214
6.468132,13.901224,GCF_000011565___143,Negative,0.0,0.0266
8.436938,12.811677,GCF_000011565___144,Negative,0.0,0.02
9.279901,14.587998,GCF_000011565___145,Negative,0.0,0.0016
5.5409923,8.501952,GCF_000011565___146,Negative,0.0005,0.1309
-3.0780928,5.1203623,GCF_000011565___147,Negative,0.0021,0.0
8.497357,13.379042,GCF_000011565___148,Negative,0.0,0.0059
3.8346512,6.0132265,GCF_000011565___149,Negative,0.0008,0.0006
4.6902795,7.3185515,GCF_000011565___150,Negative,0.0001,0.7323
7.4345684,10.486767,GCF_000011565___151,Negative,0.0,0.0405
-3.1457427,5.68473,GCF_000011565___152,Negative,0.0024,0.0
-0.09407725,5.8231063,GCF_000011565___153,Inc-protein,0.9961,0.0001
8.738414,12.514502,GCF_000011565___154,Negative,0.0,0.0051
8.214626,14.309092,GCF_000011565___155,Negative,0.0,0.0205
6.775036,8.607728,GCF_000011565___156,Negative,0.0559,0.8916
7.959705,8.308356,GCF_000011565___157,Negative,0.0001,0.4197
6.4773045,7.338378,GCF_000011565___158,Negative,0.0002,0.9992
0.05985026,5.810374,GCF_000011565___159,Inc-protein,0.9999,0.0
6.2674627,7.1740565,GCF_000011565___160,Negative,0.0087,0.9909
6.0783253,12.72938,GCF_000011565___161,Negative,0.0,0.1323
6.59425,12.588581,GCF_000011565___162,Negative,0.0001,0.0646
8.46715,13.646023,GCF_000011565___163,Negative,0.0,0.0057
6.818361,13.278806,GCF_000011565___164,Negative,0.0,0.0307
9.453285,13.070952,GCF_000011565___165,Negative,0.0,0.004
0.8706395,5.742105,GCF_000011565___166,Inc-protein,0.9977,0.0015
7.3081536,14.680923,GCF_000011565___167,Negative,0.0,0.0021
-2.7369077,5.3201313,GCF_000011565___168,Negative,0.0072,0.0001
6.5883203,10.316853,GCF_000011565___169,Negative,0.0,0.2612
-3.0634441,5.7171183,GCF_000011565___170,Negative,0.0003,0.0
-3.097253,5.845089,GCF_000011565___171,Negative,0.0004,0.0
7.793625,13.433216,GCF_000011565___172,Negative,0.0,0.0205
-0.12225494,8.595725,GCF_000011565___173,Negative,0.0057,0.987
6.0686026,7.4023485,GCF_000011565___174,Negative,0.0183,0.9779
5.693057,7.4723287,GCF_000011565___175,Negative,0.0031,0.9856
7.2681212,14.568166,GCF_000011565___176,Negative,0.0,0.0025
6.541008,8.959911,GCF_000011565___177,Negative,0.0008,0.1052
7.2783265,14.043678,GCF_000011565___178,Negative,0.0,0.111
8.334928,13.51084,GCF_000011565___179,Negative,0.0,0.1555
4.260211,5.953614,GCF_000011565___180,Negative,0.0072,0.1802
3.9834538,6.470053,GCF_000011565___181,Negative,0.0003,0.002
6.918508,12.830716,GCF_000011565___182,Negative,0.0,0.322
7.676417,12.154292,GCF_000011565___183,Negative,0.0,0.0051
-1.8490692,6.271046,GCF_000011565___184,Negative,0.0449,0.0011
8.6568,13.63713,GCF_000011565___185,Negative,0.0,0.0204
-2.7844229,5.360059,GCF_000011565___186,Negative,0.0018,0.0
-0.08739635,5.8585596,GCF_000011565___187,Inc-protein,0.993,0.0011
-1.629466,6.3132033,GCF_000011565___188,Negative,0.0728,0.0015
-1.7489684,8.810239,GCF_000011565___189,Negative,0.0127,0.0155
-1.4785066,5.6410294,GCF_000011565___190,Negative,0.079,0.4449
7.0175905,12.982236,GCF_000011565___191,Negative,0.0001,0.0149
9.497284,14.271813,GCF_000011565___192,Negative,0.0,0.0009
9.20642,13.62682,GCF_000011565___193,Negative,0.0,0.0007
6.9245524,13.618983,GCF_000011565___194,Negative,0.0,0.2951
7.9234796,14.620263,GCF_000011565___195,Negative,0.0,0.0005
9.667762,14.25334,GCF_000011565___196,Negative,0.0,0.0002
6.3081794,7.512294,GCF_000011565___197,Negative,0.0,0.999
7.457079,8.221532,GCF_000011565___198,Negative,0.0006,0.9871
-1.8802056,9.292791,GCF_000011565___199,Negative,0.0003,0.2466
8.080286,6.545221,GCF_000011565___200,Negative,0.0006,0.9831
7.873512,8.043162,GCF_000011565___201,Negative,0.0001,0.6976
-2.7790394,5.24809,GCF_000011565___202,Negative,0.0008,0.0001
4.008681,6.682331,GCF_000011565___203,Negative,0.0,0.0004
-2.8323061,5.1580076,GCF_000011565___204,Negative,0.0005,0.0
-2.7680833,5.07099,GCF_000011565___205,Negative,0.0017,0.0031
6.3623023,10.567027,GCF_000011565___206,Negative,0.0001,0.8858
6.2691894,8.676926,GCF_000011565___207,Negative,0.0001,0.993
-1.6891797,6.786895,GCF_000011565___208,Negative,0.027,0.0083
7.7158446,12.562026,GCF_000011565___209,Negative,0.0,0.0014
9.657921,13.42344,GCF_000011565___210,Negative,0.0,0.0002
8.312749,13.309526,GCF_000011565___211,Negative,0.0,0.0013
9.102496,13.336642,GCF_000011565___212,Negative,0.0,0.0011
6.158629,12.10196,GCF_000011565___213,Negative,0.0,0.475
6.2090974,12.437675,GCF_000011565___214,Negative,0.0001,0.4121
8.3947525,12.408612,GCF_000011565___215,Negative,0.0,0.0004
-2.065609,9.073325,GCF_000011565___216,Negative,0.0002,0.1827
9.363053,12.680358,GCF_000011565___217,Negative,0.0,0.0043
9.727229,13.103672,GCF_000011565___218,Negative,0.0,0.0
8.815051,12.896209,GCF_000011565___219,Negative,0.0,0.0152
-0.98283076,7.7994027,GCF_000011565___220,Negative,0.0028,0.2588
8.606338,12.687331,GCF_000011565___221,Negative,0.0,0.006
6.358684,13.257546,GCF_000011565___222,Negative,0.0002,0.014
8.075077,14.210856,GCF_000011565___223,Negative,0.0,0.0049
-1.7212123,7.5281916,GCF_000011565___224,Negative,0.0,0.001
-2.2073574,8.8908205,GCF_000011565___225,Negative,0.0,0.0272
7.588525,14.294348,GCF_000011565___226,Negative,0.0,0.0235
7.768803,13.853566,GCF_000011565___227,Negative,0.0,0.0002
6.7158556,14.110957,GCF_000011565___228,Negative,0.0,0.0069
9.611754,14.019019,GCF_000011565___229,Negative,0.0,0.0009
7.7583227,14.270754,GCF_000011565___230,Negative,0.0,0.0137
7.509192,13.772763,GCF_000011565___231,Negative,0.0001,0.1613
-1.9483565,9.136128,GCF_000011565___232,Negative,0.0002,0.0595
5.282425,7.5811653,GCF_000011565___233,Negative,0.0,0.9868
6.7462916,13.671334,GCF_000011565___234,Negative,0.0,0.0065
7.9110775,13.251508,GCF_000011565___235,Negative,0.0,0.0049
6.1527777,12.994907,GCF_000011565___236,Negative,0.0002,0.0839
9.573858,13.893502,GCF_000011565___237,Negative,0.0,0.0002
6.456737,13.810848,GCF_000011565___238,Negative,0.0,0.0289
9.39504,14.107283,GCF_000011565___239,Negative,0.0,0.0009
-2.1280377,5.56644,GCF_000011565___240,Negative,0.0408,0.0006
-2.0975869,5.6316843,GCF_000011565___241,Negative,0.0368,0.0006
-2.3336935,5.694814,GCF_000011565___242,Negative,0.0142,0.0
-2.2326403,5.079007,GCF_000011565___243,Negative,0.0129,0.0
8.2972145,13.819242,GCF_000011565___244,Negative,0.0,0.0205
3.8177025,5.966776,GCF_000011565___245,Negative,0.003,0.0
0.7326205,5.7082057,GCF_000011565___246,Inc-protein,0.8986,0.0084
-1.8875909,9.412441,GCF_000011565___247,Negative,0.0003,0.6001
6.679136,11.35585,GCF_000011565___248,Negative,0.0001,0.4801
6.6236997,13.760596,GCF_000011565___249,Negative,0.0,0.1165
7.3487926,12.653044,GCF_000011565___250,Negative,0.0,0.0952
-2.7714734,5.8237233,GCF_000011565___251,Negative,0.002,0.0001
-1.4151127,7.0642266,GCF_000011565___252,Negative,0.0124,0.0098
6.179697,11.695659,GCF_000011565___253,Negative,0.0001,0.8526
6.4148097,8.452345,GCF_000011565___254,Negative,0.0003,0.9381
8.04198,14.794885,GCF_000011565___255,Negative,0.0,0.0003
8.423159,13.224988,GCF_000011565___256,Negative,0.0,0.0003
-1.7658019,8.86475,GCF_000011565___257,Negative,0.0007,0.3675
8.973217,13.704544,GCF_000011565___258,Negative,0.0,0.0001
-2.2949102,5.1987,GCF_000011565___259,Negative,0.0065,0.0012
-2.3265789,5.1746845,GCF_000011565___260,Negative,0.0083,0.0007
9.145504,14.537607,GCF_000011565___261,Negative,0.0,0.0022
-2.877138,5.641426,GCF_000011565___262,Negative,0.0046,0.0003
-2.3551192,5.3831906,GCF_000011565___263,Negative,0.0199,0.0002
6.3667865,8.582036,GCF_000011565___264,Negative,0.0004,0.9915
9.702542,11.110743,GCF_000011565___265,Negative,0.0001,0.1876
6.634217,12.337432,GCF_000011565___266,Negative,0.0,0.3387
6.309118,12.471813,GCF_000011565___267,Negative,0.0001,0.4134
9.074788,14.351772,GCF_000011565___268,Negative,0.0,0.0003
8.077774,13.651223,GCF_000011565___269,Negative,0.0,0.0221
8.095578,11.723257,GCF_000011565___270,Negative,0.0,0.0383
6.844143,13.96238,GCF_000011565___271,Negative,0.0,0.013
6.4758587,13.561727,GCF_000011565___272,Negative,0.0,0.0505
6.8167763,14.251356,GCF_000011565___273,Negative,0.0,0.004
7.5935326,13.434339,GCF_000011565___274,Negative,0.0,0.0036
5.883161,8.981506,GCF_000011565___275,Negative,0.0003,0.8469
6.4181685,13.907265,GCF_000011565___276,Negative,0.0,0.0349
5.4299183,7.796417,GCF_000011565___277,Negative,0.3475,0.5658
5.6292343,8.216348,GCF_000011565___278,Negative,0.0005,0.7954
7.408996,11.714748,GCF_000011565___279,Negative,0.0,0.0026
8.071791,14.419136,GCF_000011565___280,Negative,0.0,0.0035
8.538812,11.962502,GCF_000011565___281,Negative,0.0,0.0056
6.334358,13.916685,GCF_000011565___282,Negative,0.0,0.0221
7.6326256,14.557192,GCF_000011565___283,Negative,0.0,0.003
-0.36325228,6.0176516,GCF_000011565___284,Negative,0.6892,0.0027
7.5657773,12.690551,GCF_000011565___285,Negative,0.0,0.0101
-2.8584175,5.664556,GCF_000011565___286,Negative,0.0757,0.0001
-3.3646598,5.376768,GCF_000011565___287,Negative,0.001,0.0
-2.0363767,8.926355,GCF_000011565___288,Negative,0.0001,0.1193
-1.6586609,8.283561,GCF_000011565___289,Negative,0.0033,0.0396
5.2797165,6.1590385,GCF_000011565___290,Negative,0.0126,0.9808
5.3601027,7.5211697,GCF_000011565___291,Negative,0.0003,0.9861
8.631133,11.598084,GCF_000011565___292,Negative,0.0004,0.0042
5.048732,6.3530335,GCF_000011565___293,Negative,0.038,0.7767
5.8588505,7.2274995,GCF_000011565___294,Negative,0.0003,0.9971
-3.2159722,5.5008407,GCF_000011565___295,Negative,0.0002,0.0
-3.2555432,5.544869,GCF_000011565___296,Negative,0.0001,0.0
-3.1460302,5.498586,GCF_000011565___297,Negative,0.0,0.0001
-3.1498473,5.6932435,GCF_000011565___298,Negative,0.0008,0.0001
5.304503,8.121247,GCF_000011565___299,Negative,0.0005,0.4896
-1.0105321,7.832307,GCF_000011565___300,Negative,0.0013,0.0979
-0.93245345,7.8128037,GCF_000011565___301,Negative,0.0006,0.0914
6.623407,14.0467205,GCF_000011565___302,Negative,0.0,0.0068
-2.0181298,6.0904675,GCF_000011565___303,Negative,0.0492,0.0003
6.0823417,11.252962,GCF_000011565___304,Negative,0.0004,0.4975
7.571607,14.452403,GCF_000011565___305,Negative,0.0001,0.0823
6.9320383,11.2967205,GCF_000011565___306,Negative,0.0003,0.0502
6.025757,7.3880486,GCF_000011565___307,Negative,0.0066,0.9897
7.1743994,13.991646,GCF_000011565___308,Negative,0.0,0.0344
-1.6717699,6.3878655,GCF_000011565___309,Negative,0.0669,0.0027
-1.3726704,7.728015,GCF_000011565___310,Negative,0.0006,0.0121
7.813004,13.967848,GCF_000011565___311,Negative,0.0,0.0122
-1.5575331,8.755119,GCF_000011565___312,Negative,0.001,0.2772
-1.52965,9.590105,GCF_000011565___313,Negative,0.0,0.6442
9.629034,14.115555,GCF_000011565___314,Negative,0.0,0.0009
7.0858374,12.4012575,GCF_000011565___315,Negative,0.0003,0.0178
8.146653,14.631386,GCF_000011565___316,Negative,0.0,0.0008
-2.7550452,6.112326,GCF_000011565___317,Negative,0.0013,0.0
6.5765066,13.402271,GCF_000011565___318,Negative,0.0001,0.0194
9.61823,13.460157,GCF_000011565___319,Negative,0.0,0.0003
6.86878,6.5540147,GCF_000011565___320,Negative,0.0,1.0
7.780092,11.72383,GCF_000011565___321,Negative,0.0,0.1176
7.1950383,11.05454,GCF_000011565___322,Negative,0.0,0.1621
-1.2944866,8.43132,GCF_000011565___323,Negative,0.0297,0.1613
6.9170732,14.33471,GCF_000011565___324,Negative,0.0,0.002
7.2362576,14.586003,GCF_000011565___325,Negative,0.0,0.0004
7.0178714,12.86053,GCF_000011565___326,Negative,0.0,0.0698
-1.1626842,9.531565,GCF_000011565___327,Negative,0.0006,0.6317
6.8063064,9.579724,GCF_000011565___328,Negative,0.0001,0.2383
-1.8390565,9.58545,GCF_000011565___329,Negative,0.0001,0.1959
7.8766084,6.4466305,GCF_000011565___330,Negative,0.0002,0.9989
7.3255496,7.2143397,GCF_000011565___331,Negative,0.0004,0.9873
7.214282,7.2365923,GCF_000011565___332,Negative,0.0004,0.9962
6.139718,12.550394,GCF_000011565___333,Negative,0.0,0.4722
6.6707287,11.57649,GCF_000011565___334,Negative,0.0001,0.1765
6.780255,13.523678,GCF_000011565___335,Negative,0.0,0.0812
6.0009575,13.244332,GCF_000011565___336,Negative,0.0,0.1189
-1.9010869,5.1658435,GCF_000011565___337,Negative,0.4938,0.0006
4.99651,7.7233725,GCF_000011565___338,Negative,0.0006,0.7027
-1.8143841,5.9324193,GCF_000011565___339,Negative,0.0362,0.0006
7.6349254,14.614955,GCF_000011565___340,Negative,0.0,0.0081
7.3725896,14.369298,GCF_000011565___341,Negative,0.0,0.0028
6.1249223,13.58301,GCF_000011565___342,Negative,0.0,0.0624
6.7719035,6.7672415,GCF_000011565___343,Negative,0.0,1.0
9.596209,14.1235695,GCF_000011565___344,Negative,0.0,0.0002
9.193119,13.823522,GCF_000011565___345,Negative,0.0,0.0011
8.081061,12.045766,GCF_000011565___346,Negative,0.0,0.0225
6.1272917,11.261876,GCF_000011565___347,Negative,0.0002,0.7004
8.139921,5.1021075,GCF_000011565___348,Negative,0.002,0.9476
4.852161,7.461221,GCF_000011565___349,Negative,0.0001,0.4368
7.8286653,12.542041,GCF_000011565___350,Negative,0.0,0.0345
6.7233696,13.684236,GCF_000011565___351,Negative,0.0,0.0015
7.172197,14.079405,GCF_000011565___352,Negative,0.0,0.0021
6.010271,8.765981,GCF_000011565___353,Negative,0.0006,0.9413
0.46948332,5.803553,GCF_000011565___354,Inc-protein,0.9787,0.0052
7.0252304,12.996907,GCF_000011565___355,Negative,0.0,0.0425
8.08015,14.7694,GCF_000011565___356,Negative,0.0,0.0006
-0.9073666,7.6483026,GCF_000011565___357,Negative,0.0025,0.0671
6.9752693,8.267263,GCF_000011565___358,Negative,0.0001,0.6498
8.9281845,13.595298,GCF_000011565___359,Negative,0.0,0.0026
-1.432524,8.9623,GCF_000011565___360,Negative,0.0003,0.0971
8.288094,13.978839,GCF_000011565___361,Negative,0.0,0.0082
8.817843,13.293406,GCF_000011565___362,Negative,0.0,0.0008
8.26226,14.038045,GCF_000011565___363,Negative,0.0,0.0034
-1.862719,9.943597,GCF_000011565___364,Negative,0.0001,0.7803
9.039964,12.751808,GCF_000011565___365,Negative,0.0,0.0005
4.44339,6.459246,GCF_000011565___366,Negative,0.0,0.6232
6.507493,8.331796,GCF_000011565___367,Negative,0.0046,0.5801
6.4914055,8.30462,GCF_000011565___368,Negative,0.0036,0.0734
7.4274073,13.917406,GCF_000011565___369,Negative,0.0,0.1022
5.210313,8.540423,GCF_000011565___370,Negative,0.0001,0.08
7.3409433,13.082218,GCF_000011565___371,Negative,0.0,0.0456
7.9710846,12.14717,GCF_000011565___372,Negative,0.0,0.0026
-3.3323402,5.5175443,GCF_000011565___373,Negative,0.0007,0.0
8.094278,14.686905,GCF_000011565___374,Negative,0.0,0.0006
-1.6971297,9.337101,GCF_000011565___375,Negative,0.0001,0.1452
7.9396286,14.377864,GCF_000011565___376,Negative,0.0,0.0011
7.564351,13.625641,GCF_000011565___377,Negative,0.0,0.0134
-0.2925383,8.379751,GCF_000011565___378,Negative,0.0061,0.982
-2.9473205,5.9655223,GCF_000011565___379,Negative,0.0024,0.0
1.0244188,5.5231614,GCF_000011565___380,Inc-protein,0.9949,0.0008
8.736696,13.706674,GCF_000011565___381,Negative,0.0,0.0085
-1.097999,8.900292,GCF_000011565___382,Negative,0.0012,0.9266
-1.7989982,9.422905,GCF_000011565___383,Negative,0.001,0.2359
6.199526,11.636853,GCF_000011565___384,Negative,0.0001,0.0882
4.8432946,7.7015467,GCF_000011565___385,Negative,0.0003,0.27
-1.4532671,8.828402,GCF_000011565___386,Negative,0.0044,0.4472
6.268407,13.728469,GCF_000011565___387,Negative,0.0,0.0308
-1.3988845,9.062716,GCF_000011565___388,Negative,0.0007,0.7901
6.2749815,13.593088,GCF_000011565___389,Negative,0.0,0.2908
6.517565,13.959719,GCF_000011565___390,Negative,0.0,0.0408
7.380805,5.5193043,GCF_000011565___391,Negative,0.2165,0.7825
-1.714867,6.14021,GCF_000011565___392,Negative,0.0356,0.009
6.736323,13.834412,GCF_000011565___393,Negative,0.0,0.0067
7.753479,13.866382,GCF_000011565___394,Negative,0.0,0.0004
7.944875,11.898276,GCF_000011565___395,Negative,0.0001,0.0616
7.838488,12.804591,GCF_000011565___396,Negative,0.0,0.0288
8.004178,9.948679,GCF_000011565___397,Negative,0.0005,0.304
1.129902,5.627607,GCF_000011565___398,Inc-protein,0.9824,0.017
1.2600181,5.537827,GCF_000011565___399,Inc-protein,0.9853,0.01
0.7731404,5.753612,GCF_000011565___400,Inc-protein,0.9107,0.0882
-1.0421928,7.603837,GCF_000011565___401,Negative,0.0064,0.0371
9.486793,12.86301,GCF_000011565___402,Negative,0.0,0.0002
8.504395,13.435185,GCF_000011565___403,Negative,0.0,0.0007
7.886416,12.312348,GCF_000011565___404,Negative,0.0,0.0142
9.424297,12.790276,GCF_000011565___405,Negative,0.0,0.0016
9.614681,13.208775,GCF_000011565___406,Negative,0.0,0.0
8.762485,13.145161,GCF_000011565___407,Negative,0.0,0.001
9.530512,13.192072,GCF_000011565___408,Negative,0.0,0.0003
9.464013,13.305572,GCF_000011565___409,Negative,0.0,0.0001
6.20711,11.837588,GCF_000011565___410,Negative,0.0003,0.2468
8.158371,13.48542,GCF_000011565___411,Negative,0.0,0.0016
8.905094,13.041344,GCF_000011565___412,Negative,0.0,0.0011
7.8026958,11.377081,GCF_000011565___413,Negative,0.0,0.1664
8.951737,13.167006,GCF_000011565___414,Negative,0.0,0.0004
9.469443,13.281185,GCF_000011565___415,Negative,0.0,0.0001
9.530231,13.077193,GCF_000011565___416,Negative,0.0,0.0001
8.084665,12.706816,GCF_000011565___417,Negative,0.0,0.0061
9.124911,13.150123,GCF_000011565___418,Negative,0.0,0.0
9.278646,13.226375,GCF_000011565___419,Negative,0.0,0.0006
-2.9437325,5.26365,GCF_000011565___420,Negative,0.0024,0.0001
9.475741,13.294548,GCF_000011565___421,Negative,0.0,0.0
9.638567,13.125162,GCF_000011565___422,Negative,0.0,0.0002
7.0044494,13.80107,GCF_000011565___423,Negative,0.0,0.0055
8.390214,13.422986,GCF_000011565___424,Negative,0.0,0.0062
9.425832,14.476357,GCF_000011565___425,Negative,0.0,0.0005
4.4325347,6.366832,GCF_000011565___426,Negative,0.0,0.9958
6.6392255,6.898359,GCF_000011565___427,Negative,0.0,0.9999
6.7859535,6.6651554,GCF_000011565___428,Negative,0.0001,0.9996
0.5721671,5.8285847,GCF_000011565___429,Inc-protein,0.9001,0.0445
6.6055856,7.007785,GCF_000011565___430,Negative,0.0,0.9993
7.2682953,14.640459,GCF_000011565___431,Negative,0.0,0.0005
9.630347,13.675545,GCF_000011565___432,Negative,0.0,0.0009
7.6419973,14.607518,GCF_000011565___433,Negative,0.0,0.0543
6.4257045,8.611029,GCF_000011565___434,Negative,0.0001,0.7568
6.217239,11.417208,GCF_000011565___435,Negative,0.0066,0.5711
0.47907585,5.8783746,GCF_000011565___436,Inc-protein,0.8684,0.0635
6.1750917,12.637276,GCF_000011565___437,Negative,0.0005,0.0892
6.4527464,12.404571,GCF_000011565___438,Negative,0.0,0.748
8.590609,13.196642,GCF_000011565___439,Negative,0.0,0.0022
-1.5054122,8.659733,GCF_000011565___440,Negative,0.0122,0.2843
-2.2562175,8.90011,GCF_000011565___441,Negative,0.0001,0.0278
-2.451222,5.6534686,GCF_000011565___442,Negative,0.007,0.0
8.774185,13.640419,GCF_000011565___443,Negative,0.0,0.0047
7.3750486,6.1699376,GCF_000011565___444,Negative,0.0003,0.9992
8.3000965,14.482981,GCF_000011565___445,Negative,0.0,0.0095
6.5872636,13.475634,GCF_000011565___446,Negative,0.0,0.0053
0.320565,6.074935,GCF_000011565___447,Negative,0.4014,0.101
7.5473213,13.277522,GCF_000011565___448,Negative,0.0,0.0188
8.473618,14.19952,GCF_000011565___449,Negative,0.0,0.0003
6.445881,6.9929047,GCF_000011565___450,Negative,0.0,0.9999
5.9506507,7.2504735,GCF_000011565___451,Negative,0.0006,0.9991
7.0296607,13.947434,GCF_000011565___452,Negative,0.0001,0.0148
6.2710686,13.609768,GCF_000011565___453,Negative,0.0,0.0032
7.4319315,13.006314,GCF_000011565___454,Negative,0.0001,0.001
8.630345,11.840128,GCF_000011565___455,Negative,0.0003,0.0099
6.4860964,13.033341,GCF_000011565___456,Negative,0.0,0.0275
-1.966734,5.8241777,GCF_000011565___457,Negative,0.0223,0.0003
-2.2881622,5.82419,GCF_000011565___458,Negative,0.0061,0.0
-1.649734,6.173741,GCF_000011565___459,Negative,0.197,0.0145
7.224578,9.210164,GCF_000011565___460,Negative,0.0001,0.3064
6.888647,12.619061,GCF_000011565___461,Negative,0.0,0.0717
9.015225,13.109982,GCF_000011565___462,Negative,0.0,0.0056
6.6333413,12.410783,GCF_000011565___463,Negative,0.0001,0.3281
6.7405477,11.3362,GCF_000011565___464,Negative,0.0,0.0383
4.35862,6.0205536,GCF_000011565___465,Negative,0.0025,0.0486
6.7159953,13.320328,GCF_000011565___466,Negative,0.0001,0.2201
-1.6589086,5.7771873,GCF_000011565___467,Negative,0.4508,0.001
7.0761757,14.35371,GCF_000011565___468,Negative,0.0,0.0203
7.937694,11.295467,GCF_000011565___469,Negative,0.0,0.0559
-1.4379141,9.369097,GCF_000011565___470,Negative,0.0002,0.7965
6.576854,9.0158,GCF_000011565___471,Negative,0.0,0.9766
7.827055,12.071713,GCF_000011565___472,Negative,0.0,0.0095
-2.575346,5.5203686,GCF_000011565___473,Negative,0.004,0.0
5.322622,8.750231,GCF_000011565___474,Negative,0.0,0.0296
7.274201,12.030667,GCF_000011565___475,Negative,0.0,0.0469
8.042999,12.7394085,GCF_000011565___476,Negative,0.0,0.0022
7.452002,13.951585,GCF_000011565___477,Negative,0.0,0.0007
7.4219847,12.788181,GCF_000011565___478,Negative,0.0,0.0212
5.306591,7.2580404,GCF_000011565___479,Negative,0.0015,0.9716
4.617016,6.586107,GCF_000011565___480,Negative,0.0,0.0762
5.24263,8.682081,GCF_000011565___481,Negative,0.0,0.0054
-2.034179,5.2191825,GCF_000011565___482,Negative,0.0678,0.0
8.693162,13.863162,GCF_000011565___483,Negative,0.0,0.0055
6.3243628,11.061612,GCF_000011565___484,Negative,0.0001,0.1015
-1.6917492,6.589936,GCF_000011565___485,Negative,0.127,0.1597
-0.62998325,8.936009,GCF_000011565___486,Negative,0.0004,0.9709
-0.59100354,8.746759,GCF_000011565___487,Negative,0.0015,0.5152
-0.5210968,5.890485,GCF_000011565___488,Inc-protein,0.8549,0.0003
7.84321,13.90223,GCF_000011565___489,Negative,0.0,0.0022
-2.2293,8.929417,GCF_000011565___490,Negative,0.0002,0.0213
4.5098143,7.251978,GCF_000011565___491,Negative,0.0003,0.0996
7.294061,13.0669365,GCF_000011565___492,Negative,0.0001,0.0152
9.404241,11.491148,GCF_000011565___493,Negative,0.0,0.0039
7.722335,12.745661,GCF_000011565___494,Negative,0.0,0.0438
3.9484997,5.8499117,GCF_000011565___495,Negative,0.0003,0.0049
6.116641,8.9303875,GCF_000011565___496,Negative,0.0,0.0016
5.9901185,8.371981,GCF_000011565___497,Negative,0.0023,0.4126
3.628438,6.5666814,GCF_000011565___498,Negative,0.0927,0.0045
3.8547444,6.756276,GCF_000011565___499,Negative,0.0,0.0006
5.5414543,8.127034,GCF_000011565___500,Negative,0.0005,0.8738
7.788658,11.566026,GCF_000011565___501,Negative,0.0012,0.1745
6.6632013,7.983564,GCF_000011565___502,Negative,0.0006,0.8541
4.3140497,6.789714,GCF_000011565___503,Negative,0.0004,0.4253
3.9197664,6.8143616,GCF_000011565___504,Negative,0.0,0.0024
7.7564273,11.019642,GCF_000011565___505,Negative,0.0039,0.0403
8.066533,11.636918,GCF_000011565___506,Negative,0.0,0.0001
8.597513,11.059002,GCF_000011565___507,Negative,0.0,0.0011
4.9163713,6.154135,GCF_000011565___508,Negative,0.005,0.0032
9.756909,11.055698,GCF_000011565___509,Negative,0.0003,0.0473
9.655607,10.7898,GCF_000011565___510,Negative,0.0004,0.0161
-1.4050292,9.334292,GCF_000011565___511,Negative,0.0002,0.0188
7.966685,8.026572,GCF_000011565___512,Negative,0.0,0.205
-0.5257129,8.801314,GCF_000011565___513,Negative,0.0011,0.9786
7.131324,11.876623,GCF_000011565___514,Negative,0.0001,0.0138
6.2908506,8.385479,GCF_000011565___515,Negative,0.0014,0.5415
7.3647046,11.609719,GCF_000011565___516,Negative,0.0,0.0028
8.271525,13.226154,GCF_000011565___517,Negative,0.0,0.0024
9.378465,14.049687,GCF_000011565___518,Negative,0.0,0.0081
8.753267,12.12349,GCF_000011565___519,Negative,0.0,0.0011
5.0829253,7.347783,GCF_000011565___520,Negative,0.0001,0.6773
9.89712,11.607317,GCF_000011565___521,Negative,0.0,0.0008
8.428464,13.198816,GCF_000011565___522,Negative,0.0,0.0002
7.3679147,11.095262,GCF_000011565___523,Negative,0.0,0.0083
8.052868,13.037768,GCF_000011565___524,Negative,0.0,0.0071
7.219861,13.500234,GCF_000011565___525,Negative,0.0,0.0137
7.3188868,12.902069,GCF_000011565___526,Negative,0.0,0.0064
3.8352883,6.7050457,GCF_000011565___527,Negative,0.0,0.0006
5.5616283,8.147921,GCF_000011565___528,Negative,0.0005,0.8738
6.6424613,11.520792,GCF_000011565___529,Negative,0.0002,0.2843
7.2041197,12.8273535,GCF_000011565___530,Negative,0.0,0.0378
7.2020035,13.418063,GCF_000011565___531,Negative,0.0,0.0086
9.80479,11.839908,GCF_000011565___532,Negative,0.0,0.0007
8.782893,12.503445,GCF_000011565___533,Negative,0.0,0.0038
-3.3203008,5.4234715,GCF_000011565___534,Negative,0.0009,0.0
4.2341075,7.176555,GCF_000011565___535,Negative,0.0001,0.0582
4.379496,7.066128,GCF_000011565___536,Negative,0.0008,0.0562
-0.91444415,9.048589,GCF_000011565___537,Negative,0.0002,0.9119
5.8197837,8.343748,GCF_000011565___538,Negative,0.0035,0.1256
7.5136924,11.606256,GCF_000011565___539,Negative,0.0004,0.0036
9.908792,11.467235,GCF_000011565___540,Negative,0.0,0.0026
5.2840014,7.443419,GCF_000011565___541,Negative,0.0013,0.4297
0.5008603,5.6495566,GCF_000011565___542,Inc-protein,0.9993,0.0001
7.9998784,13.211464,GCF_000011565___543,Negative,0.0,0.018
4.2208853,7.1843615,GCF_000011565___544,Negative,0.0002,0.0609
7.973103,8.260678,GCF_000011565___545,Negative,0.4814,0.0638
-2.0421808,6.258602,GCF_000011565___546,Negative,0.0022,0.0001
6.5154757,8.929334,GCF_000011565___547,Negative,0.0043,0.1639
5.6925025,7.965139,GCF_000011565___548,Negative,0.0042,0.9803
6.447378,8.831315,GCF_000011565___549,Negative,0.0075,0.7853
4.772218,6.0949016,GCF_000011565___550,Negative,0.5398,0.2251
6.7099,11.7290125,GCF_000011565___551,Negative,0.0009,0.3968
6.4735656,11.042418,GCF_000011565___552,Negative,0.0,0.6376
7.8211255,13.794778,GCF_000011565___553,Negative,0.0,0.0048
9.550652,14.099067,GCF_000011565___554,Negative,0.0,0.0006
-2.2695758,6.031311,GCF_000011565___555,Negative,0.0081,0.0002
-1.7121537,8.410975,GCF_000011565___556,Negative,0.0122,0.0122
7.7773833,12.367621,GCF_000011565___557,Negative,0.0001,0.0249
4.2045627,7.1685696,GCF_000011565___558,Negative,0.0003,0.2405
8.335511,13.393028,GCF_000011565___559,Negative,0.0,0.0017
-3.1004703,5.3876534,GCF_000011565___560,Negative,0.0042,0.0
-2.1375363,8.845862,GCF_000011565___561,Negative,0.0001,0.0049
-3.3097904,5.362423,GCF_000011565___562,Negative,0.0001,0.0
-1.9819894,8.946313,GCF_000011565___563,Negative,0.0001,0.01
-1.17344,9.026917,GCF_000011565___564,Negative,0.0042,0.4925
6.3683686,12.336317,GCF_000011565___565,Negative,0.0001,0.1906
6.6744456,11.866503,GCF_000011565___566,Negative,0.0001,0.1367
-2.6282492,5.7456813,GCF_000011565___567,Negative,0.0079,0.0
9.594874,13.903506,GCF_000011565___568,Negative,0.0,0.0
8.409189,13.899038,GCF_000011565___569,Negative,0.0,0.0009
8.311686,13.840037,GCF_000011565___570,Negative,0.0,0.0001
7.8914714,12.85796,GCF_000011565___571,Negative,0.0,0.0082
9.592319,13.426309,GCF_000011565___572,Negative,0.0,0.0001
8.3083935,14.104613,GCF_000011565___573,Negative,0.0,0.0279
-2.9854748,5.534119,GCF_000011565___574,Negative,0.0053,0.0
9.572748,13.433435,GCF_000011565___575,Negative,0.0,0.0
-2.8004372,5.375503,GCF_000011565___576,Negative,0.006,0.0001
-3.3718781,5.435915,GCF_000011565___577,Negative,0.0004,0.0
-2.9082038,5.544276,GCF_000011565___578,Negative,0.0036,0.0001
-2.9176388,5.7397165,GCF_000011565___579,Negative,0.0049,0.0001
-2.7605937,5.258494,GCF_000011565___580,Negative,0.0048,0.0001
-1.6364963,5.7652583,GCF_000011565___581,Negative,0.0182,0.0101
-1.0323195,9.506227,GCF_000011565___582,Negative,0.0011,0.1032
-1.7985523,8.855889,GCF_000011565___583,Negative,0.0006,0.0026
-0.8562249,7.6487055,GCF_000011565___584,Negative,0.0021,0.0989
7.2288356,5.2720704,GCF_000011565___585,Inc-protein,0.9891,0.0109
-0.24343401,8.323072,GCF_000011565___586,Negative,0.0015,0.9507
7.2141166,5.2369723,GCF_000011565___587,Inc-protein,0.9815,0.0184
-0.19108069,8.2677965,GCF_000011565___588,Negative,0.0029,0.9738
6.0464864,8.734187,GCF_000011565___589,Negative,0.0054,0.8407
7.031701,12.496973,GCF_000011565___590,Negative,0.0,0.1152
8.009026,13.170793,GCF_000011565___591,Negative,0.0,0.0042
6.888838,14.044547,GCF_000011565___592,Negative,0.0,0.0176
-0.9667222,8.897224,GCF_000011565___593,Negative,0.0012,0.9926
-2.1944575,6.048986,GCF_000011565___594,Negative,0.0065,0.0004
6.9674506,14.255209,GCF_000011565___595,Negative,0.0,0.0228
-0.84776866,6.90176,GCF_000011565___596,Negative,0.0016,0.0002
6.286778,13.374293,GCF_000011565___597,Negative,0.0,0.0143
-2.8095624,5.7249036,GCF_000011565___598,Negative,0.0025,0.0001
6.0613866,8.104947,GCF_000011565___599,Negative,0.0013,0.1153
9.021821,14.046777,GCF_000011565___600,Negative,0.0,0.0034
6.7816043,12.514251,GCF_000011565___601,Negative,0.0,0.0452
7.561863,6.3181987,GCF_000011565___602,Negative,0.0002,0.9959
8.6330595,12.065532,GCF_000011565___603,Negative,0.0002,0.0063
9.697371,13.398945,GCF_000011565___604,Negative,0.0,0.0003
-1.8303435,5.5365124,GCF_000011565___605,Negative,0.0936,0.0012
7.99053,12.466944,GCF_000011565___606,Negative,0.0,0.0016
8.348013,11.620094,GCF_000011565___607,Negative,0.0,0.0083
9.004079,13.0321455,GCF_000011565___608,Negative,0.0,0.0
8.981415,13.122099,GCF_000011565___609,Negative,0.0,0.0001
6.8490677,11.543641,GCF_000011565___610,Negative,0.0,0.0422
6.958507,11.560303,GCF_000011565___611,Negative,0.0,0.0075
3.8568966,5.9699397,GCF_000011565___612,Negative,0.0026,0.0007
9.644365,13.179474,GCF_000011565___613,Negative,0.0,0.0034
9.644673,13.550468,GCF_000011565___614,Negative,0.0,0.0008
-1.9009209,9.589893,GCF_000011565___615,Negative,0.0,0.0022
-1.7197801,8.452614,GCF_000011565___616,Negative,0.0069,0.2291
5.052639,8.234323,GCF_000011565___617,Negative,0.0004,0.0472
-1.0783968,8.991492,GCF_000011565___618,Negative,0.0002,0.9782
7.511535,13.022581,GCF_000011565___619,Negative,0.0,0.0266
4.980746,7.2328925,GCF_000011565___620,Negative,0.0004,0.8339
5.1854897,8.03714,GCF_000011565___621,Negative,0.0069,0.0884
4.5040708,7.076972,GCF_000011565___622,Negative,0.0031,0.285
5.928215,8.855241,GCF_000011565___623,Negative,0.0,0.8748
-1.7404027,9.293393,GCF_000011565___624,Negative,0.0002,0.4286
6.5094347,12.706669,GCF_000011565___625,Negative,0.0,0.0403
8.103544,14.516006,GCF_000011565___626,Negative,0.0,0.0052
7.297508,12.163773,GCF_000011565___627,Negative,0.0,0.0266
7.7976727,14.096564,GCF_000011565___628,Negative,0.0,0.0248
-2.709044,5.3180676,GCF_000011565___629,Negative,0.0059,0.0001
6.802192,13.787317,GCF_000011565___630,Negative,0.0001,0.0448
-1.3931348,5.7036114,GCF_000011565___631,Negative,0.7442,0.0021
7.504455,8.013158,GCF_000011565___632,Negative,0.0118,0.1887
0.5358836,6.126807,GCF_000011565___633,Negative,0.0702,0.1055
0.3697238,5.8423247,GCF_000011565___634,Inc-protein,0.9398,0.0428
7.5247617,14.396021,GCF_000011565___635,Negative,0.0001,0.0269
7.0222974,13.3524475,GCF_000011565___636,Negative,0.0,0.0845
7.719572,9.108936,GCF_000011565___637,Negative,0.0001,0.012
-3.3031602,5.4309564,GCF_000011565___638,Negative,0.0003,0.0
-1.6724372,9.103867,GCF_000011565___639,Negative,0.0019,0.2173
-1.6394597,8.796766,GCF_000011565___640,Negative,0.0038,0.1653
-1.8182757,6.0340223,GCF_000011565___641,Negative,0.0257,0.0004
-1.7263538,5.983468,GCF_000011565___642,Negative,0.0286,0.0021
-0.06817278,5.846026,GCF_000011565___643,Inc-protein,0.9961,0.0008
6.1142006,12.913722,GCF_000011565___644,Negative,0.0,0.4052
-2.2243671,8.5147705,GCF_000011565___645,Negative,0.0003,0.0012
7.388128,12.232086,GCF_000011565___646,Negative,0.0,0.0064
7.246041,12.037641,GCF_000011565___647,Negative,0.0,0.0138
8.262535,14.310287,GCF_000011565___648,Negative,0.0,0.002
7.664627,12.882772,GCF_000011565___649,Negative,0.0001,0.0161
9.346767,11.240893,GCF_000011565___650,Negative,0.0001,0.0179
8.629876,11.506831,GCF_000011565___651,Negative,0.0002,0.0104
6.0010605,7.751462,GCF_000011565___652,Negative,0.0002,0.9706
7.937359,13.163732,GCF_000011565___653,Negative,0.0,0.005
5.999659,8.279762,GCF_000011565___654,Negative,0.0001,0.7533
6.9491615,6.450602,GCF_000011565___655,Negative,0.0002,0.9998
7.6043572,11.111657,GCF_000011565___656,Negative,0.0006,0.1545
8.535404,13.427419,GCF_000011565___657,Negative,0.0,0.0045
6.6918817,13.21308,GCF_000011565___658,Negative,0.0,0.0722
8.359839,12.493175,GCF_000011565___659,Negative,0.0001,0.0028
9.060767,12.873144,GCF_000011565___660,Negative,0.0,0.0065
7.182495,14.216282,GCF_000011565___661,Negative,0.0,0.0012
8.108393,13.220958,GCF_000011565___662,Negative,0.0,0.0013
8.03861,14.149471,GCF_000011565___663,Negative,0.0,0.0062
-0.8931736,8.924905,GCF_000011565___664,Negative,0.0011,0.9709
6.02926,11.398273,GCF_000011565___665,Negative,0.0001,0.6936
3.9006248,6.7298346,GCF_000011565___666,Negative,0.0,0.0011
4.3963566,6.0137787,GCF_000011565___667,Negative,0.0075,0.1129
8.534066,13.527332,GCF_000011565___668,Negative,0.0,0.0013
6.0711083,8.906901,GCF_000011565___669,Negative,0.0002,0.4966
-0.52131355,5.971975,GCF_000011565___670,Negative,0.7563,0.0
8.250312,13.230976,GCF_000011565___671,Negative,0.0001,0.0339
9.278932,13.486833,GCF_000011565___672,Negative,0.0,0.0001
4.35849,5.922866,GCF_000011565___673,Negative,0.0496,0.0588
5.1271033,7.293036,GCF_000011565___674,Negative,0.002,0.9027
8.082672,13.813785,GCF_000011565___675,Negative,0.0,0.0111
8.871039,14.396118,GCF_000011565___676,Negative,0.0,0.003
6.270315,11.097715,GCF_000011565___677,Negative,0.0,0.0071
4.0673995,6.969189,GCF_000011565___678,Negative,0.0001,0.009
8.0904665,14.43554,GCF_000011565___679,Negative,0.0,0.0177
8.246993,12.836958,GCF_000011565___680,Negative,0.0,0.014
6.986155,6.4358044,GCF_000011565___681,Negative,0.0,1.0
-1.6260325,9.612423,GCF_000011565___682,Negative,0.0008,0.0515
6.888793,6.618938,GCF_000011565___683,Negative,0.0001,0.9998
6.98851,13.359468,GCF_000011565___684,Negative,0.0,0.0444
-0.9518853,7.522726,GCF_000011565___685,Negative,0.0016,0.0243
6.1370187,13.07045,GCF_000011565___686,Negative,0.0,0.1426
-1.92028,5.960233,GCF_000011565___687,Negative,0.5684,0.0003
-3.1266055,5.7968574,GCF_000011565___688,Negative,0.0002,0.0
6.9688325,14.440488,GCF_000011565___689,Negative,0.0,0.0034
-3.0908415,5.8392453,GCF_000011565___690,Negative,0.0009,0.0
-3.1581826,5.782429,GCF_000011565___691,Negative,0.0007,0.0
-1.942834,5.2574186,GCF_000011565___692,Negative,0.3412,0.0007
9.300777,13.993087,GCF_000011565___693,Negative,0.0,0.0014
9.028456,14.498773,GCF_000011565___694,Negative,0.0,0.0016
8.117622,14.385786,GCF_000011565___695,Negative,0.0,0.0009
-0.27653027,8.418017,GCF_000011565___696,Negative,0.0013,0.8225
8.313621,14.068128,GCF_000011565___697,Negative,0.0,0.0026
6.5662227,12.649723,GCF_000011565___698,Negative,0.0001,0.298
7.4553547,12.873173,GCF_000011565___699,Negative,0.0004,0.0047
4.115991,6.542891,GCF_000011565___700,Negative,0.0001,0.1302
7.0397477,13.8368845,GCF_000011565___701,Negative,0.0,0.0628
-1.0175841,9.451411,GCF_000011565___702,Negative,0.0009,0.3132
7.635302,13.628135,GCF_000011565___703,Negative,0.0,0.022
7.5381536,6.3580995,GCF_000011565___704,Negative,0.0005,0.99
8.253752,14.0935135,GCF_000011565___705,Negative,0.0,0.0104
5.417515,7.930831,GCF_000011565___706,Negative,0.0004,0.4803
1.125494,5.6325912,GCF_000011565___707,Inc-protein,0.9299,0.0694
7.988778,5.845484,GCF_000011565___708,Negative,0.0002,0.9991
6.177319,12.350338,GCF_000011565___709,Negative,0.0001,0.8195
7.914099,12.095342,GCF_000011565___710,Negative,0.0,0.0065
9.366016,13.274888,GCF_000011565___711,Negative,0.0,0.0
8.531968,13.458485,GCF_000011565___712,Negative,0.0,0.0005
8.008782,14.070384,GCF_000011565___713,Negative,0.0,0.0028
6.5831175,11.877065,GCF_000011565___714,Negative,0.0001,0.1682
6.844402,12.434366,GCF_000011565___715,Negative,0.0001,0.1012
8.006656,8.792299,GCF_000011565___716,Negative,0.0001,0.0079
7.8041635,8.45354,GCF_000011565___717,Negative,0.0004,0.6543
7.960809,8.293269,GCF_000011565___718,Negative,0.0005,0.0891
3.8210542,6.658614,GCF_000011565___719,Negative,0.0,0.0016
4.0784793,5.8043947,GCF_000011565___720,Negative,0.0722,0.0326
7.929011,8.361732,GCF_000011565___721,Negative,0.0007,0.676
7.946553,8.246378,GCF_000011565___722,Negative,0.0007,0.802
7.8438983,8.060619,GCF_000011565___723,Negative,0.0002,0.9808
7.943057,8.043374,GCF_000011565___724,Negative,0.0002,0.8406
-3.097396,5.064054,GCF_000011565___725,Negative,0.0006,0.0
6.6173167,12.341287,GCF_000011565___726,Negative,0.0,0.1149
8.026676,13.046463,GCF_000011565___727,Negative,0.0002,0.0746
4.8595085,6.3898225,GCF_000011565___728,Negative,0.0002,0.443
-1.7775651,6.302661,GCF_000011565___729,Negative,0.041,0.0007
-1.6826613,8.950262,GCF_000011565___730,Negative,0.002,0.7855
8.396436,12.845491,GCF_000011565___731,Negative,0.0,0.0269
7.712097,14.6179285,GCF_000011565___732,Negative,0.0,0.0014
-1.6155525,6.581024,GCF_000011565___733,Negative,0.0031,0.0003
7.887551,12.861816,GCF_000011565___734,Negative,0.0004,0.033
4.9024515,6.2736406,GCF_000011565___735,Negative,0.0042,0.4347
8.033744,13.492587,GCF_000011565___736,Negative,0.0,0.0149
0.026327264,5.789621,GCF_000011565___737,Inc-protein,0.9832,0.0003
8.040578,5.2124853,GCF_000011565___738,Negative,0.0005,0.9995
8.293909,14.206165,GCF_000011565___739,Negative,0.0,0.0064
7.0265517,7.486296,GCF_000011565___740,Negative,0.0,0.9984
-0.60698426,6.553963,GCF_000011565___741,Negative,0.0246,0.0001
-0.69821274,6.4750175,GCF_000011565___742,Negative,0.4322,0.0001
7.0746446,7.460925,GCF_000011565___743,Negative,0.0,0.9994
6.9796395,7.6954603,GCF_000011565___744,Negative,0.0,0.9891
6.521751,7.5874343,GCF_000011565___745,Negative,0.0001,0.9977
7.001012,7.697099,GCF_000011565___746,Negative,0.0,0.9945
9.6785755,10.972532,GCF_000011565___747,Negative,0.0001,0.115
-0.56246275,8.796192,GCF_000011565___748,Negative,0.0013,0.8839
-1.862838,9.784415,GCF_000011565___749,Negative,0.0,0.5722
8.877782,14.6244335,GCF_000011565___750,Negative,0.0,0.0012
7.8677564,13.969986,GCF_000011565___751,Negative,0.0,0.0198
-1.0775787,8.951485,GCF_000011565___752,Negative,0.0009,0.9383
7.952806,6.791363,GCF_000011565___753,Negative,0.0016,0.9323
3.690248,6.910457,GCF_000011565___754,Negative,0.0,0.0006
7.0897727,14.491408,GCF_000011565___755,Negative,0.0,0.0073
6.3371925,9.767515,GCF_000011565___756,Negative,0.0009,0.5533
6.1451306,7.923726,GCF_000011565___757,Negative,0.0175,0.9101
8.151005,5.020409,GCF_000011565___758,Negative,0.0,0.9993
-3.0311508,5.2718196,GCF_000011565___759,Negative,0.0032,0.0
-1.8374515,5.3129625,GCF_000011565___760,Negative,0.4519,0.0006
0.9924749,5.735061,GCF_000011565___761,Inc-protein,0.994,0.0058
8.875889,13.014958,GCF_000011565___762,Negative,0.0,0.0051
7.2031345,13.8756895,GCF_000011565___763,Negative,0.0,0.0049
6.929683,7.232723,GCF_000011565___764,Negative,0.0002,0.9939
6.8337975,8.108816,GCF_000011565___765,Negative,0.0046,0.0445
4.413909,7.0383277,GCF_000011565___766,Negative,0.0001,0.1124
6.374019,13.263937,GCF_000011565___767,Negative,0.0,0.0477
6.833997,14.28158,GCF_000011565___768,Negative,0.0,0.0012
7.696338,12.134051,GCF_000011565___769,Negative,0.0,0.0005
6.6538725,11.608755,GCF_000011565___770,Negative,0.0002,0.1258
7.3109,12.595103,GCF_000011565___771,Negative,0.0,0.064
8.858193,12.515216,GCF_000011565___772,Negative,0.0,0.053
7.1937923,14.173555,GCF_000011565___773,Negative,0.0,0.007
5.9604754,7.180135,GCF_000011565___774,Negative,0.0001,0.9995
3.8296971,6.2073193,GCF_000011565___775,Negative,0.0007,0.0015
-2.8889277,5.2315454,GCF_000011565___776,Negative,0.0012,0.0
9.403029,14.17633,GCF_000011565___777,Negative,0.0,0.0011
8.082897,11.719229,GCF_000011565___778,Negative,0.0001,0.0731
4.4937363,6.4047956,GCF_000011565___779,Negative,0.0001,0.9056
9.086356,13.17785,GCF_000011565___780,Negative,0.0,0.0018
9.622858,13.9819,GCF_000011565___781,Negative,0.0,0.0005
-1.1081798,9.487791,GCF_000011565___782,Negative,0.0,0.3173
7.263964,5.2918444,GCF_000011565___783,Inc-protein,0.9952,0.0047
9.057468,13.826115,GCF_000011565___784,Negative,0.0,0.0007
-2.3576086,5.2047443,GCF_000011565___785,Negative,0.0072,0.0
-0.60562855,8.799505,GCF_000011565___786,Negative,0.0033,0.8343
-2.0222535,6.1941586,GCF_000011565___787,Negative,0.0937,0.0002
-0.050410777,5.8420835,GCF_000011565___788,Inc-protein,0.9975,0.0003
9.390282,13.151955,GCF_000011565___789,Negative,0.0,0.0028
7.5978646,13.670145,GCF_000011565___790,Negative,0.0,0.0459
5.4037895,7.763257,GCF_000011565___791,Negative,0.0001,0.9633
8.957399,14.237462,GCF_000011565___792,Negative,0.0,0.006
0.96215695,5.6134686,GCF_000011565___793,Inc-protein,0.8774,0.0499
4.0315447,6.047956,GCF_000011565___794,Negative,0.0,0.0383
7.504105,6.12561,GCF_000011565___795,Negative,0.0009,0.9955
7.018464,11.445939,GCF_000011565___796,Negative,0.0001,0.1082
8.5174265,13.335342,GCF_000011565___797,Negative,0.0,0.002
-0.8588789,9.201579,GCF_000011565___798,Negative,0.0007,0.9848
8.807435,13.760254,GCF_000011565___799,Negative,0.0,0.006
7.044096,11.202883,GCF_000011565___800,Negative,0.0005,0.5055
-3.2004905,5.350442,GCF_000011565___801,Negative,0.0005,0.0002
8.411787,14.6776085,GCF_000011565___802,Negative,0.0,0.0025
-2.736355,6.085707,GCF_000011565___803,Negative,0.0007,0.0
-3.116066,5.2926035,GCF_000011565___804,Negative,0.0009,0.0
9.666205,11.660476,GCF_000011565___805,Negative,0.0001,0.1491
6.8754206,9.006143,GCF_000011565___806,Negative,0.0031,0.7799
4.4730983,7.172939,GCF_000011565___807,Negative,0.0203,0.0774
6.8852577,10.188166,GCF_000011565___808,Negative,0.0,0.1787
9.268954,14.079974,GCF_000011565___809,Negative,0.0,0.0011
-2.470774,5.2436914,GCF_000011565___810,Negative,0.0232,0.0
6.4973145,10.901683,GCF_000011565___811,Negative,0.0002,0.3892
3.9234004,6.8692937,GCF_000011565___812,Negative,0.0,0.0001
9.6952915,11.187235,GCF_000011565___813,Negative,0.0324,0.0111
7.0370283,6.2990727,GCF_000011565___814,Negative,0.0,1.0
4.800995,7.615079,GCF_000011565___815,Negative,0.0011,0.4311
9.663473,11.679143,GCF_000011565___816,Negative,0.0003,0.0629
-2.3399053,5.5183334,GCF_000011565___817,Negative,0.0958,0.0
-1.091893,9.58695,GCF_000011565___818,Negative,0.0,0.0022
9.037879,13.881742,GCF_000011565___819,Negative,0.0,0.0007
9.442171,14.426479,GCF_000011565___820,Negative,0.0,0.0001
-1.8127403,6.363456,GCF_000011565___821,Negative,0.0405,0.0018
7.3678765,5.2745323,GCF_000011565___822,Inc-protein,0.9748,0.0252
0.5854061,5.7716436,GCF_000011565___823,Inc-protein,0.9737,0.016
6.685233,11.973875,GCF_000011565___824,Negative,0.0,0.0228
-3.0565572,5.4614286,GCF_000011565___825,Negative,0.0,0.0
8.93672,12.175489,GCF_000011565___826,Negative,0.0,0.0002
8.501955,14.710852,GCF_000011565___827,Negative,0.0,0.0
7.2504363,13.843276,GCF_000011565___828,Negative,0.0,0.0152
5.6404176,9.010397,GCF_000011565___829,Negative,0.0,0.1117
9.363774,14.092608,GCF_000011565___830,Negative,0.0,0.0011
-2.183125,5.393458,GCF_000011565___831,Negative,0.0357,0.0003
7.1790323,14.082565,GCF_000011565___832,Negative,0.0,0.0011
9.508161,13.897473,GCF_000011565___833,Negative,0.0,0.0004
8.051347,14.626786,GCF_000011565___834,Negative,0.0,0.0007
8.556904,14.231695,GCF_000011565___835,Negative,0.0,0.0008
6.9137015,12.896112,GCF_000011565___836,Negative,0.0006,0.0392
5.4135537,7.8256454,GCF_000011565___837,Negative,0.0594,0.9151
5.904755,7.3892307,GCF_000011565___838,Negative,0.0001,0.9974
9.864724,13.011959,GCF_000011565___839,Negative,0.0,0.0
5.91375,8.918406,GCF_000011565___840,Negative,0.0001,0.5954
6.496179,13.37219,GCF_000011565___841,Negative,0.0001,0.0799
4.630989,7.377832,GCF_000011565___842,Negative,0.0008,0.1486
5.855648,8.362384,GCF_000011565___843,Negative,0.0002,0.133
6.837835,11.40803,GCF_000011565___844,Negative,0.0005,0.0301
0.16539918,5.8602085,GCF_000011565___845,Inc-protein,0.9909,0.009
5.9171495,8.654473,GCF_000011565___846,Negative,0.0056,0.7125
-0.09423238,5.890039,GCF_000011565___847,Inc-protein,0.9875,0.0018
5.4078836,7.1599708,GCF_000011565___848,Negative,0.0001,0.9896
8.070736,5.1786113,GCF_000011565___849,Negative,0.017,0.9375
4.669253,6.891843,GCF_000011565___850,Negative,0.0002,0.2303
-1.7342054,9.395631,GCF_000011565___851,Negative,0.0001,0.1033
5.062025,7.2509108,GCF_000011565___852,Negative,0.0011,0.6686
8.356606,13.03478,GCF_000011565___853,Negative,0.0,0.0042
7.2134213,11.572636,GCF_000011565___854,Negative,0.0003,0.0191
9.751323,11.548635,GCF_000011565___855,Negative,0.0,0.0114
8.55668,10.902328,GCF_000011565___856,Negative,0.0001,0.0176
5.909677,7.239288,GCF_000011565___857,Negative,0.0001,0.9948
8.369109,12.802034,GCF_000011565___858,Negative,0.0,0.1847
3.9731345,6.7113914,GCF_000011565___859,Negative,0.0,0.0025
8.351618,12.963527,GCF_000011565___860,Negative,0.0,0.0522
3.751608,6.628527,GCF_000011565___861,Negative,0.0,0.0004
5.8880496,7.2770395,GCF_000011565___862,Negative,0.0039,0.9529
7.690115,12.471656,GCF_000011565___863,Negative,0.0001,0.0026
7.9315624,14.466028,GCF_000011565___864,Negative,0.0,0.0015
8.21893,11.228921,GCF_000011565___865,Negative,0.0,0.0078
7.398297,11.044765,GCF_000011565___866,Negative,0.0001,0.0609
7.439286,8.89592,GCF_000011565___867,Negative,0.0,0.5615
6.156837,12.831533,GCF_000011565___868,Negative,0.0,0.0718
7.312841,12.029824,GCF_000011565___869,Negative,0.0,0.0036
6.3342957,9.190505,GCF_000011565___870,Negative,0.0,0.7853
6.047265,7.1948175,GCF_000011565___871,Negative,0.0007,0.9954
7.8993335,14.809783,GCF_000011565___872,Negative,0.0,0.0004
9.344913,14.563725,GCF_000011565___873,Negative,0.0,0.0012
-1.1013867,7.0073123,GCF_000011565___874,Negative,0.004,0.0012
-2.6275396,6.0138063,GCF_000011565___875,Negative,0.0044,0.0
9.624355,10.93512,GCF_000011565___876,Negative,0.0002,0.0086
6.703927,7.5166516,GCF_000011565___877,Negative,0.0,0.9971
-1.5920618,9.550755,GCF_000011565___878,Negative,0.0005,0.4164
8.869432,13.656983,GCF_000011565___879,Negative,0.0,0.0013
-2.305675,5.775725,GCF_000011565___880,Negative,0.0038,0.0002
-2.4563727,5.789178,GCF_000011565___881,Negative,0.0012,0.0
-2.0060644,8.969256,GCF_000011565___882,Negative,0.0003,0.158
0.4028232,5.861616,GCF_000011565___883,Inc-protein,0.973,0.0046
-3.1960347,5.551465,GCF_000011565___884,Negative,0.0051,0.0
9.6514435,14.124116,GCF_000011565___885,Negative,0.0,0.0003
6.9099507,9.959052,GCF_000011565___886,Negative,0.0004,0.6669
7.7171144,12.173197,GCF_000011565___887,Negative,0.0,0.0855
-1.1857306,7.8278937,GCF_000011565___888,Negative,0.0005,0.1223
7.5505934,13.54268,GCF_000011565___889,Negative,0.0,0.019
6.470578,13.216434,GCF_000011565___890,Negative,0.0,0.014
9.385139,14.499282,GCF_000011565___891,Negative,0.0,0.0037
-1.3003964,8.888722,GCF_000011565___892,Negative,0.002,0.7128
-0.728707,8.988395,GCF_000011565___893,Negative,0.001,0.8984
0.51563877,5.7224026,GCF_000011565___894,Negative,0.6144,0.0085
8.119541,6.519792,GCF_000011565___895,Negative,0.0009,0.9934
8.208676,14.3182745,GCF_000011565___896,Negative,0.0,0.0035
8.362079,14.346398,GCF_000011565___897,Negative,0.0,0.0147
8.161795,14.156722,GCF_000011565___898,Negative,0.0,0.0023
8.161314,14.124561,GCF_000011565___899,Negative,0.0,0.0022
6.688492,11.29277,GCF_000011565___900,Negative,0.0001,0.061
-0.52074,8.143176,GCF_000011565___901,Negative,0.0386,0.6812
-1.6585224,8.473666,GCF_000011565___902,Negative,0.0023,0.1949
-1.6553904,5.447945,GCF_000011565___903,Negative,0.1657,0.0001
-2.843187,5.3323226,GCF_000011565___904,Negative,0.0044,0.0001
7.254429,6.113704,GCF_000011565___905,Negative,0.0196,0.9804
-2.2394397,5.249947,GCF_000011565___906,Negative,0.03,0.0
-1.8625827,5.2468576,GCF_000011565___907,Inc-protein,0.8325,0.0001
9.673135,10.772747,GCF_000011565___908,Negative,0.0001,0.0074
9.836253,11.745628,GCF_000011565___909,Negative,0.0,0.0006
6.9455657,12.413407,GCF_000011565___910,Negative,0.0,0.0329
7.3294883,5.97182,GCF_000011565___911,Negative,0.0059,0.9912
6.617864,12.464483,GCF_000011565___912,Negative,0.0,0.0468
6.6733675,11.484176,GCF_000011565___913,Negative,0.0001,0.6878
-2.8251579,5.798018,GCF_000011565___914,Negative,0.0015,0.0
-2.1357634,8.9517355,GCF_000011565___915,Negative,0.0,0.0115
-0.4741744,5.9653673,GCF_000011565___916,Negative,0.344,0.0008
-0.9204159,9.169014,GCF_000011565___917,Negative,0.0001,0.9915
-2.660558,6.226436,GCF_000011565___918,Negative,0.0008,0.0
-1.6200694,6.7214537,GCF_000011565___919,Negative,0.0275,0.0201
-2.170732,5.0590205,GCF_000011565___920,Negative,0.0242,0.0
-3.0965877,5.419661,GCF_000011565___921,Negative,0.0011,0.0
-1.6631593,9.590424,GCF_000011565___922,Negative,0.0001,0.5018
7.028094,11.887606,GCF_000011565___923,Negative,0.0,0.0244
8.465201,13.778405,GCF_000011565___924,Negative,0.0,0.0022
8.178969,11.580168,GCF_000011565___925,Negative,0.0,0.0166
6.881506,11.714352,GCF_000011565___926,Negative,0.0004,0.014
0.121605285,5.848919,GCF_000011565___927,Inc-protein,0.9979,0.0019
6.119091,12.439331,GCF_000011565___928,Negative,0.0005,0.2785
1.0618628,5.576412,GCF_000011565___929,Inc-protein,0.9254,0.0494
-0.13574058,5.896303,GCF_000011565___930,Inc-protein,0.8956,0.0164
1.1488264,5.615438,GCF_000011565___931,Inc-protein,0.8709,0.1228
-2.4497492,5.618818,GCF_000011565___932,Negative,0.0142,0.0006
7.5873647,13.128981,GCF_000011565___933,Negative,0.0,0.0436
7.9609075,13.146718,GCF_000011565___934,Negative,0.0,0.0731
7.121336,14.523334,GCF_000011565___935,Negative,0.0,0.0013
6.250587,10.243218,GCF_000011565___936,Negative,0.0003,0.8509
9.632835,13.986211,GCF_000011565___937,Negative,0.0,0.0001
6.643331,12.482765,GCF_000011565___938,Negative,0.0,0.1266
7.570628,13.59849,GCF_000011565___939,Negative,0.0,0.0138
-1.6470525,7.874658,GCF_000011565___940,Negative,0.0023,0.0006
3.6389847,6.854723,GCF_000011565___941,Negative,0.0031,0.1001
-1.8072265,9.89364,GCF_000011565___942,Negative,0.0,0.9242
-2.1809883,5.079935,GCF_000011565___943,Negative,0.0394,0.0001
6.6658792,13.419429,GCF_000011565___944,Negative,0.0001,0.0463
-1.9285958,9.027993,GCF_000011565___945,Negative,0.0002,0.1676
-0.65931344,8.989899,GCF_000011565___946,Negative,0.0004,0.8808
-1.2938402,9.401406,GCF_000011565___947,Negative,0.013,0.8818
-0.97907686,9.387753,GCF_000011565___948,Negative,0.0019,0.8044
-1.1985608,9.085191,GCF_000011565___949,Negative,0.0017,0.6581
6.71842,12.870745,GCF_000011565___950,Negative,0.0,0.0023
7.3068132,14.239001,GCF_000011565___951,Negative,0.0,0.0048
8.379251,13.562995,GCF_000011565___952,Negative,0.0,0.0034
7.987812,14.422249,GCF_000011565___953,Negative,0.0,0.0006
9.535021,11.864595,GCF_000011565___954,Negative,0.0,0.0265
7.61152,9.5966625,GCF_000011565___955,Negative,0.0029,0.1317
7.8579597,7.6913157,GCF_000011565___956,Negative,0.0,0.9661
8.6411915,13.571138,GCF_000011565___957,Negative,0.0,0.0014
-3.0394006,5.4290123,GCF_000011565___958,Negative,0.0006,0.0
6.467639,13.93967,GCF_000011565___959,Negative,0.0,0.0284
9.568979,13.799257,GCF_000011565___960,Negative,0.0,0.0007
7.3229985,13.103982,GCF_000011565___961,Negative,0.0,0.0367
5.435672,7.509812,GCF_000011565___962,Negative,0.0001,0.9832
8.777143,11.080652,GCF_000011565___963,Negative,0.0003,0.0323
-2.4647577,6.2505507,GCF_000011565___964,Negative,0.0087,0.0
-1.207786,9.496757,GCF_000011565___965,Negative,0.0002,0.0215
9.821471,13.705137,GCF_000011565___966,Negative,0.0,0.0037
7.74077,8.112682,GCF_000011565___967,Negative,0.0,0.7516
4.8250465,6.2168946,GCF_000011565___968,Negative,0.0021,0.9038
5.163186,7.6260724,GCF_000011565___969,Negative,0.0005,0.8971
6.473929,8.348146,GCF_000011565___970,Negative,0.0001,0.9984
4.195576,6.537581,GCF_000011565___971,Negative,0.0,0.0109
9.595792,10.840539,GCF_000011565___972,Negative,0.0005,0.0018
8.712153,14.129823,GCF_000011565___973,Negative,0.0,0.0009
8.046278,14.308163,GCF_000011565___974,Negative,0.0,0.0068
7.448479,13.468419,GCF_000011565___975,Negative,0.0,0.0096
6.7943015,13.75466,GCF_000011565___976,Negative,0.0,0.0001
-1.3756162,9.279051,GCF_000011565___977,Negative,0.0003,0.2345
7.807831,7.60515,GCF_000011565___978,Negative,0.0001,0.9944
4.015315,5.989425,GCF_000011565___979,Negative,0.0002,0.0226
6.657578,12.609981,GCF_000011565___980,Negative,0.0002,0.0174
-2.4889152,5.299827,GCF_000011565___981,Negative,0.0432,0.0
-2.8306665,5.943758,GCF_000011565___982,Negative,0.0013,0.0001
6.1520844,9.000847,GCF_000011565___983,Negative,0.0,0.4767
-1.295216,8.711208,GCF_000011565___984,Negative,0.0,0.0037
5.9880047,7.822248,GCF_000011565___985,Negative,0.0005,0.9659
7.526515,11.793338,GCF_000011565___986,Negative,0.0007,0.0053
9.670288,11.487496,GCF_000011565___987,Negative,0.0001,0.0133
5.5304155,7.3891587,GCF_000011565___988,Negative,0.0066,0.8866
6.6531725,11.042137,GCF_000011565___989,Negative,0.0003,0.1823
7.611,11.123429,GCF_000011565___990,Negative,0.0008,0.0839
4.14073,6.626379,GCF_000011565___991,Negative,0.0001,0.0591
8.325199,5.8397365,GCF_000011565___992,Negative,0.0007,0.9946
8.215787,6.1596603,GCF_000011565___993,Negative,0.0006,0.9935
9.416517,11.437473,GCF_000011565___994,Negative,0.0002,0.0044
8.369995,11.691805,GCF_000011565___995,Negative,0.0,0.0006
7.838419,11.122341,GCF_000011565___996,Negative,0.0009,0.0168
7.3452225,11.968153,GCF_000011565___997,Negative,0.0,0.0019
7.3628845,8.122999,GCF_000011565___998,Negative,0.0002,0.0738
9.826051,11.491638,GCF_000011565___999,Negative,0.0,0.0052
7.4253955,11.782821,GCF_000011565___1000,Negative,0.0003,0.0119
5.588518,7.7702956,GCF_000011565___1001,Negative,0.0012,0.812
6.2282343,8.342022,GCF_000011565___1002,Negative,0.0006,0.1388
4.541468,7.3378186,GCF_000011565___1003,Negative,0.0006,0.0126
9.48241,10.764152,GCF_000011565___1004,Negative,0.0003,0.5613
7.607675,11.891818,GCF_000011565___1005,Negative,0.0002,0.001
9.756708,11.458239,GCF_000011565___1006,Negative,0.0,0.017
7.17724,6.185707,GCF_000011565___1007,Negative,0.0005,0.9994
7.4852705,5.985047,GCF_000011565___1008,Negative,0.0003,0.9997
8.868854,14.620758,GCF_000011565___1009,Negative,0.0,0.0003
7.493335,12.74437,GCF_000011565___1010,Negative,0.0,0.0366
9.756651,11.204526,GCF_000011565___1011,Negative,0.0,0.0003
9.278698,11.351895,GCF_000011565___1012,Negative,0.0,0.0272
7.656039,9.624078,GCF_000011565___1013,Negative,0.0204,0.7875
4.8408995,6.9959435,GCF_000011565___1014,Negative,0.0034,0.7746
7.904235,11.217317,GCF_000011565___1015,Negative,0.0007,0.0086
7.383614,11.624639,GCF_000011565___1016,Negative,0.0003,0.005
3.8712537,6.6233,GCF_000011565___1017,Negative,0.0,0.0003
4.756636,6.197451,GCF_000011565___1018,Negative,0.0232,0.511
9.101889,12.840969,GCF_000011565___1019,Negative,0.0,0.0093
6.395277,11.181433,GCF_000011565___1020,Negative,0.0,0.0088
4.901814,6.768206,GCF_000011565___1021,Negative,0.0002,0.8511
4.1080265,6.5884724,GCF_000011565___1022,Negative,0.0001,0.0215
8.332477,5.8539023,GCF_000011565___1023,Negative,0.0007,0.9846
9.4465,11.478518,GCF_000011565___1024,Negative,0.0,0.0057
4.938773,6.3035665,GCF_000011565___1025,Negative,0.0077,0.0378
7.425919,11.789864,GCF_000011565___1026,Negative,0.0007,0.0141
9.885623,11.508056,GCF_000011565___1027,Negative,0.0,0.0041
7.3046966,12.019516,GCF_000011565___1028,Negative,0.0,0.0027
8.359591,5.8006043,GCF_000011565___1029,Negative,0.0005,0.9952
8.117963,6.494824,GCF_000011565___1030,Negative,0.0015,0.9673
8.0703745,6.483892,GCF_000011565___1031,Negative,0.0004,0.9966
6.2126536,10.065993,GCF_000011565___1032,Negative,0.0003,0.5903
8.045377,14.755041,GCF_000011565___1033,Negative,0.0,0.0009
-0.46237427,8.57412,GCF_000011565___1034,Negative,0.0019,0.7011
4.4342895,6.038358,GCF_000011565___1035,Negative,0.0043,0.3482
5.2142344,6.0028625,GCF_000011565___1036,Negative,0.0065,0.9383
5.244362,6.007754,GCF_000011565___1037,Negative,0.0006,0.9954
3.6415274,6.915741,GCF_000011565___1038,Negative,0.0,0.0001
7.3147435,5.3333797,GCF_000011565___1039,Inc-protein,0.9023,0.0972
0.67318225,5.8959723,GCF_000011565___1040,Inc-protein,0.9564,0.0303
9.195785,14.191072,GCF_000011565___1041,Negative,0.0,0.001
7.348908,14.544897,GCF_000011565___1042,Negative,0.0,0.0021
6.4227557,13.886844,GCF_000011565___1043,Negative,0.0,0.0364
-2.4173276,5.8754153,GCF_000011565___1044,Negative,0.0195,0.0002
6.051182,7.467291,GCF_000011565___1045,Negative,0.0024,0.8926
6.767566,14.167712,GCF_000011565___1046,Negative,0.0,0.0208
8.912272,13.917213,GCF_000011565___1047,Negative,0.0,0.0048
6.4725475,12.263114,GCF_000011565___1048,Negative,0.0001,0.2794
3.8217099,6.004255,GCF_000011565___1049,Negative,0.0003,0.0004
-1.6840086,5.4424086,GCF_000011565___1050,Negative,0.1966,0.0003
-1.9646473,5.409167,GCF_000011565___1051,Negative,0.0951,0.0001
6.2447944,12.091953,GCF_000011565___1052,Negative,0.0001,0.1925
0.78325266,5.7794495,GCF_000011565___1053,Inc-protein,0.8116,0.177
4.7221756,6.751958,GCF_000011565___1054,Negative,0.0001,0.1595
4.7232485,6.597858,GCF_000011565___1055,Negative,0.0007,0.1327
6.3779483,11.208938,GCF_000011565___1056,Negative,0.0001,0.4058
-1.5572268,5.608359,GCF_000011565___1057,Negative,0.3747,0.0016
-2.1514468,5.2734237,GCF_000011565___1058,Negative,0.0174,0.0
7.4188337,8.816179,GCF_000011565___1059,Negative,0.0,0.6206
-1.9499223,8.949875,GCF_000011565___1060,Negative,0.0005,0.0964
-1.9687792,5.7879677,GCF_000011565___1061,Negative,0.0245,0.0
6.4812155,13.434379,GCF_000011565___1062,Negative,0.0001,0.0203
6.62086,12.409301,GCF_000011565___1063,Negative,0.0001,0.0105
6.883488,14.272985,GCF_000011565___1064,Negative,0.0,0.0031
-2.228428,6.259385,GCF_000011565___1065,Negative,0.0344,0.0002
9.642308,13.939904,GCF_000011565___1066,Negative,0.0,0.0002
4.2247677,6.725099,GCF_000011565___1067,Negative,0.0001,0.0727
6.4706473,8.270435,GCF_000011565___1068,Negative,0.0002,0.9971
9.645175,10.720119,GCF_000011565___1069,Negative,0.0073,0.1147
6.3340764,12.234675,GCF_000011565___1070,Negative,0.0002,0.4145
7.051245,14.44171,GCF_000011565___1071,Negative,0.0,0.0201
7.4133115,14.184741,GCF_000011565___1072,Negative,0.0,0.0623
-1.7604133,9.854706,GCF_000011565___1073,Negative,0.0001,0.9204
-1.7663363,9.789043,GCF_000011565___1074,Negative,0.0001,0.8843
6.3897824,13.214146,GCF_000011565___1075,Negative,0.0001,0.2726
7.244254,13.374985,GCF_000011565___1076,Negative,0.0,0.037
9.212712,12.896715,GCF_000011565___1077,Negative,0.0,0.0019
9.377834,13.313014,GCF_000011565___1078,Negative,0.0,0.0063
6.3206196,10.577134,GCF_000011565___1079,Negative,0.0001,0.1867
-1.6546326,9.678855,GCF_000011565___1080,Negative,0.0001,0.1958
8.577454,13.962835,GCF_000011565___1081,Negative,0.0,0.0048
6.3621535,13.413074,GCF_000011565___1082,Negative,0.0001,0.073
7.4186916,9.174085,GCF_000011565___1083,Negative,0.0,0.3855
-2.2418127,5.817701,GCF_000011565___1084,Negative,0.0124,0.0008
6.14053,11.434814,GCF_000011565___1085,Negative,0.0001,0.7079
-2.1378646,6.156523,GCF_000011565___1086,Negative,0.037,0.0005
8.182375,11.899279,GCF_000011565___1087,Negative,0.0,0.0017
7.8730097,11.30605,GCF_000011565___1088,Negative,0.0001,0.0484
4.0366063,5.8442726,GCF_000011565___1089,Negative,0.0009,0.0306
7.4769597,5.547768,GCF_000011565___1090,Negative,0.0437,0.9558
6.3646107,7.162855,GCF_000011565___1091,Negative,0.0001,0.9989
8.639338,13.5506935,GCF_000011565___1092,Negative,0.0,0.0097
8.2814045,14.002051,GCF_000011565___1093,Negative,0.0,0.022
8.195017,14.167528,GCF_000011565___1094,Negative,0.0,0.0323
-0.7529386,8.874212,GCF_000011565___1095,Negative,0.0014,0.9845
-1.7004158,5.9850817,GCF_000011565___1096,Negative,0.0596,0.0124
8.847641,11.943646,GCF_000011565___1097,Negative,0.0001,0.031
-2.0682633,6.6280284,GCF_000011565___1098,Negative,0.0033,0.0037
6.1176014,7.930904,GCF_000011565___1099,Negative,0.0002,0.9765
6.825157,13.516138,GCF_000011565___1100,Negative,0.0001,0.1689
7.4098477,6.023266,GCF_000011565___1101,Negative,0.0001,0.9999
4.741365,7.4985056,GCF_000011565___1102,Negative,0.0,0.4064
6.95909,14.411291,GCF_000011565___1103,Negative,0.0,0.0002
6.116356,11.390111,GCF_000011565___1104,Negative,0.0008,0.3308
4.998967,6.89983,GCF_000011565___1105,Negative,0.0004,0.7048
8.9238,14.739325,GCF_000011565___1106,Negative,0.0,0.0015
8.27129,13.401024,GCF_000011565___1107,Negative,0.0,0.0231
6.926284,11.584445,GCF_000011565___1108,Negative,0.0,0.0415
6.389915,9.746709,GCF_000011565___1109,Negative,0.0002,0.702
7.7403507,14.178007,GCF_000011565___1110,Negative,0.0,0.0311
-1.5032521,9.132024,GCF_000011565___1111,Negative,0.0003,0.5962
8.251208,14.20433,GCF_000011565___1112,Negative,0.0,0.002
5.9974136,7.802626,GCF_000011565___1113,Negative,0.0085,0.9096
6.994994,11.582982,GCF_000011565___1114,Negative,0.0001,0.045
7.512079,5.230528,GCF_000011565___1115,Inc-protein,0.9064,0.0936
8.177086,4.9064894,GCF_000011565___1116,Inc-protein,0.9371,0.0623
8.725516,13.548316,GCF_000011565___1117,Negative,0.0,0.0053
7.2402735,5.273113,GCF_000011565___1118,Inc-protein,0.9994,0.0006
-1.8063257,5.2927775,GCF_000011565___1119,Negative,0.1447,0.0003
9.341614,13.449132,GCF_000011565___1120,Negative,0.0,0.0005
6.8330903,9.213491,GCF_000011565___1121,Negative,0.0001,0.9589
8.730165,13.7737875,GCF_000011565___1122,Negative,0.0,0.0172
-1.9172624,8.904131,GCF_000011565___1123,Negative,0.0013,0.0606
-2.54562,5.54582,GCF_000011565___1124,Negative,0.002,0.0
6.2842426,13.6860485,GCF_000011565___1125,Negative,0.0001,0.1256
-1.7745757,8.816435,GCF_000011565___1126,Negative,0.0061,0.0772
7.012856,6.382223,GCF_000011565___1127,Negative,0.0001,0.9998
-3.0124674,5.0798774,GCF_000011565___1128,Negative,0.0057,0.0001
-0.91810244,6.8996677,GCF_000011565___1129,Negative,0.0056,0.0008
6.651694,6.8188543,GCF_000011565___1130,Negative,0.0001,0.9999
7.4109044,6.0194144,GCF_000011565___1131,Negative,0.0,0.9999
4.6623755,7.4049726,GCF_000011565___1132,Negative,0.0005,0.0024
-1.4215652,8.347879,GCF_000011565___1133,Negative,0.0034,0.1306
7.9278703,14.613922,GCF_000011565___1134,Negative,0.0,0.0022
-1.8192251,8.940238,GCF_000011565___1135,Negative,0.0072,0.2965
-1.2050459,9.059595,GCF_000011565___1136,Negative,0.0012,0.5804
6.563972,7.401304,GCF_000011565___1137,Negative,0.0,0.9994
6.0840316,7.569594,GCF_000011565___1138,Negative,0.0001,0.9944
7.3728843,7.834901,GCF_000011565___1139,Negative,0.0139,0.9179
-1.9335421,6.2745233,GCF_000011565___1140,Negative,0.1459,0.0006
5.0796676,7.9683056,GCF_000011565___1141,Negative,0.0,0.0526
7.220921,7.2515836,GCF_000011565___1142,Negative,0.0003,0.9867
8.010249,6.7068963,GCF_000011565___1143,Negative,0.0013,0.9673
8.402302,12.854635,GCF_000011565___1144,Negative,0.0001,0.1299
7.3489933,12.082947,GCF_000011565___1145,Negative,0.0,0.0121
7.4394317,8.142508,GCF_000011565___1146,Negative,0.0002,0.8574
7.162838,9.50106,GCF_000011565___1147,Negative,0.0282,0.8358
6.8788614,12.604303,GCF_000011565___1148,Negative,0.0006,0.1262
8.633005,13.205688,GCF_000011565___1149,Negative,0.0001,0.0027
4.1612086,6.7929835,GCF_000011565___1150,Negative,0.0001,0.022
-0.87574947,7.7872043,GCF_000011565___1151,Negative,0.0008,0.0577
9.657334,13.927309,GCF_000011565___1152,Negative,0.0,0.0021
3.9926074,5.8618407,GCF_000011565___1153,Negative,0.0014,0.0384
-1.7934577,9.569939,GCF_000011565___1154,Negative,0.0,0.45
5.5848083,8.532723,GCF_000011565___1155,Negative,0.0012,0.799
7.1023245,11.4940815,GCF_000011565___1156,Negative,0.0,0.0488
7.4516587,12.280109,GCF_000011565___1157,Negative,0.0001,0.0115
7.2011676,13.160617,GCF_000011565___1158,Negative,0.0,0.0684
6.7410274,12.072046,GCF_000011565___1159,Negative,0.0,0.0206
-1.6179326,8.205035,GCF_000011565___1160,Negative,0.0034,0.0043
-1.1470102,9.579396,GCF_000011565___1161,Negative,0.0001,0.0168
6.3276467,9.644354,GCF_000011565___1162,Negative,0.0003,0.6178
6.395773,13.098573,GCF_000011565___1163,Negative,0.0001,0.0179
6.877244,14.062953,GCF_000011565___1164,Negative,0.0,0.0059
-1.6638259,5.549346,GCF_000011565___1165,Negative,0.2633,0.0017
7.752491,14.634619,GCF_000011565___1166,Negative,0.0,0.0076
-1.04217,7.9041634,GCF_000011565___1167,Negative,0.0015,0.4761
5.9971747,8.728159,GCF_000011565___1168,Negative,0.0001,0.9835
7.4447074,12.077502,GCF_000011565___1169,Negative,0.0,0.0222
6.7260246,14.028244,GCF_000011565___1170,Negative,0.0,0.006
-1.8363605,9.50039,GCF_000011565___1171,Negative,0.0,0.0257
1.1874917,5.5717416,GCF_000011565___1172,Inc-protein,0.9669,0.0106
7.946257,14.293116,GCF_000011565___1173,Negative,0.0,0.003
-0.67925996,8.991834,GCF_000011565___1174,Negative,0.0042,0.6447
7.768671,14.656653,GCF_000011565___1175,Negative,0.0,0.0006
7.645206,12.657794,GCF_000011565___1176,Negative,0.0,0.0015
9.272953,13.069841,GCF_000011565___1177,Negative,0.0,0.0071
7.4616733,14.312961,GCF_000011565___1178,Negative,0.0,0.0669
8.566623,11.991201,GCF_000011565___1179,Negative,0.0,0.0078
9.536692,13.240746,GCF_000011565___1180,Negative,0.0,0.0005
7.7508087,14.528857,GCF_000011565___1181,Negative,0.0,0.0071
9.58059,11.752774,GCF_000011565___1182,Negative,0.0,0.0035
-1.799487,8.508661,GCF_000011565___1183,Negative,0.003,0.2602
-1.0975771,8.018461,GCF_000011565___1184,Negative,0.0309,0.4558
1.0360715,5.605799,GCF_000011565___1185,Inc-protein,0.9828,0.0035
1.0799605,5.6056175,GCF_000011565___1186,Inc-protein,0.9777,0.0188
-2.3504028,6.220266,GCF_000011565___1187,Negative,0.0191,0.0001
-2.516211,6.190519,GCF_000011565___1188,Negative,0.0013,0.0
-3.2071764,5.5922,GCF_000011565___1189,Negative,0.0019,0.0
-3.0584328,5.058841,GCF_000011565___1190,Negative,0.0027,0.0
-2.2319794,6.2362895,GCF_000011565___1191,Negative,0.0208,0.0
-2.562585,6.2145395,GCF_000011565___1192,Negative,0.0045,0.0
6.796061,6.6746035,GCF_000011565___1193,Negative,0.0,0.9999
9.800575,11.871678,GCF_000011565___1194,Negative,0.0,0.0004
9.673849,10.822466,GCF_000011565___1195,Negative,0.0001,0.0094
8.094378,6.520978,GCF_000011565___1196,Negative,0.0019,0.9777
9.483417,11.534024,GCF_000011565___1197,Negative,0.0,0.0068
9.844965,11.455479,GCF_000011565___1198,Negative,0.0,0.0248
9.711901,11.101737,GCF_000011565___1199,Negative,0.0,0.0571
9.396901,11.51227,GCF_000011565___1200,Negative,0.0004,0.0168
6.1049304,8.9456215,GCF_000011565___1201,Negative,0.0002,0.0479
6.0437713,8.945848,GCF_000011565___1202,Negative,0.0001,0.3945
7.2063775,12.825771,GCF_000011565___1203,Negative,0.0,0.0156
4.5233555,6.963952,GCF_000011565___1204,Negative,0.0003,0.181
6.8242927,6.6756735,GCF_000011565___1205,Negative,0.0,0.9996
7.900683,5.363347,GCF_000011565___1206,Negative,0.0002,0.9998
3.6593146,6.9310765,GCF_000011565___1207,Negative,0.0,0.0001
7.3980575,8.310016,GCF_000011565___1208,Negative,0.0007,0.925
5.57036,7.9210296,GCF_000011565___1209,Negative,0.0001,0.93
9.621825,10.731205,GCF_000011565___1210,Negative,0.0018,0.112
9.658691,10.7979765,GCF_000011565___1211,Negative,0.0001,0.0107
-2.1465273,6.1163354,GCF_000011565___1212,Negative,0.0097,0.0004
6.7736487,11.712492,GCF_000011565___1213,Negative,0.0002,0.0753
-1.5422829,7.8094177,GCF_000011565___1214,Negative,0.0001,0.0038
-1.6501998,8.752214,GCF_000011565___1215,Negative,0.0026,0.2387
-2.3608098,5.5667996,GCF_000011565___1216,Negative,0.0238,0.0
8.262685,14.178046,GCF_000011565___1217,Negative,0.0,0.0163
6.528039,8.77542,GCF_000011565___1218,Negative,0.0,0.223
5.5065928,7.3495765,GCF_000011565___1219,Negative,0.0016,0.9772
6.648741,6.828026,GCF_000011565___1220,Negative,0.0,1.0
7.5510135,14.097251,GCF_000011565___1221,Negative,0.0,0.0263
7.749402,13.683601,GCF_000011565___1222,Negative,0.0,0.0343
-1.0599334,6.972587,GCF_000011565___1223,Negative,0.0054,0.0015
6.7239943,13.763277,GCF_000011565___1224,Negative,0.0,0.0274
-0.686967,6.500571,GCF_000011565___1225,Negative,0.0717,0.0
7.4129457,6.0567856,GCF_000011565___1226,Negative,0.001,0.9974
7.4980736,6.339095,GCF_000011565___1227,Negative,0.0,0.9997
5.2991056,7.6613317,GCF_000011565___1228,Negative,0.0001,0.9721
5.9671087,9.0113945,GCF_000011565___1229,Negative,0.0013,0.5755
8.600968,13.700912,GCF_000011565___1230,Negative,0.0,0.0178
7.087263,12.341179,GCF_000011565___1231,Negative,0.0001,0.0565
7.7944093,13.815856,GCF_000011565___1232,Negative,0.0,0.0592
8.873998,14.212459,GCF_000011565___1233,Negative,0.0,0.0061
7.4609404,12.766424,GCF_000011565___1234,Negative,0.0,0.0032
7.79977,12.020979,GCF_000011565___1235,Negative,0.0,0.1083
6.9552464,12.4096365,GCF_000011565___1236,Negative,0.0001,0.0119
6.4804716,7.063158,GCF_000011565___1237,Negative,0.0001,0.9998
7.026565,13.143815,GCF_000011565___1238,Negative,0.0002,0.0402
7.2940955,13.764719,GCF_000011565___1239,Negative,0.0,0.0021
8.580933,13.830706,GCF_000011565___1240,Negative,0.0,0.0144
-1.5762193,7.2703724,GCF_000011565___1241,Negative,0.0014,0.0049
8.778536,13.169431,GCF_000011565___1242,Negative,0.0,0.0076
7.0976887,12.889075,GCF_000011565___1243,Negative,0.0002,0.0469
-2.7068853,5.243326,GCF_000011565___1244,Negative,0.0014,0.0
-1.0268672,7.6506968,GCF_000011565___1245,Negative,0.0001,0.0058
7.839636,13.835207,GCF_000011565___1246,Negative,0.0,0.0074
-2.7667036,5.739788,GCF_000011565___1247,Negative,0.0197,0.0004
6.3752666,12.887466,GCF_000011565___1248,Negative,0.0001,0.258
4.426105,6.0090804,GCF_000011565___1249,Negative,0.0103,0.1428
-2.4650285,5.7897954,GCF_000011565___1250,Negative,0.1143,0.0001
8.172715,5.033113,GCF_000011565___1251,Negative,0.0,0.9986
7.270922,14.655813,GCF_000011565___1252,Negative,0.0,0.0018
4.333002,6.383788,GCF_000011565___1253,Negative,0.0001,0.1683
9.204022,12.882241,GCF_000011565___1254,Negative,0.0,0.0061
5.0636587,6.995777,GCF_000011565___1255,Negative,0.0011,0.7157
-2.8504202,5.261721,GCF_000011565___1256,Negative,0.0029,0.0001
8.278121,13.45893,GCF_000011565___1257,Negative,0.0,0.0072
8.995784,13.483125,GCF_000011565___1258,Negative,0.0,0.0001
8.246533,12.240552,GCF_000011565___1259,Negative,0.0,0.0131
7.9934983,9.950774,GCF_000011565___1260,Negative,0.0005,0.304
8.147449,14.661073,GCF_000011565___1261,Negative,0.0,0.0017
7.219775,13.438492,GCF_000011565___1262,Negative,0.0,0.0277
7.4025574,12.083641,GCF_000011565___1263,Negative,0.0002,0.0075
-1.681339,5.4808946,GCF_000011565___1264,Negative,0.0396,0.0037
-2.3698668,6.0545015,GCF_000011565___1265,Negative,0.0037,0.0003
6.116079,13.309577,GCF_000011565___1266,Negative,0.0001,0.0301
-2.2211654,5.091028,GCF_000011565___1267,Negative,0.0194,0.0
-2.1653311,5.2117224,GCF_000011565___1268,Negative,0.0015,0.0
6.521327,13.395852,GCF_000011565___1269,Negative,0.0001,0.0785
7.5487056,7.1046305,GCF_000011565___1270,Negative,0.0008,0.9512
6.4200406,7.1959796,GCF_000011565___1271,Negative,0.0211,0.9782
8.496958,10.756376,GCF_000011565___1272,Negative,0.0029,0.1392
4.048286,6.774944,GCF_000011565___1273,Negative,0.0001,0.0014
7.942331,6.6701,GCF_000011565___1274,Negative,0.0004,0.9886
9.6467,10.776155,GCF_000011565___1275,Negative,0.0001,0.0829
8.000308,6.4673314,GCF_000011565___1276,Negative,0.0003,0.9983
9.379169,11.262424,GCF_000011565___1277,Negative,0.0001,0.0059
8.569292,11.566993,GCF_000011565___1278,Negative,0.0001,0.007
7.8863726,6.4307613,GCF_000011565___1279,Negative,0.0003,0.9994
4.5501204,6.858659,GCF_000011565___1280,Negative,0.0398,0.605
4.117641,6.64114,GCF_000011565___1281,Negative,0.0,0.1854
8.00228,13.598429,GCF_000011565___1282,Negative,0.0,0.0249
6.231118,10.085936,GCF_000011565___1283,Negative,0.0002,0.7719
4.0010853,6.8722653,GCF_000011565___1284,Negative,0.0,0.0043
6.814375,14.220393,GCF_000011565___1285,Negative,0.0,0.0659
7.6334643,13.766565,GCF_000011565___1286,Negative,0.0,0.0147
7.3456836,5.274206,GCF_000011565___1287,Inc-protein,0.9996,0.0004
-2.0022054,9.042243,GCF_000011565___1288,Negative,0.0001,0.0212
6.8807955,6.546756,GCF_000011565___1289,Negative,0.0003,0.9997
-1.6190972,8.6766615,GCF_000011565___1290,Negative,0.002,0.1723
-1.1521844,9.022955,GCF_000011565___1291,Negative,0.0014,0.7371
-2.2789037,5.614677,GCF_000011565___1292,Negative,0.0685,0.0
9.424554,14.3286495,GCF_000011565___1293,Negative,0.0,0.0009
8.207813,14.340692,GCF_000011565___1294,Negative,0.0,0.008
6.751432,13.460383,GCF_000011565___1295,Negative,0.0001,0.0087
6.962971,13.171187,GCF_000011565___1296,Negative,0.0,0.0035
0.6208633,5.8307,GCF_000011565___1297,Negative,0.7788,0.1069
9.282995,14.008465,GCF_000011565___1298,Negative,0.0,0.0027
5.4812193,6.8231955,GCF_000011565___1299,Negative,0.0011,0.2918
-2.8774366,5.8532047,GCF_000011565___1300,Negative,0.0007,0.0
9.431201,14.388577,GCF_000011565___1301,Negative,0.0,0.0019
9.5001135,14.043791,GCF_000011565___1302,Negative,0.0,0.0274
6.1259003,13.066889,GCF_000011565___1303,Negative,0.0,0.2014
7.0166435,10.864114,GCF_000011565___1304,Negative,0.0011,0.5232
8.160396,13.005937,GCF_000011565___1305,Negative,0.0001,0.0163
-2.4492252,6.294078,GCF_000011565___1306,Negative,0.0114,0.0
7.3275895,13.333216,GCF_000011565___1307,Negative,0.0,0.015
7.592839,12.981835,GCF_000011565___1308,Negative,0.0003,0.0052
6.802782,14.158494,GCF_000011565___1309,Negative,0.0,0.0141
9.286582,12.765738,GCF_000011565___1310,Negative,0.0,0.0012
7.466377,10.727353,GCF_000011565___1311,Negative,0.0,0.0082
7.0196595,14.221273,GCF_000011565___1312,Negative,0.0,0.0058
9.088804,13.623703,GCF_000011565___1313,Negative,0.0,0.0031
4.4214168,6.1602798,GCF_000011565___1314,Negative,0.0035,0.1409
6.455623,11.567535,GCF_000011565___1315,Negative,0.0008,0.3789
-3.3627312,5.568924,GCF_000011565___1316,Negative,0.0001,0.0
5.804719,7.6141605,GCF_000011565___1317,Negative,0.0024,0.918
9.6619835,10.948992,GCF_000011565___1318,Negative,0.0001,0.086
8.484882,13.666719,GCF_000011565___1319,Negative,0.0,0.0007
6.219738,13.618469,GCF_000011565___1320,Negative,0.0,0.0378
0.09748357,5.825587,GCF_000011565___1321,Inc-protein,0.9874,0.0028
7.5358825,14.324235,GCF_000011565___1322,Negative,0.0,0.0271
8.332234,11.934787,GCF_000011565___1323,Negative,0.0,0.0017
6.791963,11.693713,GCF_000011565___1324,Negative,0.0002,0.2915
6.2330356,11.960335,GCF_000011565___1325,Negative,0.0,0.0901
9.406613,13.1219015,GCF_000011565___1326,Negative,0.0,0.0004
-2.48989,6.200056,GCF_000011565___1327,Negative,0.0057,0.0001
-2.4336224,5.560023,GCF_000011565___1328,Negative,0.0137,0.0
8.047271,12.846079,GCF_000011565___1329,Negative,0.0023,0.0507
6.728514,12.092588,GCF_000011565___1330,Negative,0.0001,0.142
6.539125,13.863675,GCF_000011565___1331,Negative,0.0,0.0371
-1.9013795,9.166035,GCF_000011565___1332,Negative,0.0002,0.0297
9.020703,13.845048,GCF_000011565___1333,Negative,0.0,0.0004
6.498275,8.326105,GCF_000011565___1334,Negative,0.0003,0.9949
4.9782667,6.696588,GCF_000011565___1335,Negative,0.0004,0.651
-1.7784777,5.623718,GCF_000011565___1336,Negative,0.1877,0.0039
7.324182,13.154359,GCF_000011565___1337,Negative,0.0003,0.1289
6.272087,9.956271,GCF_000011565___1338,Negative,0.0005,0.3271
7.621321,6.5484657,GCF_000011565___1339,Negative,0.0002,0.9975
7.1715217,6.353154,GCF_000011565___1340,Negative,0.0,0.9999
9.319702,14.525027,GCF_000011565___1341,Negative,0.0,0.0016
7.697823,14.025307,GCF_000011565___1342,Negative,0.0,0.0072
4.1330633,5.994038,GCF_000011565___1343,Negative,0.0011,0.0192
9.463254,10.976593,GCF_000011565___1344,Negative,0.0,0.017
-1.6654384,8.189634,GCF_000011565___1345,Negative,0.0004,0.002
6.83981,6.6687036,GCF_000011565___1346,Negative,0.0,0.9995
7.526473,5.8092313,GCF_000011565___1347,Negative,0.0001,0.9999
4.074474,5.9360094,GCF_000011565___1348,Negative,0.0056,0.0853
5.8196335,7.405501,GCF_000011565___1349,Negative,0.0031,0.9788
7.8008327,11.452892,GCF_000011565___1350,Negative,0.0,0.2166
7.4306,11.675219,GCF_000011565___1351,Negative,0.0,0.6041
7.5586834,12.92631,GCF_000011565___1352,Negative,0.0,0.1496
7.801637,13.923322,GCF_000011565___1353,Negative,0.0,0.0246
7.524538,5.891212,GCF_000011565___1354,Negative,0.0004,0.9995
7.16812,12.965487,GCF_000011565___1355,Negative,0.0,0.0115
6.666228,11.985887,GCF_000011565___1356,Negative,0.0,0.0186
7.957528,13.7833605,GCF_000011565___1357,Negative,0.0,0.0061
9.075976,13.671333,GCF_000011565___1358,Negative,0.0,0.0003
6.932596,12.183238,GCF_000011565___1359,Negative,0.0001,0.1631
4.3275104,6.0219007,GCF_000011565___1360,Negative,0.0037,0.0881
-0.81159,8.437264,GCF_000011565___1361,Negative,0.0031,0.3273
9.547305,13.901569,GCF_000011565___1362,Negative,0.0,0.0071
8.062538,14.203001,GCF_000011565___1363,Negative,0.0,0.0006
7.6574955,13.960294,GCF_000011565___1364,Negative,0.0,0.0299
6.2767825,11.465591,GCF_000011565___1365,Negative,0.0002,0.4824
9.598716,13.654491,GCF_000011565___1366,Negative,0.0,0.0004
9.536848,13.149589,GCF_000011565___1367,Negative,0.0,0.0012
6.172938,9.442293,GCF_000011565___1368,Negative,0.0001,0.9392
6.100802,9.290243,GCF_000011565___1369,Negative,0.0001,0.8406
8.224105,4.948644,GCF_000011565___1370,Negative,0.0005,0.9988
8.225801,4.957193,GCF_000011565___1371,Negative,0.0025,0.729
8.272351,4.8817163,GCF_000011565___1372,Negative,0.0032,0.8654
8.207342,4.987137,GCF_000011565___1373,Negative,0.0018,0.9297
7.043839,11.468644,GCF_000011565___1374,Negative,0.0,0.0483
8.257313,4.8887796,GCF_000011565___1375,Negative,0.1352,0.7892
7.1545796,11.394804,GCF_000011565___1376,Negative,0.0,0.0185
8.291391,4.8743453,GCF_000011565___1377,Negative,0.0,0.9948
6.026412,7.19583,GCF_000011565___1378,Negative,0.0014,0.998
8.132613,4.9806037,GCF_000011565___1379,Negative,0.4588,0.5402
6.3435016,9.774249,GCF_000011565___1380,Negative,0.0002,0.3399
-1.5542873,7.5202303,GCF_000011565___1381,Negative,0.0058,0.1719
5.3811126,7.3511,GCF_000011565___1382,Negative,0.0161,0.9362
6.9003778,9.152052,GCF_000011565___1383,Negative,0.0011,0.8264
8.089317,11.630532,GCF_000011565___1384,Negative,0.0,0.0609
8.22245,5.0028334,GCF_000011565___1385,Negative,0.0018,0.1034
8.343765,5.8458204,GCF_000011565___1386,Negative,0.0007,0.9975
7.8477206,12.395449,GCF_000011565___1387,Negative,0.0,0.016
7.6490693,12.615208,GCF_000011565___1388,Negative,0.0037,0.077
8.130344,5.224584,GCF_000011565___1389,Negative,0.0,0.9993
6.2471247,10.027299,GCF_000011565___1390,Negative,0.0002,0.8008
6.2899046,10.302048,GCF_000011565___1391,Negative,0.0,0.9773
9.839819,11.697324,GCF_000011565___1392,Negative,0.0,0.0018
9.645184,10.761644,GCF_000011565___1393,Negative,0.0001,0.0066
4.719126,7.466355,GCF_000011565___1394,Negative,0.0001,0.0281
5.243722,8.037204,GCF_000011565___1395,Negative,0.0016,0.7992
7.527752,10.827957,GCF_000011565___1396,Negative,0.0,0.0113
6.6762514,12.394893,GCF_000011565___1397,Negative,0.0001,0.068
6.3884573,8.553852,GCF_000011565___1398,Negative,0.0004,0.2723
4.6653957,7.3944664,GCF_000011565___1399,Negative,0.0104,0.1241
5.020598,7.291129,GCF_000011565___1400,Negative,0.0001,0.3817
8.503147,12.793622,GCF_000011565___1401,Negative,0.0,0.007
7.291121,11.579396,GCF_000011565___1402,Negative,0.0,0.0031
6.3728538,7.380643,GCF_000011565___1403,Negative,0.0018,0.4212
6.89693,10.212663,GCF_000011565___1404,Negative,0.0001,0.0231
6.4061074,10.88767,GCF_000011565___1405,Negative,0.0,0.8389
6.6492143,7.475522,GCF_000011565___1406,Negative,0.0008,0.9965
6.6651635,7.030286,GCF_000011565___1407,Negative,0.0,1.0
7.907582,7.6038322,GCF_000011565___1408,Negative,0.0001,0.8325
7.984387,9.949757,GCF_000011565___1409,Negative,0.0005,0.3291
6.7048655,6.8304267,GCF_000011565___1410,Negative,0.0001,0.9995
3.7334993,6.4973874,GCF_000011565___1411,Negative,0.0003,0.0006
-2.157606,6.0466137,GCF_000011565___1412,Negative,0.0019,0.0004
-1.974811,6.1387095,GCF_000011565___1413,Negative,0.1342,0.0
-2.0033143,6.537259,GCF_000011565___1414,Negative,0.0002,0.0001
-1.6375697,8.958322,GCF_000011565___1415,Negative,0.0,0.0596
-1.7029315,6.842557,GCF_000011565___1416,Negative,0.0016,0.0007
-1.2768757,8.794574,GCF_000011565___1417,Negative,0.0009,0.0282
7.6082015,9.595711,GCF_000011565___1418,Negative,0.0015,0.8306
9.71114,11.228365,GCF_000011565___1419,Negative,0.0,0.0001
5.86871,8.850214,GCF_000011565___1420,Negative,0.0003,0.0977
-1.2676276,8.767977,GCF_000011565___1421,Negative,0.0,0.043
6.8574734,12.684582,GCF_000011565___1422,Negative,0.0002,0.08
7.340314,11.676465,GCF_000011565___1423,Negative,0.0004,0.0129
-1.8861024,8.957516,GCF_000011565___1424,Negative,0.0,0.0412
-1.6779937,8.95828,GCF_000011565___1425,Negative,0.0,0.0293
5.937874,8.42425,GCF_000011565___1426,Negative,0.0003,0.0827
-0.4629973,8.736718,GCF_000011565___1427,Negative,0.0009,0.9868
9.39467,11.844529,GCF_000011565___1428,Negative,0.0,0.0006
-1.492966,8.902563,GCF_000011565___1429,Negative,0.0,0.1652
-1.6816322,9.437088,GCF_000011565___1430,Negative,0.0,0.0332
-3.1637096,5.6581364,GCF_000011565___1431,Negative,0.0005,0.0019
-2.1390526,5.9471393,GCF_000011565___1432,Negative,0.0479,0.0019
7.631594,10.983597,GCF_000011565___1433,Negative,0.0024,0.0589
7.306628,11.639114,GCF_000011565___1434,Negative,0.0002,0.0051
7.1368537,10.97979,GCF_000011565___1435,Negative,0.0003,0.0524
8.130631,12.77032,GCF_000011565___1436,Negative,0.0,0.0595
8.530489,12.785655,GCF_000011565___1437,Negative,0.0001,0.0034
4.1190963,7.2275763,GCF_000011565___1438,Negative,0.0009,0.034
-1.7839979,9.100033,GCF_000011565___1439,Negative,0.0001,0.0229
-0.5778859,8.864672,GCF_000011565___1440,Negative,0.0019,0.9783
6.9963675,6.375148,GCF_000011565___1441,Negative,0.0005,0.9995
4.141776,6.039033,GCF_000011565___1442,Negative,0.0006,0.0056
-1.9356794,5.204585,GCF_000011565___1443,Negative,0.2641,0.0002
-0.25088638,8.526138,GCF_000011565___1444,Negative,0.0118,0.7831
4.0170164,7.231705,GCF_000011565___1445,Negative,0.0,0.0002
8.289804,11.545557,GCF_000011565___1446,Negative,0.0001,0.0044
3.869108,6.0569043,GCF_000011565___1447,Negative,0.0,0.0075
6.4546504,8.453333,GCF_000011565___1448,Negative,0.0003,0.9938
9.0736475,12.845683,GCF_000011565___1449,Negative,0.0,0.011
6.4185433,11.141755,GCF_000011565___1450,Negative,0.0,0.0088
5.0808396,6.92986,GCF_000011565___1451,Negative,0.0,0.9774
-1.7375164,9.366237,GCF_000011565___1452,Negative,0.0511,0.7242
3.8181853,6.486713,GCF_000011565___1453,Negative,0.0045,0.0041
3.9700959,6.574999,GCF_000011565___1454,Negative,0.0,0.011
7.547935,11.656356,GCF_000011565___1455,Negative,0.0,0.0012
7.5465603,7.0515375,GCF_000011565___1456,Negative,0.0004,0.9933
7.9883027,9.955008,GCF_000011565___1457,Negative,0.0005,0.304
5.563165,7.447618,GCF_000011565___1458,Negative,0.0001,0.9948
7.3192453,6.0692368,GCF_000011565___1459,Negative,0.0005,0.9995
4.807734,6.260207,GCF_000011565___1460,Negative,0.0085,0.5692
-0.68656415,6.6233835,GCF_000011565___1461,Negative,0.0322,0.0
8.683107,13.42601,GCF_000011565___1462,Negative,0.0,0.0008
9.738181,11.770759,GCF_000011565___1463,Negative,0.0,0.0016
6.302413,11.033759,GCF_000011565___1464,Negative,0.0001,0.0435
9.093319,12.826226,GCF_000011565___1465,Negative,0.0001,0.0055
4.060458,5.9138045,GCF_000011565___1466,Negative,0.0152,0.0244
-1.3015536,9.028308,GCF_000011565___1467,Negative,0.0024,0.2974
-1.6305312,8.668813,GCF_000011565___1468,Negative,0.0346,0.1917
7.129115,9.548118,GCF_000011565___1469,Negative,0.0003,0.0442
-1.9074732,5.339109,GCF_000011565___1470,Negative,0.0427,0.0017
8.067535,13.25447,GCF_000011565___1471,Negative,0.0,0.004
7.1644554,5.872375,GCF_000011565___1472,Negative,0.4923,0.5066
-1.9265724,5.320448,GCF_000011565___1473,Negative,0.0306,0.0005
6.920063,13.413851,GCF_000011565___1474,Negative,0.0,0.8204
8.600255,13.868157,GCF_000011565___1475,Negative,0.0,0.0166
9.26509,14.466346,GCF_000011565___1476,Negative,0.0,0.0031
7.3304896,13.043014,GCF_000011565___1477,Negative,0.0,0.3459
8.037253,14.061579,GCF_000011565___1478,Negative,0.0001,0.0092
-1.6358869,9.7712,GCF_000011565___1479,Negative,0.0001,0.162
6.570236,13.675236,GCF_000011565___1480,Negative,0.0,0.0087
8.2545185,4.8952827,GCF_000011565___1481,Negative,0.0068,0.9884
9.648294,10.916883,GCF_000011565___1482,Negative,0.0001,0.086
8.049995,6.6698833,GCF_000011565___1483,Negative,0.0005,0.9663
6.8566766,13.8535185,GCF_000011565___1484,Negative,0.0,0.0566
6.396462,13.362601,GCF_000011565___1485,Negative,0.0,0.1302
6.869371,11.558013,GCF_000011565___1486,Negative,0.0004,0.0413
9.699044,13.417347,GCF_000011565___1487,Negative,0.0,0.0006
5.6592064,8.085978,GCF_000011565___1488,Negative,0.0011,0.9698
7.9585624,11.607828,GCF_000011565___1489,Negative,0.0001,0.1152
-1.6559793,8.73705,GCF_000011565___1490,Negative,0.002,0.3033
-2.8943493,5.4443727,GCF_000011565___1491,Negative,0.0005,0.0
-2.0799932,5.289898,GCF_000011565___1492,Negative,0.0164,0.0003
8.975251,13.72074,GCF_000011565___1493,Negative,0.0,0.0003
8.9746895,13.682497,GCF_000011565___1494,Negative,0.0,0.007
7.8168473,6.8653684,GCF_000011565___1495,Negative,0.0006,0.9842
7.7888446,6.81647,GCF_000011565___1496,Negative,0.0008,0.9941
7.8012037,8.028641,GCF_000011565___1497,Negative,0.0043,0.1456
8.005715,6.570497,GCF_000011565___1498,Negative,0.0005,0.993
9.36113,13.178394,GCF_000011565___1499,Negative,0.0,0.0042
6.5065813,13.26214,GCF_000011565___1500,Negative,0.0001,0.3455
8.61277,14.756365,GCF_000011565___1501,Negative,0.0,0.0002
9.12198,14.265064,GCF_000011565___1502,Negative,0.0,0.0005
9.743584,11.137964,GCF_000011565___1503,Negative,0.0,0.0021
9.84159,11.561153,GCF_000011565___1504,Negative,0.0,0.0028
6.6542654,7.4964595,GCF_000011565___1505,Negative,0.0,0.9975
7.5562825,6.4814734,GCF_000011565___1506,Negative,0.0,0.992
7.844623,7.700253,GCF_000011565___1507,Negative,0.0004,0.4598
9.452288,11.48651,GCF_000011565___1508,Negative,0.0005,0.0065
7.8730283,13.788621,GCF_000011565___1509,Negative,0.0,0.0042
-1.4964031,9.08105,GCF_000011565___1510,Negative,0.0003,0.2332
7.5897336,14.190727,GCF_000011565___1511,Negative,0.0,0.017
-2.837836,5.1339107,GCF_000011565___1512,Negative,0.0019,0.0004
7.0229983,11.462645,GCF_000011565___1513,Negative,0.0,0.3199
7.3924336,6.025307,GCF_000011565___1514,Negative,0.0002,0.9998
8.029479,12.416647,GCF_000011565___1515,Negative,0.0,0.0012
4.342546,6.421915,GCF_000011565___1516,Negative,0.0002,0.5821
9.0042095,12.617276,GCF_000011565___1517,Negative,0.0,0.0004
6.800195,14.302558,GCF_000011565___1518,Negative,0.0,0.0017
-2.4300869,5.784882,GCF_000011565___1519,Negative,0.0137,0.0011
-2.2825382,5.365038,GCF_000011565___1520,Negative,0.0132,0.0
8.527565,13.333574,GCF_000011565___1521,Negative,0.0,0.0019
9.018072,13.980978,GCF_000011565___1522,Negative,0.0,0.0116
-1.7128733,9.382764,GCF_000011565___1523,Negative,0.0023,0.4858
-0.9113141,8.981666,GCF_000011565___1524,Negative,0.0008,0.9352
7.293461,5.293889,GCF_000011565___1525,Inc-protein,0.9845,0.0155
6.4145584,9.841976,GCF_000011565___1526,Negative,0.0001,0.161
6.1365166,7.4892,GCF_000011565___1527,Negative,0.0009,0.9979
-2.0314012,5.9951487,GCF_000011565___1528,Negative,0.0456,0.0008
7.225731,14.147812,GCF_000011565___1529,Negative,0.0,0.0303
6.8388705,8.204231,GCF_000011565___1530,Negative,0.0001,0.835
-1.0500836,8.907803,GCF_000011565___1531,Negative,0.0003,0.9753
-1.9497026,5.37672,GCF_000011565___1532,Negative,0.1362,0.0006
6.05487,13.613965,GCF_000011565___1533,Negative,0.0001,0.0001
-1.4843161,6.656773,GCF_000011565___1534,Negative,0.0532,0.0026
-1.3313018,6.1925473,GCF_000011565___1535,Negative,0.2815,0.0001
4.4025745,5.9477506,GCF_000011565___1536,Negative,0.104,0.0872
5.216165,6.0037766,GCF_000011565___1537,Negative,0.0065,0.9383
5.2662916,5.977216,GCF_000011565___1538,Negative,0.0006,0.9954
3.6488135,6.9456024,GCF_000011565___1539,Negative,0.0,0.0001
-1.4647815,9.537754,GCF_000011565___1540,Negative,0.0001,0.747
-1.156627,9.592276,GCF_000011565___1541,Negative,0.0002,0.4592
7.8651,14.453319,GCF_000011565___1542,Negative,0.0,0.0427
8.745869,13.931391,GCF_000011565___1543,Negative,0.0,0.0017
1.0151606,5.815078,GCF_000011565___1544,Inc-protein,0.8389,0.1597
7.253616,13.453498,GCF_000011565___1545,Negative,0.0,0.0047
-1.1405035,9.604272,GCF_000011565___1546,Negative,0.0002,0.095
8.663245,11.57954,GCF_000011565___1547,Negative,0.0002,0.0048
7.8209796,7.9941225,GCF_000011565___1548,Negative,0.0001,0.4847
7.433804,7.3225203,GCF_000011565___1549,Negative,0.0002,0.9173
4.975552,6.2227635,GCF_000011565___1550,Negative,0.0406,0.9311
8.088904,6.699641,GCF_000011565___1551,Negative,0.0015,0.9785
8.077279,14.550834,GCF_000011565___1552,Negative,0.0,0.0016
7.761233,12.386236,GCF_000011565___1553,Negative,0.0,0.01
6.946608,13.965258,GCF_000011565___1554,Negative,0.0,0.0323
7.494241,13.075607,GCF_000011565___1555,Negative,0.0,0.0343
8.630281,13.868034,GCF_000011565___1556,Negative,0.0,0.004
8.008747,13.351452,GCF_000011565___1557,Negative,0.0,0.0882
6.889501,12.503463,GCF_000011565___1558,Negative,0.0,0.0449
9.529957,13.791953,GCF_000011565___1559,Negative,0.0,0.0003
-2.567534,6.089725,GCF_000011565___1560,Negative,0.0399,0.0
5.3799295,6.882503,GCF_000011565___1561,Negative,0.007,0.9154
7.6387806,13.611588,GCF_000011565___1562,Negative,0.0,0.0214
-0.6974213,8.958583,GCF_000011565___1563,Negative,0.0017,0.8423
9.451287,13.640795,GCF_000011565___1564,Negative,0.0,0.0008
7.7063274,13.084328,GCF_000011565___1565,Negative,0.0,0.0103
-1.9163052,6.366803,GCF_000011565___1566,Negative,0.014,0.0013
-1.5220286,8.827883,GCF_000011565___1567,Negative,0.0026,0.1805
-0.6659337,9.000897,GCF_000011565___1568,Negative,0.0017,0.9253
-0.52638966,8.791042,GCF_000011565___1569,Negative,0.0189,0.8663
8.090407,12.75292,GCF_000011565___1570,Negative,0.0,0.0025
6.191714,8.920021,GCF_000011565___1571,Negative,0.0002,0.0557
7.1209626,14.270392,GCF_000011565___1572,Negative,0.0,0.0106
9.658188,13.874242,GCF_000011565___1573,Negative,0.0,0.0011
7.050529,14.318008,GCF_000011565___1574,Negative,0.0,0.0042
7.5979533,12.205451,GCF_000011565___1575,Negative,0.0,0.0039
9.160429,13.551673,GCF_000011565___1576,Negative,0.0,0.0002
6.9318795,11.089756,GCF_000011565___1577,Negative,0.0,0.0279
9.367688,13.932023,GCF_000011565___1578,Negative,0.0,0.0015
6.5505705,11.876689,GCF_000011565___1579,Negative,0.0,0.0072
7.529382,14.584644,GCF_000011565___1580,Negative,0.0,0.0011
7.3572617,12.463381,GCF_000011565___1581,Negative,0.0001,0.1235
-2.2801287,5.4854326,GCF_000011565___1582,Negative,0.027,0.0
-2.61557,5.126848,GCF_000011565___1583,Negative,0.0157,0.0001
6.9126296,11.938959,GCF_000011565___1584,Negative,0.0,0.0789
-1.3899901,9.090511,GCF_000011565___1585,Negative,0.001,0.4721
8.021749,13.905738,GCF_000011565___1586,Negative,0.0,0.0167
7.4932513,5.7627974,GCF_000011565___1587,Negative,0.0397,0.9603
6.0107574,13.183793,GCF_000011565___1588,Negative,0.0001,0.0681
9.601797,13.239572,GCF_000011565___1589,Negative,0.0,0.0
9.010524,12.291809,GCF_000011565___1590,Negative,0.0,0.001
8.772186,13.289959,GCF_000011565___1591,Negative,0.0,0.0018
-1.8836848,5.715981,GCF_000011565___1592,Negative,0.4018,0.0028
7.172138,10.612857,GCF_000011565___1593,Negative,0.0003,0.0591
-1.5719824,5.6694283,GCF_000011565___1594,Negative,0.5552,0.0001
6.437804,8.43214,GCF_000011565___1595,Negative,0.0001,0.997
7.2554297,6.2960014,GCF_000011565___1596,Negative,0.0001,0.9998
9.781402,11.261286,GCF_000011565___1597,Negative,0.0,0.0011
7.4306083,7.1074104,GCF_000011565___1598,Negative,0.0003,0.9917
7.375179,6.0151534,GCF_000011565___1599,Negative,0.0002,0.9998
9.588119,11.744228,GCF_000011565___1600,Negative,0.0,0.0084
9.485539,11.023491,GCF_000011565___1601,Negative,0.0012,0.0162
6.8132334,14.204153,GCF_000011565___1602,Negative,0.0,0.0043
6.8919387,13.963387,GCF_000011565___1603,Negative,0.0,0.0025
0.36852822,5.7768803,GCF_000011565___1604,Negative,0.5327,0.4425
6.226705,13.095099,GCF_000011565___1605,Negative,0.0001,0.0958
7.8010674,14.456875,GCF_000011565___1606,Negative,0.0,0.0005
6.6401825,13.530083,GCF_000011565___1607,Negative,0.0,0.0168
7.1112947,13.969369,GCF_000011565___1608,Negative,0.0,0.0267
-0.37265772,6.0007644,GCF_000011565___1609,Inc-protein,0.8825,0.0019
0.8676099,5.7625203,GCF_000011565___1610,Inc-protein,0.9956,0.004
-3.1679888,5.4227667,GCF_000011565___1611,Negative,0.001,0.0
-3.2426765,5.5199847,GCF_000011565___1612,Negative,0.0015,0.0
7.842424,14.539599,GCF_000011565___1613,Negative,0.0,0.0014
-1.482126,6.235156,GCF_000011565___1614,Negative,0.2548,0.0005
6.3604064,13.850974,GCF_000011565___1615,Negative,0.0,0.0751
5.9514804,7.200646,GCF_000011565___1616,Negative,0.0,0.9999
8.226207,14.084775,GCF_000011565___1617,Negative,0.0,0.0036
9.440988,11.132762,GCF_000011565___1618,Negative,0.0003,0.1861
6.027865,7.8440433,GCF_000011565___1619,Negative,0.0007,0.8549
7.055942,6.3422523,GCF_000011565___1620,Negative,0.0004,0.9994
9.632661,10.793322,GCF_000011565___1621,Negative,0.0012,0.4233
3.9562547,5.9690638,GCF_000011565___1622,Negative,0.0046,0.0006
8.896693,13.837575,GCF_000011565___1623,Negative,0.0,0.0011
-1.6586702,5.818186,GCF_000011565___1624,Negative,0.2281,0.0007
5.8796754,7.1892924,GCF_000011565___1625,Negative,0.0,0.9996
-2.0553124,5.33254,GCF_000011565___1626,Negative,0.144,0.0001
4.0959725,5.9200525,GCF_000011565___1627,Negative,0.0083,0.0105
6.4406805,10.374788,GCF_000011565___1628,Negative,0.0,0.9346
6.2521067,11.16659,GCF_000011565___1629,Negative,0.0001,0.0951
9.755538,11.139907,GCF_000011565___1630,Negative,0.0001,0.0115
7.234653,7.259356,GCF_000011565___1631,Negative,0.0001,0.9954
7.097838,6.2814164,GCF_000011565___1632,Negative,0.003,0.9969
8.47528,13.772244,GCF_000011565___1633,Negative,0.0001,0.0072
7.8217335,7.528552,GCF_000011565___1634,Negative,0.0,0.9912
-2.8704286,5.1122284,GCF_000011565___1635,Negative,0.0008,0.0
-3.0019736,5.239097,GCF_000011565___1636,Negative,0.003,0.0001
6.6898265,14.159071,GCF_000011565___1637,Negative,0.0,0.0593
-0.55903,8.713929,GCF_000011565___1638,Negative,0.0026,0.9493
9.332011,14.538767,GCF_000011565___1639,Negative,0.0,0.0033
0.5246184,5.9984136,GCF_000011565___1640,Negative,0.303,0.0745
6.3084745,13.904692,GCF_000011565___1641,Negative,0.0001,0.0745
4.186558,7.207805,GCF_000011565___1642,Negative,0.0005,0.1029
7.7139497,6.9725065,GCF_000011565___1643,Negative,0.001,0.9563
7.126917,12.890236,GCF_000011565___1644,Negative,0.0,0.0121
8.584648,12.678705,GCF_000011565___1645,Negative,0.0,0.001
7.435091,13.821295,GCF_000011565___1646,Negative,0.0001,0.0208
8.684139,12.752491,GCF_000011565___1647,Negative,0.0,0.0123
6.0706377,13.058445,GCF_000011565___1648,Negative,0.0001,0.2135
-1.9061229,5.491307,GCF_000011565___1649,Negative,0.2373,0.0
-2.296367,5.0024114,GCF_000011565___1650,Negative,0.0089,0.0
-2.9877312,5.520506,GCF_000011565___1651,Negative,0.0028,0.0
-1.8101625,6.22731,GCF_000011565___1652,Negative,0.0843,0.0008
-2.35144,6.1062765,GCF_000011565___1653,Negative,0.0253,0.0
-2.5156589,5.052343,GCF_000011565___1654,Negative,0.0048,0.0
-3.082557,5.631736,GCF_000011565___1655,Negative,0.0255,0.0004
7.191568,11.940403,GCF_000011565___1656,Negative,0.0099,0.1305
7.491582,12.158583,GCF_000011565___1657,Negative,0.0,0.0253
7.907633,12.293195,GCF_000011565___1658,Negative,0.0,0.0222
5.2517858,7.4858174,GCF_000011565___1659,Negative,0.0002,0.9938
6.282739,11.067478,GCF_000011565___1660,Negative,0.0001,0.1444
-1.4254209,9.140873,GCF_000011565___1661,Negative,0.0007,0.8996
-1.0987018,9.413318,GCF_000011565___1662,Negative,0.0042,0.1022
-0.7180686,8.914478,GCF_000011565___1663,Negative,0.0032,0.742
-1.0144004,9.39852,GCF_000011565___1664,Negative,0.023,0.6803
-1.2733656,9.428884,GCF_000011565___1665,Negative,0.0023,0.0456
7.993363,9.952993,GCF_000011565___1666,Negative,0.0005,0.304
5.73076,7.2955966,GCF_000011565___1667,Negative,0.0014,0.9965
6.1940374,8.778301,GCF_000011565___1668,Negative,0.0002,0.9655
7.746211,13.877975,GCF_000011565___1669,Negative,0.0,0.0144
-0.40065095,8.736168,GCF_000011565___1670,Negative,0.0014,0.9984
-0.84954816,7.8371153,GCF_000011565___1671,Negative,0.001,0.2246
8.077157,5.1595902,GCF_000011565___1672,Negative,0.0001,0.9992
9.245496,14.516885,GCF_000011565___1673,Negative,0.0,0.0018
7.4034147,13.932822,GCF_000011565___1674,Negative,0.0,0.0595
-2.5314968,5.5173464,GCF_000011565___1675,Negative,0.0466,0.0
-1.6850551,6.1875563,GCF_000011565___1676,Negative,0.0514,0.0005
6.799048,13.605398,GCF_000011565___1677,Negative,0.0001,0.0155
-0.7180363,8.985432,GCF_000011565___1678,Negative,0.002,0.9744
9.268682,14.30047,GCF_000011565___1679,Negative,0.0,0.0062
-1.6958784,8.945003,GCF_000011565___1680,Negative,0.0019,0.552
6.3961143,8.393764,GCF_000011565___1681,Negative,0.003,0.7549
5.760364,8.857253,GCF_000011565___1682,Negative,0.0001,0.7703
7.2439766,12.721914,GCF_000011565___1683,Negative,0.0,0.0422
6.0861635,13.077305,GCF_000011565___1684,Negative,0.0001,0.2018
4.1236186,5.9361577,GCF_000011565___1685,Negative,0.0033,0.0146
8.775673,13.085963,GCF_000011565___1686,Negative,0.0001,0.0014
6.8505754,13.433773,GCF_000011565___1687,Negative,0.0001,0.0194
-1.0405452,6.092728,GCF_000011565___1688,Negative,0.5064,0.0006
-1.7693756,5.383516,GCF_000011565___1689,Negative,0.3943,0.0004
8.406766,14.684092,GCF_000011565___1690,Negative,0.0,0.0009
-1.8490374,8.560883,GCF_000011565___1691,Negative,0.0008,0.004
9.274932,13.794495,GCF_000011565___1692,Negative,0.0,0.0005
0.9890039,5.6081214,GCF_000011565___1693,Inc-protein,0.9947,0.0025
-2.5842738,5.7280316,GCF_000011565___1694,Negative,0.0048,0.0001
8.104199,5.1536775,GCF_000011565___1695,Negative,0.0,1.0
6.6355896,11.276287,GCF_000011565___1696,Negative,0.0,0.1024
8.436851,12.038331,GCF_000011565___1697,Negative,0.0,0.0022
8.255019,13.239603,GCF_000011565___1698,Negative,0.0,0.0129
9.206761,14.22506,GCF_000011565___1699,Negative,0.0,0.0015
-0.7776277,6.761213,GCF_000011565___1700,Negative,0.0221,0.0
-1.1211901,7.005429,GCF_000011565___1701,Negative,0.018,0.0018
3.804413,6.8006325,GCF_000011565___1702,Negative,0.0,0.0012
6.988428,13.817865,GCF_000011565___1703,Negative,0.0001,0.0074
-1.8484153,8.878331,GCF_000011565___1704,Negative,0.0008,0.0592
-1.5691183,8.965808,GCF_000011565___1705,Negative,0.001,0.24
7.857346,11.832326,GCF_000011565___1706,Negative,0.0002,0.1647
6.785854,7.290372,GCF_000011565___1707,Negative,0.002,0.9957
7.28652,5.2875805,GCF_000011565___1708,Inc-protein,0.9996,0.0004
8.051575,14.056504,GCF_000011565___1709,Negative,0.0,0.0055
9.239061,13.717168,GCF_000011565___1710,Negative,0.0,0.0002
8.799675,14.284824,GCF_000011565___1711,Negative,0.0001,0.0021
-2.5236907,5.3853874,GCF_000011565___1712,Negative,0.0037,0.0
8.163138,14.624868,GCF_000011565___1713,Negative,0.0,0.0023
-0.3011594,8.360642,GCF_000011565___1714,Negative,0.0014,0.1833
-1.9111577,5.193261,GCF_000011565___1715,Negative,0.155,0.0001
-2.1587813,5.4785028,GCF_000011565___1716,Negative,0.5407,0.0001
-2.8375576,5.5635033,GCF_000011565___1717,Negative,0.0145,0.0001
5.0550323,7.9570355,GCF_000011565___1718,Negative,0.007,0.4763
0.75595766,5.7906094,GCF_000011565___1719,Inc-protein,0.9765,0.0186
8.120842,5.1267056,GCF_000011565___1720,Negative,0.0001,0.9997
8.180485,5.031759,GCF_000011565___1721,Negative,0.0,0.9986
6.0238028,7.7329655,GCF_000011565___1722,Negative,0.0019,0.989
8.110887,5.1263733,GCF_000011565___1723,Negative,0.0,0.9999
4.7830615,7.1730647,GCF_000011565___1724,Negative,0.0013,0.1648
9.085115,14.560019,GCF_000011565___1725,Negative,0.0,0.0046
-1.72206,8.518314,GCF_000011565___1726,Negative,0.001,0.0081
-1.1798731,7.8135138,GCF_000011565___1727,Negative,0.0023,0.0146
0.34892112,5.7679653,GCF_000011565___1728,Inc-protein,0.8098,0.0547
-2.3000493,5.467182,GCF_000011565___1729,Negative,0.0073,0.0002
8.891578,13.612196,GCF_000011565___1730,Negative,0.0,0.0023
-1.5495121,7.5888367,GCF_000011565___1731,Negative,0.0003,0.0012
6.6416955,12.350008,GCF_000011565___1732,Negative,0.0008,0.0267
8.1947565,13.561694,GCF_000011565___1733,Negative,0.0,0.0031
8.593829,13.314906,GCF_000011565___1734,Negative,0.0,0.0002
7.978685,13.857479,GCF_000011565___1735,Negative,0.0,0.0047
-1.7319891,8.878512,GCF_000011565___1736,Negative,0.0008,0.2264
8.0083475,13.983453,GCF_000011565___1737,Negative,0.0,0.0286
7.7943416,14.37298,GCF_000011565___1738,Negative,0.0,0.0124
5.5540595,8.165648,GCF_000011565___1739,Negative,0.0051,0.8715
7.678472,13.892502,GCF_000011565___1740,Negative,0.0,0.0085
8.11551,5.1159286,GCF_000011565___1741,Negative,0.0002,0.9998
7.045918,14.165933,GCF_000011565___1742,Negative,0.0,0.0083
6.9654975,12.716963,GCF_000011565___1743,Negative,0.0,0.0336
6.724066,13.851784,GCF_000011565___1744,Negative,0.0,0.004
-0.87123173,7.2464485,GCF_000011565___1745,Negative,0.0149,0.003
7.179993,13.93437,GCF_000011565___1746,Negative,0.0,0.0876
-1.2289226,5.7377653,GCF_000011565___1747,Inc-protein,0.927,0.0012
8.129682,11.97534,GCF_000011565___1748,Negative,0.0,0.0058
9.133274,14.61795,GCF_000011565___1749,Negative,0.0,0.0027
7.0511494,9.287569,GCF_000011565___1750,Negative,0.0,0.0058
7.429445,8.9565935,GCF_000011565___1751,Negative,0.0,0.7866
5.2043366,6.029978,GCF_000011565___1752,Negative,0.0065,0.9383
5.229226,6.0116105,GCF_000011565___1753,Negative,0.0006,0.9954
3.7211246,6.9557357,GCF_000011565___1754,Negative,0.0,0.0005
4.542746,5.980112,GCF_000011565___1755,Negative,0.0398,0.9027
7.4792833,6.4231067,GCF_000011565___1756,Negative,0.0,0.9979
0.5636858,5.65487,GCF_000011565___1757,Inc-protein,0.934,0.0027
-0.028830485,5.8526974,GCF_000011565___1758,Inc-protein,0.9954,0.0
7.328034,13.894845,GCF_000011565___1759,Negative,0.0,0.0118
8.443669,13.947533,GCF_000011565___1760,Negative,0.0,0.005
6.8484855,12.130316,GCF_000011565___1761,Negative,0.0,0.2738
-2.7914922,5.230042,GCF_000011565___1762,Negative,0.004,0.0
7.035033,12.557722,GCF_000011565___1763,Negative,0.003,0.0018
9.337664,13.313457,GCF_000011565___1764,Negative,0.0,0.0081
8.227807,13.871379,GCF_000011565___1765,Negative,0.0,0.003
-0.39285412,5.9374003,GCF_000011565___1766,Inc-protein,0.9523,0.0022
6.8244095,12.002476,GCF_000011565___1767,Negative,0.0,0.0015
6.4535737,13.808775,GCF_000011565___1768,Negative,0.0,0.0167
6.4367604,13.8177,GCF_000011565___1769,Negative,0.0,0.0267
-1.5005355,8.6131115,GCF_000011565___1770,Negative,0.0001,0.027
4.831738,7.419817,GCF_000011565___1771,Negative,0.0004,0.5771
-2.9073648,5.890854,GCF_000011565___1772,Negative,0.0001,0.0
8.475526,11.846465,GCF_000011565___1773,Negative,0.0,0.001
7.2843766,13.575518,GCF_000011565___1774,Negative,0.0,0.0348
8.329586,14.449265,GCF_000011565___1775,Negative,0.0,0.0085
3.737123,6.263278,GCF_000011565___1776,Negative,0.0001,0.0002
7.4325786,12.341042,GCF_000011565___1777,Negative,0.0,0.027
1.1047399,5.6488,GCF_000011565___1778,Inc-protein,0.9077,0.0912
8.93793,13.688188,GCF_000011565___1779,Negative,0.0,0.0066
6.8219495,10.148985,GCF_000011565___1780,Negative,0.0,0.0426
-1.7212055,8.669156,GCF_000011565___1781,Negative,0.0063,0.3775
6.7365494,13.738451,GCF_000011565___1782,Negative,0.0,0.0079
-2.4294803,5.1860957,GCF_000011565___1783,Negative,0.0029,0.0002
-1.0454463,9.35155,GCF_000011565___1784,Negative,0.0026,0.1858
-2.0596294,6.0466814,GCF_000011565___1785,Negative,0.0069,0.0016
7.326277,12.819652,GCF_000011565___1786,Negative,0.0,0.0296
6.0538282,7.2341833,GCF_000011565___1787,Negative,0.0038,0.9406
7.572643,10.977105,GCF_000011565___1788,Negative,0.0001,0.1222
6.6479044,11.813037,GCF_000011565___1789,Negative,0.0001,0.1285
5.9539533,8.588521,GCF_000011565___1790,Negative,0.0001,0.9349
6.2064066,12.390559,GCF_000011565___1791,Negative,0.0001,0.4906
6.99346,6.4748855,GCF_000011565___1792,Negative,0.0,0.9996
4.140355,7.0091352,GCF_000011565___1793,Negative,0.0001,0.0362
9.82272,12.695497,GCF_000011565___1794,Negative,0.0,0.0003
4.2696176,7.0271096,GCF_000011565___1795,Negative,0.0002,0.0361
4.605428,6.5700874,GCF_000011565___1796,Negative,0.0,0.0422
8.53422,14.55461,GCF_000011565___1797,Negative,0.0,0.0019
-0.69692105,8.862543,GCF_000011565___1798,Negative,0.0017,0.8374
-2.4531484,5.4217563,GCF_000011565___1799,Negative,0.0134,0.0002
-1.9422816,6.2399507,GCF_000011565___1800,Negative,0.018,0.0002
-1.8827497,9.406881,GCF_000011565___1801,Negative,0.0,0.0363
-1.7512556,8.957031,GCF_000011565___1802,Negative,0.001,0.2786
7.504273,10.711202,GCF_000011565___1803,Negative,0.0,0.1799
6.3534923,8.091042,GCF_000011565___1804,Negative,0.0004,0.9093
-1.863397,9.031541,GCF_000011565___1805,Negative,0.0002,0.566
7.140336,14.248458,GCF_000011565___1806,Negative,0.0,0.0012
-2.1823041,8.968224,GCF_000011565___1807,Negative,0.0001,0.0569
7.42396,14.102595,GCF_000011565___1808,Negative,0.0,0.0117
8.140175,6.376064,GCF_000011565___1809,Negative,0.0015,0.9884
8.195978,13.572954,GCF_000011565___1810,Negative,0.0,0.0904
8.70813,14.039528,GCF_000011565___1811,Negative,0.0,0.0067
8.357259,13.242859,GCF_000011565___1812,Negative,0.0,0.0139
7.8368363,7.7716975,GCF_000011565___1813,Negative,0.0002,0.8556
-2.194117,6.2537045,GCF_000011565___1814,Negative,0.0392,0.0
6.6329923,14.194472,GCF_000011565___1815,Negative,0.0,0.0012
8.758951,14.600967,GCF_000011565___1816,Negative,0.0,0.001
-1.9002172,6.248,GCF_000011565___1817,Negative,0.0242,0.0002
8.693999,12.445645,GCF_000011565___1818,Negative,0.0,0.0006
8.78934,13.745918,GCF_000011565___1819,Negative,0.0,0.0096
-2.9628832,5.8042297,GCF_000011565___1820,Negative,0.0028,0.0
7.184874,13.111545,GCF_000011565___1821,Negative,0.0001,0.0162
-3.167432,5.3658924,GCF_000011565___1822,Negative,0.002,0.0002
-1.893771,5.373985,GCF_000011565___1823,Negative,0.1761,0.001
6.220618,13.498897,GCF_000011565___1824,Negative,0.0002,0.002
-1.5985581,6.6574764,GCF_000011565___1825,Negative,0.0045,0.0008
-1.6316317,9.165842,GCF_000011565___1826,Negative,0.0004,0.3732
-1.9302711,9.241648,GCF_000011565___1827,Negative,0.0001,0.0177
6.440911,10.307316,GCF_000011565___1828,Negative,0.0,0.3052
8.9419775,14.582428,GCF_000011565___1829,Negative,0.0,0.0033
-1.3044449,8.797619,GCF_000011565___1830,Negative,0.0202,0.1198
7.274096,11.64282,GCF_000011565___1831,Negative,0.0,0.0266
-2.751187,6.068031,GCF_000011565___1832,Negative,0.0007,0.0001
-0.34450808,5.903621,GCF_000011565___1833,Inc-protein,0.9984,0.0
7.7749944,7.310424,GCF_000011565___1834,Negative,0.004,0.9069
6.348719,13.383735,GCF_000011565___1835,Negative,0.0,0.0151
-1.6228513,9.667796,GCF_000011565___1836,Negative,0.0004,0.7267
-1.621033,5.923325,GCF_000011565___1837,Negative,0.1443,0.002
-1.0690947,9.503581,GCF_000011565___1838,Negative,0.0004,0.8179
-1.1639947,9.618612,GCF_000011565___1839,Negative,0.0001,0.081
-1.23624,9.591415,GCF_000011565___1840,Negative,0.0,0.106
7.4163275,14.478647,GCF_000011565___1841,Negative,0.0,0.0146
6.2532225,12.390018,GCF_000011565___1842,Negative,0.0,0.5088
-1.2916064,9.314542,GCF_000011565___1843,Negative,0.0063,0.573
6.7575316,12.05675,GCF_000011565___1844,Negative,0.0,0.1582
6.6832995,11.846611,GCF_000011565___1845,Negative,0.0003,0.4324
7.37466,6.056384,GCF_000011565___1846,Negative,0.0,1.0
4.7723055,7.5757523,GCF_000011565___1847,Negative,0.0001,0.2009
3.7611012,6.616697,GCF_000011565___1848,Negative,0.0001,0.0031
3.937094,6.677436,GCF_000011565___1849,Negative,0.0,0.0409
6.441444,12.260148,GCF_000011565___1850,Negative,0.0,0.0944
6.0682774,13.001567,GCF_000011565___1851,Negative,0.0,0.4874
7.5609612,11.129539,GCF_000011565___1852,Negative,0.0,0.4906
7.0698104,11.523249,GCF_000011565___1853,Negative,0.0003,0.1283
8.353821,14.629532,GCF_000011565___1854,Negative,0.0,0.0003
-1.4476724,8.977244,GCF_000011565___1855,Negative,0.0046,0.5255
-1.7610861,8.629722,GCF_000011565___1856,Negative,0.0011,0.008
6.204689,13.446039,GCF_000011565___1857,Negative,0.0001,0.1187
-1.6157242,5.5872703,GCF_000011565___1858,Negative,0.1124,0.0055
7.9378595,14.541885,GCF_000011565___1859,Negative,0.0,0.0002
7.965145,14.346111,GCF_000011565___1860,Negative,0.0,0.0027
-0.8214436,8.718756,GCF_000011565___1861,Negative,0.2466,0.7052
-1.2923954,9.375731,GCF_000011565___1862,Negative,0.0038,0.1879
-3.2960038,5.415293,GCF_000011565___1863,Negative,0.0003,0.0
-3.2692628,5.42754,GCF_000011565___1864,Negative,0.0006,0.0
8.81284,13.669428,GCF_000011565___1865,Negative,0.0,0.0015
-1.7732984,8.112374,GCF_000011565___1866,Negative,0.0004,0.0051
7.233257,14.312381,GCF_000011565___1867,Negative,0.0,0.0013
-0.2694493,8.500825,GCF_000011565___1868,Negative,0.0138,0.4842
-1.4853432,7.593973,GCF_000011565___1869,Negative,0.0005,0.1165
-1.4804969,7.5978456,GCF_000011565___1870,Negative,0.0025,0.1805
-1.4997404,7.533543,GCF_000011565___1871,Negative,0.0011,0.0467
-1.4344989,8.157909,GCF_000011565___1872,Negative,0.0019,0.039
-2.2297704,5.134749,GCF_000011565___1873,Negative,0.0146,0.0001
8.891412,13.0037365,GCF_000011565___1874,Negative,0.0,0.0006
-1.5271044,8.926341,GCF_000011565___1875,Negative,0.0039,0.4136
-0.80180913,7.7306943,GCF_000011565___1876,Negative,0.0004,0.1456
0.8871723,5.6742725,GCF_000011565___1877,Inc-protein,0.9947,0.0006
6.1392646,11.319121,GCF_000011565___1878,Negative,0.0002,0.1978
5.999894,7.662171,GCF_000011565___1879,Negative,0.0003,0.9865
5.0925303,7.6745462,GCF_000011565___1880,Negative,0.0001,0.4648
5.969917,8.418571,GCF_000011565___1881,Negative,0.0005,0.0507
7.4219146,11.253738,GCF_000011565___1882,Negative,0.0001,0.0539
4.940594,7.5891037,GCF_000011565___1883,Negative,0.0003,0.0877
8.716365,11.241466,GCF_000011565___1884,Negative,0.0003,0.0308
6.7956147,7.0624175,GCF_000011565___1885,Negative,0.0034,0.97
0.6914472,5.7357616,GCF_000011565___1886,Inc-protein,0.9752,0.0163
5.0151606,7.4937096,GCF_000011565___1887,Negative,0.0003,0.7762
3.805257,6.6850743,GCF_000011565___1888,Negative,0.0,0.0005
7.6051292,11.045329,GCF_000011565___1889,Negative,0.0008,0.1105
6.5868273,10.915848,GCF_000011565___1890,Negative,0.0005,0.1262
7.952049,6.7293277,GCF_000011565___1891,Negative,0.0017,0.9825
8.345171,5.846567,GCF_000011565___1892,Negative,0.0006,0.9939
8.269723,5.848088,GCF_000011565___1893,Negative,0.0005,0.9991
7.259387,8.043583,GCF_000011565___1894,Negative,0.0002,0.6614
9.417014,11.452314,GCF_000011565___1895,Negative,0.0,0.0054
8.327362,5.8727384,GCF_000011565___1896,Negative,0.0009,0.9909
7.8394403,8.019443,GCF_000011565___1897,Negative,0.0,0.5263
8.185505,6.2200155,GCF_000011565___1898,Negative,0.0011,0.9885
6.6361966,8.358717,GCF_000011565___1899,Negative,0.0011,0.7631
6.7831044,10.909275,GCF_000011565___1900,Negative,0.0011,0.1467
7.608938,11.040245,GCF_000011565___1901,Negative,0.0006,0.0608
4.13015,6.7183433,GCF_000011565___1902,Negative,0.0001,0.0039
6.5469604,8.772312,GCF_000011565___1903,Negative,0.0008,0.9746
4.306606,7.3150244,GCF_000011565___1904,Negative,0.0001,0.0363
-0.78243804,7.780542,GCF_000011565___1905,Negative,0.0017,0.2548
8.339262,5.8701,GCF_000011565___1906,Negative,0.0008,0.982
7.84719,7.9810276,GCF_000011565___1907,Negative,0.0003,0.653
8.318261,5.922071,GCF_000011565___1908,Negative,0.0008,0.9945
9.484271,11.54591,GCF_000011565___1909,Negative,0.0,0.0076
9.383739,11.458651,GCF_000011565___1910,Negative,0.0,0.0046
7.178672,11.278629,GCF_000011565___1911,Negative,0.0035,0.0471
6.4764867,8.352428,GCF_000011565___1912,Negative,0.0005,0.3886
7.7986784,8.031199,GCF_000011565___1913,Negative,0.0004,0.4652
8.283526,5.9060564,GCF_000011565___1914,Negative,0.0019,0.9917
5.3258996,8.357862,GCF_000011565___1915,Negative,0.0,0.4832
-0.9364389,9.263601,GCF_000011565___1916,Negative,0.0261,0.9407
6.855544,10.131818,GCF_000011565___1917,Negative,0.0001,0.0365
6.3889313,10.981061,GCF_000011565___1918,Negative,0.0,0.1666
4.6816797,7.041741,GCF_000011565___1919,Negative,0.0037,0.3097
4.4950395,7.298936,GCF_000011565___1920,Negative,0.0001,0.2051
7.821649,7.5729923,GCF_000011565___1921,Negative,0.0012,0.9964
4.1926703,7.3097796,GCF_000011565___1922,Negative,0.0,0.0584
6.814037,6.6756344,GCF_000011565___1923,Negative,0.0,0.9995
7.491073,5.8458967,GCF_000011565___1924,Negative,0.0002,0.9998
7.9600444,8.603394,GCF_000011565___1925,Negative,0.0003,0.0087
5.614743,8.18641,GCF_000011565___1926,Negative,0.0002,0.8058
9.338585,11.432743,GCF_000011565___1927,Negative,0.0,0.0975
7.9820457,6.755932,GCF_000011565___1928,Negative,0.0036,0.9342
7.925779,6.795238,GCF_000011565___1929,Negative,0.0008,0.9536
8.014937,6.6923423,GCF_000011565___1930,Negative,0.0012,0.9608
6.8539686,9.0521965,GCF_000011565___1931,Negative,0.0001,0.9938
7.565997,8.109725,GCF_000011565___1932,Negative,0.0005,0.9882
8.472686,11.361337,GCF_000011565___1933,Negative,0.0001,0.0094
7.9072843,7.7323565,GCF_000011565___1934,Negative,0.0,0.5061
3.9526806,7.016034,GCF_000011565___1935,Negative,0.0001,0.004
6.3553934,7.5440965,GCF_000011565___1936,Negative,0.0003,0.9912
7.4372826,11.78633,GCF_000011565___1937,Negative,0.0007,0.0141
9.8518095,11.464154,GCF_000011565___1938,Negative,0.0,0.0041
7.5053744,8.199451,GCF_000011565___1939,Negative,0.0005,0.8268
6.792363,7.538538,GCF_000011565___1940,Negative,0.0001,0.9977
7.7842684,7.6301293,GCF_000011565___1941,Negative,0.0,0.9987
7.819138,7.5580325,GCF_000011565___1942,Negative,0.0,0.9987
5.2799935,7.514495,GCF_000011565___1943,Negative,0.0002,0.9887
6.7805324,6.7981157,GCF_000011565___1944,Negative,0.0,0.9999
-1.471053,9.556515,GCF_000011565___1945,Negative,0.0161,0.3909
6.9808993,13.953317,GCF_000011565___1946,Negative,0.0,0.0156
-0.72454447,6.68129,GCF_000011565___1947,Negative,0.1868,0.0075
-0.73538125,6.5702868,GCF_000011565___1948,Negative,0.1039,0.0001
-0.9606209,7.6413274,GCF_000011565___1949,Negative,0.0002,0.002
-3.1315935,5.644874,GCF_000011565___1950,Negative,0.0024,0.0
3.9692051,6.384294,GCF_000011565___1951,Negative,0.0004,0.019
-2.2981775,5.2528586,GCF_000011565___1952,Negative,0.0752,0.0
6.593019,13.392212,GCF_000011565___1953,Negative,0.0,0.0547
6.9190035,14.231236,GCF_000011565___1954,Negative,0.0,0.0127
7.547024,13.995226,GCF_000011565___1955,Negative,0.0,0.0046
6.156535,9.036945,GCF_000011565___1956,Negative,0.0001,0.9573
7.5509624,6.4505205,GCF_000011565___1957,Negative,0.0001,0.9784
7.406764,10.85116,GCF_000011565___1958,Negative,0.0,0.2013
7.6646767,13.11158,GCF_000011565___1959,Negative,0.0,0.0064
-2.324187,5.01783,GCF_000011565___1960,Negative,0.0081,0.0
-1.5249914,5.7993,GCF_000011565___1961,Inc-protein,0.8741,0.0422
-1.283749,6.798229,GCF_000011565___1962,Negative,0.0289,0.0072
-1.8613509,9.798109,GCF_000011565___1963,Negative,0.0001,0.4246
7.9648232,6.6251225,GCF_000011565___1964,Negative,0.0003,0.9947
7.717979,8.081183,GCF_000011565___1965,Negative,0.0002,0.3578
8.59508,12.651021,GCF_000011565___1966,Negative,0.0,0.0014
6.4196544,12.896954,GCF_000011565___1967,Negative,0.0011,0.2215
7.830178,11.8755045,GCF_000011565___1968,Negative,0.0,0.0498
6.420745,13.86106,GCF_000011565___1969,Negative,0.0,0.0673
-3.0567415,5.3024135,GCF_000011565___1970,Negative,0.0012,0.0
4.4228015,6.1820736,GCF_000011565___1971,Negative,0.001,0.581
7.11888,13.369027,GCF_000011565___1972,Negative,0.0,0.033
7.3002653,12.792589,GCF_000011565___1973,Negative,0.0,0.0323
7.4909067,10.913003,GCF_000011565___1974,Negative,0.0,0.0159
-2.0109165,9.01348,GCF_000011565___1975,Negative,0.001,0.0891
6.0717187,8.945222,GCF_000011565___1976,Negative,0.0011,0.6247
4.5326195,7.397572,GCF_000011565___1977,Negative,0.0001,0.2066
6.3521314,9.270427,GCF_000011565___1978,Negative,0.0003,0.1749
-1.0096548,9.223892,GCF_000011565___1979,Negative,0.0015,0.7874
6.203449,9.029323,GCF_000011565___1980,Negative,0.0008,0.4783
5.2336273,7.3805523,GCF_000011565___1981,Negative,0.0002,0.9336
6.761427,13.339679,GCF_000011565___1982,Negative,0.0,0.0478
6.1470428,9.143551,GCF_000011565___1983,Negative,0.0001,0.8964
8.060222,14.758819,GCF_000011565___1984,Negative,0.0,0.0002
8.271761,13.485489,GCF_000011565___1985,Negative,0.0,0.01
8.958561,12.675633,GCF_000011565___1986,Negative,0.0,0.0032
6.8266177,7.062554,GCF_000011565___1987,Negative,0.0001,0.9994
6.823532,8.915798,GCF_000011565___1988,Negative,0.0028,0.6326
7.9118714,6.6652513,GCF_000011565___1989,Negative,0.0001,0.9927
-0.65679127,6.5221667,GCF_000011565___1990,Negative,0.0739,0.0003
6.3201184,7.1765804,GCF_000011565___1991,Negative,0.0048,0.9952
7.320796,6.248259,GCF_000011565___1992,Negative,0.0002,0.9995
5.552308,7.84411,GCF_000011565___1993,Negative,0.0002,0.9227
7.248866,6.116321,GCF_000011565___1994,Negative,0.0034,0.985
3.78503,6.4469376,GCF_000011565___1995,Negative,0.0001,0.0009
7.6979976,6.201501,GCF_000011565___1996,Negative,0.0,0.9996
7.505792,6.480887,GCF_000011565___1997,Negative,0.001,0.9265
7.563781,11.766277,GCF_000011565___1998,Negative,0.0001,0.0023
6.6574078,10.916199,GCF_000011565___1999,Negative,0.0027,0.1233
