UMAP1,UMAP2,name,predicted_inc,inc.prob,sec.prob
11.240772,11.397755,GCF_000237205___0,Inc-protein,0.8206,0.005
5.9924474,-1.4392319,GCF_000237205___1,Negative,0.0001,0.1456
6.839628,-2.2298958,GCF_000237205___2,Negative,0.0,0.3072
6.391405,-3.9938033,GCF_000237205___3,Negative,0.0,0.0124
8.091386,-0.91358495,GCF_000237205___4,Negative,0.0002,0.0588
5.653946,-0.8279643,GCF_000237205___5,Negative,0.0,0.4692
9.67003,2.5041616,GCF_000237205___6,Negative,0.001,0.9459
10.8572,-4.140385,GCF_000237205___7,Negative,0.0001,0.0039
-8.162018,12.161383,GCF_000237205___8,Negative,0.0006,0.0748
9.238273,3.2071037,GCF_000237205___9,Negative,0.0015,0.7232
8.214838,3.192452,GCF_000237205___10,Negative,0.0001,0.7105
10.882612,-4.1366744,GCF_000237205___11,Negative,0.0001,0.0039
-8.164647,12.163856,GCF_000237205___12,Negative,0.019,0.0383
5.317596,-2.6483538,GCF_000237205___13,Negative,0.0,0.0214
6.179759,-2.9687638,GCF_000237205___14,Negative,0.0,0.0044
10.281248,6.129961,GCF_000237205___15,Negative,0.3468,0.0009
11.749769,11.044514,GCF_000237205___16,Negative,0.0717,0.0
7.281961,-0.986555,GCF_000237205___17,Negative,0.0005,0.0766
6.7857547,13.154641,GCF_000237205___18,Negative,0.0026,0.8427
7.5062337,0.23886326,GCF_000237205___19,Negative,0.0008,0.8471
8.835908,3.5537767,GCF_000237205___20,Negative,0.0001,0.0668
12.081363,3.3137934,GCF_000237205___21,Negative,0.0001,0.9994
6.284633,-0.80065167,GCF_000237205___22,Negative,0.0002,0.7336
6.9603643,-0.5005111,GCF_000237205___23,Negative,0.0,0.9106
7.9971704,10.757352,GCF_000237205___24,Negative,0.0018,0.6103
8.126508,11.949516,GCF_000237205___25,Negative,0.002,0.9792
8.91209,2.988468,GCF_000237205___26,Negative,0.0001,0.9932
7.7023144,11.391805,GCF_000237205___27,Negative,0.0028,0.9803
11.129482,11.801645,GCF_000237205___28,Negative,0.3961,0.0024
8.02934,-1.2451444,GCF_000237205___29,Negative,0.0,0.0252
7.83558,-1.5679406,GCF_000237205___30,Negative,0.0,0.0131
7.978631,-1.2081659,GCF_000237205___31,Negative,0.0,0.2322
7.9657474,-1.1773485,GCF_000237205___32,Negative,0.0001,0.2089
7.900478,-1.0476851,GCF_000237205___33,Negative,0.0,0.1958
7.965771,-1.2165077,GCF_000237205___34,Negative,0.0,0.1367
10.8862915,5.9290113,GCF_000237205___35,Inc-protein,0.9755,0.0238
10.438657,4.851315,GCF_000237205___36,Negative,0.0247,0.9672
6.8618417,12.976028,GCF_000237205___37,Negative,0.0005,0.03
7.8014355,10.462695,GCF_000237205___38,Negative,0.0008,0.1283
6.724425,13.249697,GCF_000237205___39,Negative,0.0037,0.7257
6.8992896,13.087967,GCF_000237205___40,Negative,0.0017,0.2431
8.992557,3.5733104,GCF_000237205___41,Negative,0.0002,0.0994
9.412853,2.5357084,GCF_000237205___42,Negative,0.0035,0.9848
9.181677,2.4720833,GCF_000237205___43,Negative,0.0001,0.9991
6.9595466,-3.4663892,GCF_000237205___44,Negative,0.0,0.0142
5.7149005,-3.9539878,GCF_000237205___45,Negative,0.0,0.0002
7.751723,0.3388601,GCF_000237205___46,Negative,0.0001,0.9807
6.6494484,-3.043551,GCF_000237205___47,Negative,0.0001,0.0064
7.763108,-1.3409472,GCF_000237205___48,Negative,0.0,0.0784
11.852578,11.648153,GCF_000237205___49,Negative,0.106,0.0004
10.402261,5.9139953,GCF_000237205___50,Negative,0.4327,0.0596
7.8172417,11.496438,GCF_000237205___51,Negative,0.0034,0.9906
8.069757,3.1534538,GCF_000237205___52,Negative,0.0002,0.3317
9.298183,2.8317468,GCF_000237205___53,Negative,0.0149,0.9032
6.283981,-2.1655612,GCF_000237205___54,Negative,0.0,0.0668
11.505808,11.741677,GCF_000237205___55,Negative,0.0846,0.0006
6.877963,-2.022957,GCF_000237205___56,Negative,0.0,0.0374
6.6503983,10.29076,GCF_000237205___57,Negative,0.0,0.1468
10.986323,5.6943645,GCF_000237205___58,Inc-protein,0.9857,0.0129
11.514319,11.18338,GCF_000237205___59,Negative,0.3969,0.002
8.60704,3.6813643,GCF_000237205___60,Negative,0.0001,0.5104
6.5653143,-3.4288707,GCF_000237205___61,Negative,0.0,0.0172
5.6266828,-1.2904738,GCF_000237205___62,Negative,0.0,0.2025
6.2273107,-1.8098928,GCF_000237205___63,Negative,0.0011,0.3172
6.565343,-3.9007883,GCF_000237205___64,Negative,0.0,0.0004
9.334916,2.2437084,GCF_000237205___65,Negative,0.0,0.9992
9.566877,2.1396286,GCF_000237205___66,Negative,0.0006,0.9977
6.281137,-4.2238507,GCF_000237205___67,Negative,0.0,0.0002
6.7472873,13.001757,GCF_000237205___68,Negative,0.0007,0.4836
8.199964,11.353092,GCF_000237205___69,Negative,0.0,0.9998
8.652169,11.803568,GCF_000237205___70,Negative,0.0015,0.867
9.052651,4.027433,GCF_000237205___71,Negative,0.0002,0.6377
7.287058,1.0425222,GCF_000237205___72,Negative,0.0009,0.4892
8.560687,11.846643,GCF_000237205___73,Negative,0.0011,0.7627
6.7123246,13.095015,GCF_000237205___74,Negative,0.0004,0.1777
6.7253456,13.167757,GCF_000237205___75,Negative,0.0003,0.9504
6.9321976,3.8965158,GCF_000237205___76,Negative,0.0092,0.033
5.961728,-3.7444806,GCF_000237205___77,Negative,0.0,0.0023
10.047147,11.499045,GCF_000237205___78,Negative,0.0427,0.0329
7.1629643,-3.491523,GCF_000237205___79,Negative,0.0002,0.0132
12.489301,12.3508415,GCF_000237205___80,Negative,0.0071,0.0001
7.191844,-1.3087267,GCF_000237205___81,Negative,0.0,0.0557
7.217658,-1.0983063,GCF_000237205___82,Negative,0.0001,0.2999
10.488403,5.629836,GCF_000237205___83,Inc-protein,0.9555,0.0338
8.720011,1.7635038,GCF_000237205___84,Negative,0.0001,0.9495
6.62603,-3.0407107,GCF_000237205___85,Negative,0.0002,0.0362
6.973601,3.8971105,GCF_000237205___86,Negative,0.0174,0.0703
12.300462,12.835712,GCF_000237205___87,Negative,0.0101,0.0
12.048138,3.2565365,GCF_000237205___88,Negative,0.0,0.9999
10.377312,11.671583,GCF_000237205___89,Negative,0.0922,0.0586
11.735516,10.95048,GCF_000237205___90,Inc-protein,0.9249,0.0003
8.916198,11.615023,GCF_000237205___91,Negative,0.0076,0.9261
8.175941,10.816287,GCF_000237205___92,Negative,0.0031,0.8344
6.525173,-3.8434908,GCF_000237205___93,Negative,0.0,0.0008
11.03041,12.109372,GCF_000237205___94,Negative,0.1909,0.0016
11.816338,10.683495,GCF_000237205___95,Negative,0.0817,0.0003
11.328025,12.132793,GCF_000237205___96,Negative,0.0559,0.0015
9.540653,10.819575,GCF_000237205___97,Negative,0.0016,0.064
6.0966835,-1.1981965,GCF_000237205___98,Negative,0.0007,0.0386
12.271485,11.772779,GCF_000237205___99,Negative,0.0111,0.0
6.6771407,10.495433,GCF_000237205___100,Negative,0.0001,0.8821
8.867974,4.348217,GCF_000237205___101,Negative,0.0001,0.0931
10.583173,4.9695306,GCF_000237205___102,Negative,0.8,0.0762
8.655353,3.1700675,GCF_000237205___103,Negative,0.0001,0.1339
8.756161,3.3669686,GCF_000237205___104,Negative,0.0009,0.1966
8.966541,3.939122,GCF_000237205___105,Negative,0.0201,0.2935
5.430737,-2.354938,GCF_000237205___106,Negative,0.0,0.0183
7.951951,11.572834,GCF_000237205___107,Negative,0.0003,0.992
8.05134,11.363782,GCF_000237205___108,Negative,0.0001,0.9956
8.18212,11.207149,GCF_000237205___109,Negative,0.0113,0.9326
6.8205395,-1.6246744,GCF_000237205___110,Negative,0.0,0.0175
7.520974,0.047526788,GCF_000237205___111,Negative,0.0001,0.986
10.993076,5.9429636,GCF_000237205___112,Inc-protein,0.9999,0.0
7.0781503,10.46926,GCF_000237205___113,Negative,0.0009,0.0122
11.487563,11.6815815,GCF_000237205___114,Negative,0.1463,0.0014
5.9904385,-1.4956998,GCF_000237205___115,Negative,0.0,0.0193
7.489149,10.822019,GCF_000237205___116,Negative,0.0001,0.1516
7.75708,10.636435,GCF_000237205___117,Negative,0.0003,0.0821
8.134585,10.92577,GCF_000237205___118,Negative,0.0009,0.9465
11.304653,11.390109,GCF_000237205___119,Negative,0.011,0.0012
10.856408,12.046162,GCF_000237205___120,Negative,0.0023,0.0001
11.265576,12.054361,GCF_000237205___121,Negative,0.2844,0.0014
6.6563196,-3.1668565,GCF_000237205___122,Negative,0.0,0.002
8.859247,2.6275022,GCF_000237205___123,Negative,0.0002,0.7746
7.442032,11.10921,GCF_000237205___124,Negative,0.0024,0.7718
11.805399,10.682136,GCF_000237205___125,Negative,0.0455,0.0
6.3571587,-2.6036086,GCF_000237205___126,Negative,0.0,0.0032
12.857988,12.484578,GCF_000237205___127,Negative,0.0019,0.0
6.548024,-4.232783,GCF_000237205___128,Negative,0.0,0.0226
7.333243,-3.9905188,GCF_000237205___129,Negative,0.0,0.0004
7.590327,3.4741528,GCF_000237205___130,Negative,0.0002,0.3363
10.393554,5.1569557,GCF_000237205___131,Inc-protein,0.9895,0.0058
-8.167175,12.166382,GCF_000237205___132,Negative,0.019,0.0383
10.858155,-4.105112,GCF_000237205___133,Negative,0.0001,0.0039
7.850371,11.208682,GCF_000237205___134,Negative,0.0133,0.9392
6.1196527,-4.1710434,GCF_000237205___135,Negative,0.0,0.0004
6.556035,-4.5520973,GCF_000237205___136,Negative,0.0,0.0005
7.5157537,-2.6452248,GCF_000237205___137,Negative,0.0002,0.0325
7.342456,0.730477,GCF_000237205___138,Negative,0.0031,0.5355
7.8489633,-0.02634733,GCF_000237205___139,Negative,0.0003,0.8833
6.688831,-3.287049,GCF_000237205___140,Negative,0.0,0.0533
7.1923203,11.106978,GCF_000237205___141,Negative,0.0008,0.2706
9.028524,3.6219714,GCF_000237205___142,Negative,0.0001,0.8424
5.4672956,-2.6346955,GCF_000237205___143,Negative,0.0,0.003
7.6342745,11.342033,GCF_000237205___144,Negative,0.0011,0.8006
7.3096175,0.021979395,GCF_000237205___145,Negative,0.0001,0.8778
6.159776,-4.4903426,GCF_000237205___146,Negative,0.0,0.0017
12.8241415,12.4730015,GCF_000237205___147,Negative,0.0011,0.0
8.140943,3.104754,GCF_000237205___148,Negative,0.0033,0.5862
7.6185145,3.5293524,GCF_000237205___149,Negative,0.0002,0.198
9.001275,3.2468374,GCF_000237205___150,Negative,0.0001,0.9573
8.535552,2.8117597,GCF_000237205___151,Negative,0.0032,0.5724
8.615635,11.774374,GCF_000237205___152,Negative,0.0087,0.7516
6.5355024,-2.488901,GCF_000237205___153,Negative,0.0,0.0201
10.947316,4.9048014,GCF_000237205___154,Negative,0.6761,0.319
11.01399,5.203628,GCF_000237205___155,Inc-protein,0.9855,0.0141
9.436261,11.25254,GCF_000237205___156,Negative,0.0373,0.5142
7.972336,11.183581,GCF_000237205___157,Negative,0.0008,0.456
6.193543,-2.700483,GCF_000237205___158,Negative,0.0003,0.0595
5.8784924,-1.0249778,GCF_000237205___159,Negative,0.0,0.3158
5.8699403,-2.3559108,GCF_000237205___160,Negative,0.0001,0.1369
10.203111,11.61745,GCF_000237205___161,Negative,0.0099,0.0081
12.502939,12.953801,GCF_000237205___162,Negative,0.001,0.0
7.36068,3.4068973,GCF_000237205___163,Negative,0.0008,0.9855
7.14727,-2.1511533,GCF_000237205___164,Negative,0.0,0.0128
11.214935,4.4341846,GCF_000237205___165,Inc-protein,0.9949,0.0049
7.2976327,-0.773604,GCF_000237205___166,Negative,0.0047,0.3604
11.079118,11.984379,GCF_000237205___167,Negative,0.6542,0.0004
9.445175,11.292483,GCF_000237205___168,Negative,0.0442,0.6168
9.55108,11.378854,GCF_000237205___169,Negative,0.0011,0.0913
7.3057795,1.0250968,GCF_000237205___170,Negative,0.0011,0.5466
8.384189,3.9190006,GCF_000237205___171,Negative,0.0001,0.0009
8.808543,3.3156009,GCF_000237205___172,Negative,0.0005,0.3467
11.644723,3.1510494,GCF_000237205___173,Negative,0.0001,0.9996
12.16683,4.3398943,GCF_000237205___174,Negative,0.0006,0.0001
9.61336,3.7967203,GCF_000237205___175,Negative,0.0342,0.4636
7.3018656,1.0154045,GCF_000237205___176,Negative,0.0,0.0832
-8.151632,12.151039,GCF_000237205___177,Negative,0.0017,0.0959
12.658473,12.708422,GCF_000237205___178,Negative,0.004,0.0001
9.449428,11.291532,GCF_000237205___179,Negative,0.0028,0.3515
9.56883,2.4261253,GCF_000237205___180,Negative,0.0008,0.9927
7.650003,-2.223332,GCF_000237205___181,Negative,0.0001,0.1638
10.915507,11.99228,GCF_000237205___182,Negative,0.0967,0.0013
8.299762,3.894191,GCF_000237205___183,Negative,0.0,0.0004
7.0842533,-4.3207183,GCF_000237205___184,Negative,0.0,0.0032
9.564949,2.5187392,GCF_000237205___185,Negative,0.0067,0.9346
6.7713428,-3.6777866,GCF_000237205___186,Negative,0.0,0.0109
7.5685353,-3.4402945,GCF_000237205___187,Negative,0.0,0.0026
10.962397,6.00722,GCF_000237205___188,Inc-protein,0.9918,0.0032
7.556305,11.822973,GCF_000237205___189,Negative,0.0,0.3828
7.7210026,3.690992,GCF_000237205___190,Negative,0.0002,0.0065
6.868954,10.817548,GCF_000237205___191,Negative,0.0,0.0542
6.555985,12.7769575,GCF_000237205___192,Negative,0.0002,0.0287
7.7726994,10.919184,GCF_000237205___193,Negative,0.001,0.4317
6.751802,13.119875,GCF_000237205___194,Negative,0.0004,0.3861
6.1740355,-2.471221,GCF_000237205___195,Negative,0.0002,0.0518
6.450286,-3.1011684,GCF_000237205___196,Negative,0.0007,0.1456
7.277104,-2.9688783,GCF_000237205___197,Negative,0.0,0.0234
7.1420217,-1.9569494,GCF_000237205___198,Negative,0.0,0.0328
6.5474176,-4.650536,GCF_000237205___199,Negative,0.0,0.001
5.740202,-1.2764481,GCF_000237205___200,Negative,0.0,0.3147
8.299172,10.57866,GCF_000237205___201,Negative,0.0005,0.0152
10.381372,5.998882,GCF_000237205___202,Inc-protein,0.9958,0.001
10.937098,5.864355,GCF_000237205___203,Inc-protein,0.9975,0.0025
5.431835,-1.7793361,GCF_000237205___204,Negative,0.0,0.1417
6.7032914,-2.265183,GCF_000237205___205,Negative,0.0,0.0241
6.9290066,-2.0305474,GCF_000237205___206,Negative,0.0,0.0771
7.7627363,0.29297295,GCF_000237205___207,Negative,0.0009,0.9613
5.436014,-1.7949262,GCF_000237205___208,Negative,0.0,0.0353
4.9897804,-3.5452783,GCF_000237205___209,Negative,0.0,0.0052
5.540231,-2.5865695,GCF_000237205___210,Negative,0.0,0.0138
5.4073086,-2.6317263,GCF_000237205___211,Negative,0.0,0.0183
8.873828,3.3336146,GCF_000237205___212,Negative,0.0012,0.4441
6.9294705,13.0106125,GCF_000237205___213,Negative,0.0003,0.2535
11.308848,12.21358,GCF_000237205___214,Negative,0.195,0.0004
7.150676,-0.4479038,GCF_000237205___215,Negative,0.0001,0.6844
7.6213965,3.577752,GCF_000237205___216,Negative,0.0002,0.0443
6.4507313,-4.6910324,GCF_000237205___217,Negative,0.0,0.0008
7.770947,10.558417,GCF_000237205___218,Negative,0.004,0.0417
10.405754,11.692743,GCF_000237205___219,Negative,0.3475,0.2295
11.345055,11.509824,GCF_000237205___220,Negative,0.0681,0.049
9.425847,10.888713,GCF_000237205___221,Negative,0.0003,0.048
8.347031,11.898328,GCF_000237205___222,Negative,0.0007,0.9691
10.103766,4.4801784,GCF_000237205___223,Negative,0.1039,0.8501
6.9009213,-4.076495,GCF_000237205___224,Negative,0.0,0.0242
6.25596,-1.5341747,GCF_000237205___225,Negative,0.0001,0.0899
6.117771,-4.202114,GCF_000237205___226,Negative,0.0,0.0004
7.2024493,-1.7502731,GCF_000237205___227,Negative,0.0,0.0244
8.342496,11.272707,GCF_000237205___228,Negative,0.0036,0.9651
6.2333217,-2.1396568,GCF_000237205___229,Negative,0.0,0.0393
6.565262,-4.12795,GCF_000237205___230,Negative,0.0,0.0022
5.4062214,-1.2950352,GCF_000237205___231,Negative,0.0001,0.0787
6.5539517,-0.30624115,GCF_000237205___232,Negative,0.0,0.9167
7.504804,-0.8365924,GCF_000237205___233,Negative,0.0,0.6979
7.0557637,11.78104,GCF_000237205___234,Negative,0.0004,0.1482
11.821623,11.457431,GCF_000237205___235,Negative,0.0592,0.0001
6.8703265,10.580048,GCF_000237205___236,Negative,0.0011,0.3693
6.4158487,12.791273,GCF_000237205___237,Negative,0.0007,0.0129
6.628861,-2.063282,GCF_000237205___238,Negative,0.0003,0.0417
7.5823264,-2.6267307,GCF_000237205___239,Negative,0.0,0.0176
7.20728,10.737075,GCF_000237205___240,Negative,0.0095,0.2181
5.9375753,-3.7382658,GCF_000237205___241,Negative,0.0,0.005
6.6643014,-2.1960726,GCF_000237205___242,Negative,0.0,0.0015
6.1611013,-3.6470785,GCF_000237205___243,Negative,0.0,0.0173
6.0175924,-4.0688305,GCF_000237205___244,Negative,0.0,0.002
5.4880743,-3.2641644,GCF_000237205___245,Negative,0.0,0.0027
10.317633,4.8263903,GCF_000237205___246,Inc-protein,0.9595,0.0258
10.188402,3.8202164,GCF_000237205___247,Negative,0.3642,0.4071
6.531335,-4.499285,GCF_000237205___248,Negative,0.0,0.0025
7.0220566,-4.1068788,GCF_000237205___249,Negative,0.0,0.0004
5.597764,-1.4094887,GCF_000237205___250,Negative,0.0001,0.7146
5.7978625,-3.9096725,GCF_000237205___251,Negative,0.0,0.0011
10.850855,-4.132099,GCF_000237205___252,Negative,0.0001,0.0052
10.8258505,2.5078604,GCF_000237205___253,Negative,0.007,0.9541
10.855951,2.5441418,GCF_000237205___254,Negative,0.0002,0.9996
6.743426,12.920877,GCF_000237205___255,Negative,0.0004,0.1469
6.6408362,13.041645,GCF_000237205___256,Negative,0.0011,0.3642
7.001697,12.8706255,GCF_000237205___257,Negative,0.0002,0.0632
6.2392254,12.734389,GCF_000237205___258,Negative,0.0001,0.0058
6.973634,12.349798,GCF_000237205___259,Negative,0.0,0.0208
6.7159047,12.991227,GCF_000237205___260,Negative,0.0003,0.1444
6.8346934,12.957925,GCF_000237205___261,Negative,0.0001,0.095
6.929782,12.992261,GCF_000237205___262,Negative,0.0004,0.27
12.134583,12.902997,GCF_000237205___263,Negative,0.0001,0.0
12.02666,12.962942,GCF_000237205___264,Negative,0.0005,0.0
12.025322,13.10489,GCF_000237205___265,Negative,0.0003,0.0008
5.9001985,-0.7959453,GCF_000237205___266,Negative,0.0001,0.6297
9.272543,2.128312,GCF_000237205___267,Negative,0.0,0.9998
9.742866,10.995043,GCF_000237205___268,Negative,0.0666,0.0063
7.0720053,-0.83713204,GCF_000237205___269,Negative,0.0015,0.3269
7.2128143,-0.22552691,GCF_000237205___270,Negative,0.0001,0.1358
6.9196115,-0.8254723,GCF_000237205___271,Negative,0.0002,0.6743
11.052229,5.659394,GCF_000237205___272,Inc-protein,0.9741,0.0251
12.513898,12.696553,GCF_000237205___273,Negative,0.0506,0.0
6.850556,11.093631,GCF_000237205___274,Negative,0.0001,0.176
7.371261,10.519353,GCF_000237205___275,Negative,0.0005,0.2864
11.803144,10.720561,GCF_000237205___276,Negative,0.1808,0.0003
10.349473,4.6194124,GCF_000237205___277,Negative,0.3421,0.103
5.482244,-3.109986,GCF_000237205___278,Negative,0.0,0.0073
8.29908,3.5630128,GCF_000237205___279,Negative,0.0002,0.0792
12.037796,12.974657,GCF_000237205___280,Negative,0.0053,0.0
6.7384963,-1.2735308,GCF_000237205___281,Negative,0.0001,0.0247
6.009357,-1.8184005,GCF_000237205___282,Negative,0.0001,0.0411
6.6912904,-2.793469,GCF_000237205___283,Negative,0.0,0.0235
6.1026635,-1.4141308,GCF_000237205___284,Negative,0.0004,0.2235
5.398789,-1.6164923,GCF_000237205___285,Negative,0.0,0.0612
8.154344,11.380684,GCF_000237205___286,Negative,0.0008,0.9935
7.111611,-0.12505883,GCF_000237205___287,Negative,0.0,0.835
12.132029,11.815028,GCF_000237205___288,Negative,0.0066,0.0001
11.1074095,2.859069,GCF_000237205___289,Negative,0.0,0.8776
6.98459,3.971514,GCF_000237205___290,Negative,0.0097,0.0037
7.138818,11.689393,GCF_000237205___291,Negative,0.0002,0.4513
6.335064,-3.955867,GCF_000237205___292,Negative,0.0,0.0038
11.900859,12.927429,GCF_000237205___293,Negative,0.0134,0.0003
8.030328,-0.9888774,GCF_000237205___294,Negative,0.0,0.6513
6.8066864,10.762443,GCF_000237205___295,Negative,0.0001,0.2858
10.683616,6.1249375,GCF_000237205___296,Negative,0.7705,0.0855
11.00827,5.7681174,GCF_000237205___297,Inc-protein,0.9983,0.0009
11.163855,5.4797425,GCF_000237205___298,Inc-protein,0.9844,0.0012
10.324035,6.382177,GCF_000237205___299,Negative,0.3517,0.0041
10.398726,6.5682607,GCF_000237205___300,Inc-protein,0.818,0.0002
10.478023,5.429797,GCF_000237205___301,Inc-protein,0.9491,0.0075
7.3248305,-2.5639956,GCF_000237205___302,Negative,0.0,0.001
7.0047145,-4.6217227,GCF_000237205___303,Negative,0.0,0.0005
6.2868123,-4.2597756,GCF_000237205___304,Negative,0.0,0.0005
7.621637,-4.3410535,GCF_000237205___305,Negative,0.0,0.0011
7.6396155,-3.320666,GCF_000237205___306,Negative,0.0,0.0077
10.324163,2.8491876,GCF_000237205___307,Negative,0.0002,0.9925
6.7009273,-2.7740512,GCF_000237205___308,Negative,0.0,0.0347
6.136393,-3.0582366,GCF_000237205___309,Negative,0.0,0.0065
7.5903234,-1.9853271,GCF_000237205___310,Negative,0.0,0.0182
10.12467,2.9805284,GCF_000237205___311,Negative,0.0004,0.9911
7.7527676,-1.7232074,GCF_000237205___312,Negative,0.0,0.0032
6.4089775,-3.9368885,GCF_000237205___313,Negative,0.0,0.0003
5.7444487,-3.2832997,GCF_000237205___314,Negative,0.0,0.0054
7.309483,-1.0261115,GCF_000237205___315,Negative,0.0005,0.0766
6.990961,3.969583,GCF_000237205___316,Negative,0.0015,0.0328
7.860516,11.398496,GCF_000237205___317,Negative,0.0293,0.8284
7.599277,10.305246,GCF_000237205___318,Negative,0.0003,0.0103
10.420959,4.6956797,GCF_000237205___319,Negative,0.1515,0.0446
6.7007194,10.42954,GCF_000237205___320,Negative,0.0,0.7271
7.3979006,-2.985065,GCF_000237205___321,Negative,0.0,0.0341
7.4945173,-4.473758,GCF_000237205___322,Negative,0.0,0.0
7.7233543,-4.2027555,GCF_000237205___323,Negative,0.0,0.0002
10.781218,5.6677046,GCF_000237205___324,Inc-protein,0.9348,0.0191
11.355417,3.5767267,GCF_000237205___325,Inc-protein,0.956,0.0417
12.260539,13.084595,GCF_000237205___326,Negative,0.0012,0.0001
5.746713,-2.1362748,GCF_000237205___327,Negative,0.0,0.0066
7.881257,10.535426,GCF_000237205___328,Negative,0.0016,0.5685
5.6238656,-2.588379,GCF_000237205___329,Negative,0.0,0.0358
7.8026633,-2.7734334,GCF_000237205___330,Negative,0.0,0.0035
12.029027,11.9860525,GCF_000237205___331,Negative,0.0105,0.0005
8.048944,3.128263,GCF_000237205___332,Negative,0.0005,0.692
5.623356,-2.7551281,GCF_000237205___333,Negative,0.0,0.0047
6.093245,-2.8842866,GCF_000237205___334,Negative,0.0,0.0041
5.211951,-2.5044413,GCF_000237205___335,Negative,0.0,0.0132
6.256981,-1.0820879,GCF_000237205___336,Negative,0.0,0.0319
12.0171995,12.8768425,GCF_000237205___337,Negative,0.0031,0.0
7.416866,0.029408604,GCF_000237205___338,Negative,0.0011,0.3151
6.7559104,-3.4248781,GCF_000237205___339,Negative,0.0,0.0346
6.6303945,-0.72731966,GCF_000237205___340,Negative,0.0022,0.2307
11.966049,12.94345,GCF_000237205___341,Negative,0.0029,0.0
6.160782,-2.2303243,GCF_000237205___342,Negative,0.0,0.0455
9.856504,3.249879,GCF_000237205___343,Negative,0.0001,0.9996
7.034351,3.9784696,GCF_000237205___344,Negative,0.0146,0.0244
6.4618545,-3.8799968,GCF_000237205___345,Negative,0.0,0.0034
5.9112964,-1.9452304,GCF_000237205___346,Negative,0.0001,0.1254
6.822715,-2.38513,GCF_000237205___347,Negative,0.0001,0.0274
10.912588,5.996945,GCF_000237205___348,Inc-protein,0.9999,0.0
12.74175,12.649513,GCF_000237205___349,Negative,0.0002,0.0
8.890272,3.8582242,GCF_000237205___350,Negative,0.0,0.0014
8.093589,3.077348,GCF_000237205___351,Negative,0.0007,0.5856
7.2183967,-2.59735,GCF_000237205___352,Negative,0.0,0.0182
7.657269,3.5599425,GCF_000237205___353,Negative,0.0147,0.5281
8.044426,3.411842,GCF_000237205___354,Negative,0.0076,0.9582
10.624732,3.5352845,GCF_000237205___355,Negative,0.0085,0.9914
10.831499,3.2159634,GCF_000237205___356,Negative,0.0165,0.9813
5.580412,-2.7561252,GCF_000237205___357,Negative,0.0,0.0147
12.538769,12.775478,GCF_000237205___358,Negative,0.0089,0.0
8.726527,2.073119,GCF_000237205___359,Negative,0.0029,0.147
5.4622498,-2.2777681,GCF_000237205___360,Negative,0.0,0.0709
10.936665,11.766642,GCF_000237205___361,Negative,0.0384,0.0011
10.967772,2.921467,GCF_000237205___362,Negative,0.0,1.0
11.574942,12.711747,GCF_000237205___363,Negative,0.0072,0.0
6.1935296,-3.704693,GCF_000237205___364,Negative,0.0,0.0169
7.2415423,3.867896,GCF_000237205___365,Negative,0.0122,0.0028
10.827415,3.194095,GCF_000237205___366,Negative,0.0,0.9999
7.933088,3.306281,GCF_000237205___367,Negative,0.0001,0.051
12.219745,12.684949,GCF_000237205___368,Negative,0.0149,0.0002
10.941172,5.984855,GCF_000237205___369,Inc-protein,0.976,0.0075
12.701472,12.396226,GCF_000237205___370,Negative,0.0018,0.0
6.1808558,-4.2380147,GCF_000237205___371,Negative,0.0,0.004
11.339702,4.548236,GCF_000237205___372,Inc-protein,0.9446,0.0535
5.713756,-2.7304983,GCF_000237205___373,Negative,0.0,0.0059
5.5387683,-2.1993644,GCF_000237205___374,Negative,0.0,0.0051
5.364808,-2.795193,GCF_000237205___375,Negative,0.0,0.0072
7.919642,-3.3263748,GCF_000237205___376,Negative,0.0,0.0007
10.920991,4.2357097,GCF_000237205___377,Negative,0.1837,0.8148
11.318844,4.313342,GCF_000237205___378,Negative,0.671,0.329
5.8936095,-3.3070946,GCF_000237205___379,Negative,0.0,0.0012
12.289177,12.695609,GCF_000237205___380,Negative,0.0065,0.0001
12.302468,12.613217,GCF_000237205___381,Negative,0.0064,0.0001
9.483798,2.6838245,GCF_000237205___382,Negative,0.0017,0.9927
9.411455,3.5057378,GCF_000237205___383,Negative,0.0012,0.7368
5.370486,-2.8791306,GCF_000237205___384,Negative,0.0,0.0347
7.2021723,3.841907,GCF_000237205___385,Negative,0.0069,0.0233
9.420641,3.5763857,GCF_000237205___386,Negative,0.0006,0.5042
10.970267,2.8269258,GCF_000237205___387,Negative,0.0001,0.9998
10.626099,2.6116757,GCF_000237205___388,Negative,0.0001,0.9999
5.950732,-2.92236,GCF_000237205___389,Negative,0.0001,0.008
6.293218,-4.511678,GCF_000237205___390,Negative,0.0,0.0005
5.4825225,-2.7081301,GCF_000237205___391,Negative,0.0,0.0009
5.886922,-3.5529225,GCF_000237205___392,Negative,0.0,0.0204
5.038754,-3.5238228,GCF_000237205___393,Negative,0.0,0.0154
6.608965,-1.3218889,GCF_000237205___394,Negative,0.0001,0.3139
12.628917,4.166348,GCF_000237205___395,Negative,0.0004,0.4771
8.932933,3.996684,GCF_000237205___396,Negative,0.0028,0.0986
12.692246,3.8758013,GCF_000237205___397,Negative,0.0427,0.9561
12.279765,4.310978,GCF_000237205___398,Inc-protein,0.9623,0.0294
11.942154,11.59922,GCF_000237205___399,Negative,0.0979,0.0005
7.141926,3.9439034,GCF_000237205___400,Negative,0.0003,0.009
11.813271,11.235937,GCF_000237205___401,Negative,0.276,0.0018
5.5757356,-2.510255,GCF_000237205___402,Negative,0.0002,0.0564
5.00668,-3.6646957,GCF_000237205___403,Negative,0.0,0.0008
9.322084,2.035683,GCF_000237205___404,Negative,0.0001,0.9985
7.2380314,-2.3493237,GCF_000237205___405,Negative,0.0,0.0067
5.30532,-3.1966712,GCF_000237205___406,Negative,0.0,0.001
6.6508784,-2.7981474,GCF_000237205___407,Negative,0.0,0.0254
6.6779737,-4.0901566,GCF_000237205___408,Negative,0.0,0.01
6.5246115,-4.7673225,GCF_000237205___409,Negative,0.0,0.0002
6.599823,-1.5073423,GCF_000237205___410,Negative,0.0001,0.37
5.754271,-1.5599319,GCF_000237205___411,Negative,0.0,0.0385
12.126312,12.089542,GCF_000237205___412,Negative,0.0204,0.0001
12.331109,3.6898923,GCF_000237205___413,Negative,0.0,0.9424
7.5692167,-0.58742553,GCF_000237205___414,Negative,0.0,0.9291
10.012826,3.5591717,GCF_000237205___415,Negative,0.0343,0.9347
10.6616955,4.640196,GCF_000237205___416,Negative,0.0263,0.7774
8.152397,3.523726,GCF_000237205___417,Negative,0.0,0.0426
11.730632,11.286953,GCF_000237205___418,Negative,0.144,0.0005
12.441148,12.452741,GCF_000237205___419,Negative,0.0022,0.0
7.8252883,10.428405,GCF_000237205___420,Negative,0.0008,0.1963
8.788085,10.8969,GCF_000237205___421,Negative,0.0122,0.3719
6.8739552,-2.081456,GCF_000237205___422,Negative,0.0,0.2951
10.814565,2.5127203,GCF_000237205___423,Negative,0.0043,0.9951
7.060279,-4.211695,GCF_000237205___424,Negative,0.0,0.0036
5.9329686,-2.2057679,GCF_000237205___425,Negative,0.0,0.1267
12.7887535,4.0422516,GCF_000237205___426,Negative,0.0,0.9964
10.320066,2.4712007,GCF_000237205___427,Negative,0.0004,0.9996
11.198216,4.4055996,GCF_000237205___428,Inc-protein,0.9883,0.0116
7.0745316,12.003096,GCF_000237205___429,Negative,0.0004,0.2017
6.8608384,-3.7480419,GCF_000237205___430,Negative,0.0,0.0022
10.063097,4.7172966,GCF_000237205___431,Negative,0.3819,0.0827
12.227865,12.993749,GCF_000237205___432,Negative,0.0088,0.0001
9.467888,10.808171,GCF_000237205___433,Negative,0.0001,0.0082
5.702424,-0.8183214,GCF_000237205___434,Negative,0.0,0.0015
7.967569,-3.049631,GCF_000237205___435,Negative,0.0,0.0027
11.330471,2.8843749,GCF_000237205___436,Negative,0.0026,0.8885
8.70886,3.8641012,GCF_000237205___437,Negative,0.0,0.0235
11.167446,3.0394478,GCF_000237205___438,Negative,0.0027,0.9961
6.970399,3.871045,GCF_000237205___439,Negative,0.1515,0.0263
12.391147,12.703432,GCF_000237205___440,Negative,0.0003,0.0
12.651705,12.764853,GCF_000237205___441,Negative,0.0001,0.0
12.121092,13.171984,GCF_000237205___442,Negative,0.0,0.0
12.765591,12.620133,GCF_000237205___443,Negative,0.0018,0.0002
11.823192,10.8054,GCF_000237205___444,Negative,0.0157,0.0
6.6510205,-2.457412,GCF_000237205___445,Negative,0.0,0.0188
12.564737,12.195752,GCF_000237205___446,Negative,0.0187,0.0
9.371823,11.262234,GCF_000237205___447,Negative,0.0068,0.2298
6.8865533,-1.1776286,GCF_000237205___448,Negative,0.0002,0.5365
10.375087,6.092382,GCF_000237205___449,Inc-protein,0.9369,0.0091
6.957074,3.841628,GCF_000237205___450,Negative,0.0896,0.1651
10.2787,4.941203,GCF_000237205___451,Negative,0.4484,0.4956
6.5527253,-0.6206478,GCF_000237205___452,Negative,0.0004,0.2998
11.850558,11.886292,GCF_000237205___453,Negative,0.0236,0.0001
6.477572,-3.4204748,GCF_000237205___454,Negative,0.0,0.0127
6.916514,-3.4338007,GCF_000237205___455,Negative,0.0,0.0145
5.2037897,-3.0918272,GCF_000237205___456,Negative,0.0,0.0049
8.862917,11.297913,GCF_000237205___457,Negative,0.0664,0.853
12.569175,3.9341447,GCF_000237205___458,Inc-protein,0.9057,0.0025
6.0096292,-0.98251694,GCF_000237205___459,Negative,0.0001,0.0089
9.060696,2.6124551,GCF_000237205___460,Negative,0.0004,0.8735
7.686005,-2.278314,GCF_000237205___461,Negative,0.0,0.0074
5.330217,-2.2329314,GCF_000237205___462,Negative,0.0,0.0154
6.132162,-2.470419,GCF_000237205___463,Negative,0.0,0.0956
11.165003,11.637868,GCF_000237205___464,Negative,0.0826,0.0021
9.4733305,10.863432,GCF_000237205___465,Negative,0.0003,0.0024
5.5810122,-2.2223425,GCF_000237205___466,Negative,0.0,0.0533
7.510059,10.43997,GCF_000237205___467,Negative,0.0003,0.07
10.416236,5.3464417,GCF_000237205___468,Negative,0.0421,0.9527
10.348994,6.0565457,GCF_000237205___469,Negative,0.7049,0.0437
6.6881094,-4.7167964,GCF_000237205___470,Negative,0.0,0.0014
9.694779,2.8700743,GCF_000237205___471,Negative,0.0003,0.9676
6.7904387,-4.717648,GCF_000237205___472,Negative,0.0,0.0003
12.175619,12.179944,GCF_000237205___473,Negative,0.0043,0.0002
8.571658,2.930797,GCF_000237205___474,Negative,0.0014,0.5835
6.8836637,13.013392,GCF_000237205___475,Negative,0.0001,0.1088
6.0478525,-4.2094555,GCF_000237205___476,Negative,0.0,0.0001
7.4918823,-3.9474664,GCF_000237205___477,Negative,0.0,0.0002
7.852043,10.505094,GCF_000237205___478,Negative,0.0012,0.7934
6.886313,-3.8621378,GCF_000237205___479,Negative,0.0,0.0004
10.983642,12.154728,GCF_000237205___480,Negative,0.0225,0.0024
11.009567,12.060313,GCF_000237205___481,Negative,0.0465,0.005
5.925319,-4.1730857,GCF_000237205___482,Negative,0.0,0.0016
12.069887,12.206759,GCF_000237205___483,Negative,0.0073,0.0006
8.761642,11.73018,GCF_000237205___484,Negative,0.0063,0.9544
11.034471,4.351449,GCF_000237205___485,Negative,0.5189,0.4805
6.649748,10.293335,GCF_000237205___486,Negative,0.0,0.6199
6.9037023,11.088758,GCF_000237205___487,Negative,0.0001,0.7878
5.933914,-3.8950894,GCF_000237205___488,Negative,0.0,0.001
12.339402,12.376785,GCF_000237205___489,Negative,0.0055,0.0
9.5502615,2.063222,GCF_000237205___490,Negative,0.0001,0.9976
8.001827,11.409157,GCF_000237205___491,Negative,0.0005,0.9984
9.449107,1.9534711,GCF_000237205___492,Negative,0.0,0.9876
6.009185,-4.1964,GCF_000237205___493,Negative,0.0,0.0004
7.3900137,3.8805857,GCF_000237205___494,Negative,0.0002,0.0069
5.578189,-3.223344,GCF_000237205___495,Negative,0.0,0.0047
10.313135,2.6412528,GCF_000237205___496,Negative,0.0004,0.9995
7.3848295,10.485283,GCF_000237205___497,Negative,0.0025,0.4101
7.2808065,-4.4643846,GCF_000237205___498,Negative,0.0,0.0001
6.8208013,-0.67120993,GCF_000237205___499,Negative,0.0048,0.3753
6.0534782,-2.327758,GCF_000237205___500,Negative,0.0,0.0616
7.994113,-1.7791228,GCF_000237205___501,Negative,0.0,0.0565
6.1068425,-3.6836972,GCF_000237205___502,Negative,0.0,0.0284
11.125844,12.271382,GCF_000237205___503,Negative,0.5966,0.0007
11.7445755,11.201687,GCF_000237205___504,Negative,0.7521,0.0015
5.4114585,-2.0006402,GCF_000237205___505,Negative,0.0,0.0802
10.537696,5.0066547,GCF_000237205___506,Inc-protein,0.9685,0.0258
10.929937,5.5369787,GCF_000237205___507,Inc-protein,0.9877,0.0122
6.970887,-2.3935258,GCF_000237205___508,Negative,0.0,0.0044
6.386908,-3.4920738,GCF_000237205___509,Negative,0.0001,0.0068
9.289571,2.3013368,GCF_000237205___510,Negative,0.0,0.9986
6.2452664,-4.2530146,GCF_000237205___511,Negative,0.0001,0.0026
10.682477,5.295734,GCF_000237205___512,Inc-protein,0.8736,0.1038
10.587499,4.831849,GCF_000237205___513,Negative,0.7274,0.1912
11.437604,4.366434,GCF_000237205___514,Inc-protein,0.9458,0.0541
10.687708,4.887803,GCF_000237205___515,Inc-protein,0.8615,0.1357
10.929245,4.9060073,GCF_000237205___516,Inc-protein,0.8115,0.1853
8.996909,2.222818,GCF_000237205___517,Negative,0.0004,0.968
5.51479,-2.122786,GCF_000237205___518,Negative,0.0,0.0421
5.67075,-1.7353526,GCF_000237205___519,Negative,0.0,0.0367
11.238115,12.171644,GCF_000237205___520,Negative,0.0632,0.0008
11.306735,11.423344,GCF_000237205___521,Negative,0.1213,0.0243
10.544544,5.794702,GCF_000237205___522,Inc-protein,0.9725,0.0031
7.456495,11.053719,GCF_000237205___523,Negative,0.0008,0.9565
7.108135,-3.3148863,GCF_000237205___524,Negative,0.001,0.0077
8.322582,3.3272214,GCF_000237205___525,Negative,0.0008,0.5765
6.739718,-1.892204,GCF_000237205___526,Negative,0.0,0.0608
6.5481963,-3.6018176,GCF_000237205___527,Negative,0.0,0.0058
5.701381,-1.1422695,GCF_000237205___528,Negative,0.0001,0.6378
9.463484,2.408685,GCF_000237205___529,Negative,0.0003,0.9957
8.872922,1.9269632,GCF_000237205___530,Negative,0.0009,0.2384
11.3203535,11.870822,GCF_000237205___531,Negative,0.1282,0.0016
6.005634,-1.0120518,GCF_000237205___532,Negative,0.0004,0.0544
5.8535213,-2.3772416,GCF_000237205___533,Negative,0.0001,0.153
10.932268,12.063918,GCF_000237205___534,Negative,0.0119,0.002
7.9818134,-1.0017095,GCF_000237205___535,Negative,0.0,0.3198
11.102805,2.8682504,GCF_000237205___536,Negative,0.0004,0.9948
11.142249,3.0859468,GCF_000237205___537,Negative,0.0019,0.9966
12.064498,3.3019938,GCF_000237205___538,Negative,0.0001,0.9997
6.124877,-1.2481571,GCF_000237205___539,Negative,0.0003,0.0139
5.357417,-1.6944053,GCF_000237205___540,Negative,0.0,0.0991
7.33458,-3.9710348,GCF_000237205___541,Negative,0.0,0.0306
7.4616394,-1.6429236,GCF_000237205___542,Negative,0.0004,0.138
9.1728525,2.336386,GCF_000237205___543,Negative,0.0006,0.9978
11.8508835,11.508382,GCF_000237205___544,Negative,0.0192,0.0002
6.405019,12.902109,GCF_000237205___545,Negative,0.0197,0.0487
6.389724,12.862133,GCF_000237205___546,Negative,0.0054,0.0078
7.083531,-1.027235,GCF_000237205___547,Negative,0.0002,0.465
7.0416923,-0.7679429,GCF_000237205___548,Negative,0.0009,0.903
7.5734367,-3.6574376,GCF_000237205___549,Negative,0.0,0.0053
5.385762,-2.9461365,GCF_000237205___550,Negative,0.0,0.0089
6.880844,10.982497,GCF_000237205___551,Negative,0.0,0.61
11.2312,11.251797,GCF_000237205___552,Inc-protein,0.9581,0.0007
11.516915,12.1296015,GCF_000237205___553,Negative,0.0644,0.0004
7.744897,11.384556,GCF_000237205___554,Negative,0.0042,0.9766
8.354813,3.7377236,GCF_000237205___555,Negative,0.0001,0.7733
7.9932976,3.396381,GCF_000237205___556,Negative,0.0007,0.8324
12.479964,12.933382,GCF_000237205___557,Negative,0.0016,0.0
11.637178,12.016695,GCF_000237205___558,Negative,0.1056,0.0016
7.291016,1.0568901,GCF_000237205___559,Negative,0.0011,0.5466
12.594212,12.593059,GCF_000237205___560,Negative,0.0006,0.0
8.469774,11.810645,GCF_000237205___561,Negative,0.0016,0.9865
5.938819,-3.286999,GCF_000237205___562,Negative,0.0,0.001
12.343385,12.424768,GCF_000237205___563,Negative,0.0086,0.0001
6.5823336,-1.1320459,GCF_000237205___564,Negative,0.0001,0.1571
8.191982,-1.7900958,GCF_000237205___565,Negative,0.0002,0.224
7.518782,-1.1423068,GCF_000237205___566,Negative,0.0067,0.2539
8.803077,3.8665218,GCF_000237205___567,Negative,0.0001,0.7993
11.777509,10.643085,GCF_000237205___568,Negative,0.0027,0.0
7.199533,3.8819778,GCF_000237205___569,Negative,0.0,0.0042
7.285256,1.0490679,GCF_000237205___570,Negative,0.0009,0.4892
6.8455577,-4.2608466,GCF_000237205___571,Negative,0.0,0.0025
7.161201,11.1696,GCF_000237205___572,Negative,0.0002,0.1477
8.762966,11.43208,GCF_000237205___573,Negative,0.0024,0.9921
10.540877,5.4009433,GCF_000237205___574,Inc-protein,0.9388,0.0072
5.66867,-3.1008704,GCF_000237205___575,Negative,0.0,0.0459
5.899612,-3.932075,GCF_000237205___576,Negative,0.0,0.0002
5.771005,-3.4649158,GCF_000237205___577,Negative,0.0,0.0041
10.322477,3.1569147,GCF_000237205___578,Negative,0.0018,0.9954
8.044679,3.4562216,GCF_000237205___579,Negative,0.0003,0.0442
10.37349,6.0474696,GCF_000237205___580,Negative,0.733,0.0113
7.2702336,11.159734,GCF_000237205___581,Negative,0.0004,0.4725
6.14792,-2.8015165,GCF_000237205___582,Negative,0.0,0.0448
7.480579,-0.35911208,GCF_000237205___583,Negative,0.0004,0.5466
9.117738,2.246512,GCF_000237205___584,Negative,0.0005,0.9989
6.028317,-3.1348286,GCF_000237205___585,Negative,0.0,0.0201
8.058441,0.39981878,GCF_000237205___586,Negative,0.0001,0.8273
12.491919,13.027906,GCF_000237205___587,Negative,0.0033,0.0
12.515887,12.989165,GCF_000237205___588,Negative,0.0087,0.0
8.061997,-1.9237701,GCF_000237205___589,Negative,0.0,0.0926
6.0792646,-2.5199144,GCF_000237205___590,Negative,0.0,0.4275
7.8310223,11.833297,GCF_000237205___591,Negative,0.0012,0.942
11.573388,11.3988,GCF_000237205___592,Negative,0.0186,0.0004
11.999997,11.226393,GCF_000237205___593,Negative,0.0487,0.0007
8.02799,10.452167,GCF_000237205___594,Negative,0.0062,0.093
8.24861,2.9471476,GCF_000237205___595,Negative,0.0007,0.181
6.7244706,-3.241874,GCF_000237205___596,Negative,0.0002,0.0077
7.9953575,10.618879,GCF_000237205___597,Negative,0.0011,0.645
8.036549,10.797386,GCF_000237205___598,Negative,0.0044,0.4827
10.645321,-4.000844,GCF_000237205___599,Negative,0.0,0.0144
6.346339,12.740936,GCF_000237205___600,Negative,0.0009,0.0231
8.89438,3.7539644,GCF_000237205___601,Negative,0.0003,0.3361
10.790257,5.5465794,GCF_000237205___602,Inc-protein,0.8922,0.0166
6.278699,-2.5822475,GCF_000237205___603,Negative,0.0001,0.0437
12.605955,12.815631,GCF_000237205___604,Negative,0.0008,0.0
7.2291613,3.4912992,GCF_000237205___605,Negative,0.0017,0.9755
11.767019,11.680928,GCF_000237205___606,Negative,0.0207,0.0004
6.785577,-0.18289058,GCF_000237205___607,Negative,0.0,0.5712
11.895711,11.953429,GCF_000237205___608,Negative,0.0318,0.0003
9.230453,2.5137763,GCF_000237205___609,Negative,0.0004,0.999
-8.1820545,12.181247,GCF_000237205___610,Negative,0.019,0.0383
10.906744,-4.1503305,GCF_000237205___611,Negative,0.0001,0.0039
5.349448,-1.6044745,GCF_000237205___612,Negative,0.0,0.1208
11.131489,12.209055,GCF_000237205___613,Negative,0.0967,0.0017
7.2690945,-3.9114382,GCF_000237205___614,Negative,0.0,0.0111
8.977378,2.24998,GCF_000237205___615,Negative,0.0023,0.9828
12.459458,12.21482,GCF_000237205___616,Negative,0.0028,0.0
7.3662477,10.404629,GCF_000237205___617,Negative,0.0002,0.0716
6.4853997,12.825603,GCF_000237205___618,Negative,0.0003,0.002
11.8853445,4.2653084,GCF_000237205___619,Negative,0.073,0.7864
6.246581,-1.6279225,GCF_000237205___620,Negative,0.0015,0.2316
11.693044,11.367066,GCF_000237205___621,Negative,0.1368,0.0001
6.770278,10.549359,GCF_000237205___622,Negative,0.0001,0.0636
6.456651,-3.488857,GCF_000237205___623,Negative,0.0,0.0414
6.0400667,-1.3512305,GCF_000237205___624,Negative,0.0,0.0167
12.608472,12.434576,GCF_000237205___625,Negative,0.0013,0.0001
8.232715,10.56641,GCF_000237205___626,Negative,0.0024,0.1774
9.37525,10.749528,GCF_000237205___627,Negative,0.0003,0.001
12.369521,12.10363,GCF_000237205___628,Negative,0.0105,0.0001
8.915459,3.8554907,GCF_000237205___629,Negative,0.0008,0.9253
10.423357,2.965661,GCF_000237205___630,Negative,0.0001,0.9997
7.2179937,-0.24019574,GCF_000237205___631,Negative,0.0,0.7755
6.430466,-4.331021,GCF_000237205___632,Negative,0.0,0.0027
7.181499,-1.0446696,GCF_000237205___633,Negative,0.0,0.0314
12.077557,11.82618,GCF_000237205___634,Negative,0.011,0.0001
5.6110535,-1.449285,GCF_000237205___635,Negative,0.0001,0.0833
7.205796,-3.350825,GCF_000237205___636,Negative,0.0012,0.006
7.977005,3.4404812,GCF_000237205___637,Negative,0.0006,0.5211
7.3743796,-0.58243513,GCF_000237205___638,Negative,0.0001,0.5969
12.143294,13.06777,GCF_000237205___639,Negative,0.0244,0.0
12.103852,11.742572,GCF_000237205___640,Negative,0.0107,0.0002
5.7024455,-2.7051895,GCF_000237205___641,Negative,0.0001,0.0147
12.338999,12.234603,GCF_000237205___642,Negative,0.0015,0.0
12.28619,12.257395,GCF_000237205___643,Negative,0.0029,0.0001
7.332976,3.5032842,GCF_000237205___644,Negative,0.0009,0.8312
7.5723896,-3.4608333,GCF_000237205___645,Negative,0.0001,0.0113
9.224499,3.6334522,GCF_000237205___646,Negative,0.0,0.9505
7.8572474,11.048332,GCF_000237205___647,Negative,0.0079,0.5267
7.044386,-0.2255831,GCF_000237205___648,Negative,0.0001,0.7867
12.197204,12.078938,GCF_000237205___649,Negative,0.0019,0.0001
10.121555,4.6284704,GCF_000237205___650,Negative,0.0045,0.9778
6.3777385,-4.617948,GCF_000237205___651,Negative,0.0,0.0028
12.24819,12.303599,GCF_000237205___652,Negative,0.0009,0.0
11.783078,12.593408,GCF_000237205___653,Negative,0.0113,0.0
6.846279,-2.669584,GCF_000237205___654,Negative,0.0,0.0031
5.7786627,-1.2604825,GCF_000237205___655,Negative,0.0001,0.0247
8.202405,3.1789,GCF_000237205___656,Negative,0.0013,0.2472
7.9009767,3.377073,GCF_000237205___657,Negative,0.0002,0.052
6.633571,10.4932,GCF_000237205___658,Negative,0.0006,0.9905
-8.151404,12.150595,GCF_000237205___659,Negative,0.019,0.0383
10.873185,-4.119149,GCF_000237205___660,Negative,0.0001,0.0039
6.3278246,-4.4459352,GCF_000237205___661,Negative,0.0,0.0005
10.379338,5.090175,GCF_000237205___662,Inc-protein,0.8187,0.0851
6.1928596,-4.5152946,GCF_000237205___663,Negative,0.0,0.0005
7.3786864,-2.5721695,GCF_000237205___664,Negative,0.0,0.0039
9.173742,2.3736427,GCF_000237205___665,Negative,0.0004,0.9913
9.165211,11.608127,GCF_000237205___666,Inc-protein,0.9854,0.0039
10.962146,11.585028,GCF_000237205___667,Inc-protein,0.812,0.0019
6.4467807,-1.739931,GCF_000237205___668,Negative,0.0001,0.2895
5.4826365,-3.0197954,GCF_000237205___669,Negative,0.0,0.0025
6.35765,-2.2507794,GCF_000237205___670,Negative,0.0,0.0594
5.407295,-2.135543,GCF_000237205___671,Negative,0.0,0.0213
12.244049,12.835347,GCF_000237205___672,Negative,0.0008,0.0
5.9713974,-3.1943526,GCF_000237205___673,Negative,0.0,0.0069
9.497879,2.374368,GCF_000237205___674,Negative,0.0009,0.9847
7.2626815,-0.6516624,GCF_000237205___675,Negative,0.0002,0.1235
11.747943,11.838943,GCF_000237205___676,Negative,0.0061,0.0
12.299441,12.115475,GCF_000237205___677,Negative,0.008,0.0001
7.5576696,-3.415354,GCF_000237205___678,Negative,0.0034,0.0145
5.7073655,-3.0064907,GCF_000237205___679,Negative,0.0,0.049
6.8361597,-3.481877,GCF_000237205___680,Negative,0.0,0.0257
12.117445,3.3170285,GCF_000237205___681,Negative,0.0001,0.9997
9.240598,2.3909957,GCF_000237205___682,Negative,0.0028,0.9939
11.992486,11.310179,GCF_000237205___683,Negative,0.032,0.0001
6.5294356,-2.6402361,GCF_000237205___684,Negative,0.0,0.0086
7.6433268,-4.251462,GCF_000237205___685,Negative,0.0,0.0001
7.427768,-4.379148,GCF_000237205___686,Negative,0.0,0.001
6.886742,10.707845,GCF_000237205___687,Negative,0.0001,0.2767
12.337094,12.231255,GCF_000237205___688,Negative,0.0012,0.0
9.224411,3.739262,GCF_000237205___689,Negative,0.0001,0.6806
6.0490255,-2.0767314,GCF_000237205___690,Negative,0.0006,0.3151
11.371904,11.329739,GCF_000237205___691,Negative,0.0404,0.0012
11.205493,11.675671,GCF_000237205___692,Negative,0.1837,0.0052
11.226798,11.816737,GCF_000237205___693,Negative,0.1008,0.0021
6.8124514,-0.8345496,GCF_000237205___694,Negative,0.0001,0.7576
9.316275,10.512791,GCF_000237205___695,Negative,0.0002,0.0038
7.5459924,3.1974123,GCF_000237205___696,Negative,0.0,0.0452
7.047212,12.020977,GCF_000237205___697,Negative,0.0001,0.0061
7.081394,11.75882,GCF_000237205___698,Negative,0.0001,0.8801
7.1456437,11.712058,GCF_000237205___699,Negative,0.0002,0.865
11.7172365,3.1518276,GCF_000237205___700,Negative,0.0001,0.9994
6.8953238,12.985015,GCF_000237205___701,Negative,0.0001,0.0873
6.948082,12.990871,GCF_000237205___702,Negative,0.0002,0.1669
7.5098963,10.950622,GCF_000237205___703,Negative,0.0003,0.3627
11.048219,5.6575375,GCF_000237205___704,Inc-protein,0.994,0.0055
8.733222,3.284651,GCF_000237205___705,Negative,0.0001,0.6215
12.006755,3.2343547,GCF_000237205___706,Negative,0.0,0.9998
6.4495287,-3.9129786,GCF_000237205___707,Negative,0.0,0.0008
11.532936,3.056418,GCF_000237205___708,Negative,0.0001,0.1647
6.9994974,-1.8462076,GCF_000237205___709,Negative,0.0,0.0127
7.216473,-2.2070296,GCF_000237205___710,Negative,0.0004,0.0228
11.411737,12.10498,GCF_000237205___711,Negative,0.3221,0.0002
7.857164,-3.350384,GCF_000237205___712,Negative,0.0001,0.0104
7.291841,-4.207592,GCF_000237205___713,Negative,0.0,0.0016
5.437743,-2.358047,GCF_000237205___714,Negative,0.0,0.0096
5.829652,-2.548304,GCF_000237205___715,Negative,0.0002,0.0033
7.8734446,-3.3590994,GCF_000237205___716,Negative,0.0,0.0009
6.1872425,-3.2721558,GCF_000237205___717,Negative,0.0,0.0145
7.424091,-2.26623,GCF_000237205___718,Negative,0.0,0.0297
6.4326096,-3.6979647,GCF_000237205___719,Negative,0.0,0.0039
10.446273,5.6202793,GCF_000237205___720,Inc-protein,0.8879,0.1081
10.401511,5.5845685,GCF_000237205___721,Negative,0.7722,0.2226
6.649706,-0.7882103,GCF_000237205___722,Negative,0.0005,0.4029
6.8061876,-3.65804,GCF_000237205___723,Negative,0.0,0.0015
8.272238,2.8867881,GCF_000237205___724,Negative,0.0003,0.3096
6.948056,-3.5948398,GCF_000237205___725,Negative,0.0,0.009
7.479436,3.6203632,GCF_000237205___726,Negative,0.0002,0.0004
6.658692,-3.0346348,GCF_000237205___727,Negative,0.0,0.0201
8.43634,2.5849667,GCF_000237205___728,Negative,0.0,0.9673
7.308287,-0.09026716,GCF_000237205___729,Negative,0.0001,0.7291
6.9334455,-2.9967957,GCF_000237205___730,Negative,0.0,0.0027
7.8166046,11.119341,GCF_000237205___731,Negative,0.0139,0.479
6.8760676,-2.8316274,GCF_000237205___732,Negative,0.0001,0.0206
6.7768073,-0.3447947,GCF_000237205___733,Negative,0.0002,0.343
8.1609,10.886163,GCF_000237205___734,Negative,0.0031,0.8438
7.9789553,-1.9486109,GCF_000237205___735,Negative,0.0001,0.3344
11.83725,11.33329,GCF_000237205___736,Negative,0.1117,0.001
7.5192595,-0.55319273,GCF_000237205___737,Negative,0.0011,0.5041
6.609474,12.8075695,GCF_000237205___738,Negative,0.0044,0.5886
7.732573,-1.1256809,GCF_000237205___739,Negative,0.0002,0.1874
7.149294,-4.249982,GCF_000237205___740,Negative,0.0,0.0017
9.385667,10.825568,GCF_000237205___741,Negative,0.005,0.0182
7.1942225,-4.4908853,GCF_000237205___742,Negative,0.0,0.0017
8.090286,-2.8595014,GCF_000237205___743,Negative,0.0,0.0271
10.784747,3.0340347,GCF_000237205___744,Negative,0.0,0.9995
6.0256996,-2.839553,GCF_000237205___745,Negative,0.0,0.0669
6.685046,-3.7105796,GCF_000237205___746,Negative,0.0,0.0173
7.1267986,-2.6556928,GCF_000237205___747,Negative,0.0,0.0011
5.9571314,-3.9622784,GCF_000237205___748,Negative,0.0,0.0014
8.677526,2.4552844,GCF_000237205___749,Negative,0.0012,0.684
10.877478,12.371736,GCF_000237205___750,Inc-protein,0.9064,0.0012
10.460361,6.025251,GCF_000237205___751,Inc-protein,0.9606,0.0036
6.93892,13.000113,GCF_000237205___752,Negative,0.0001,0.4487
5.471571,-2.4514637,GCF_000237205___753,Negative,0.0001,0.0146
7.8294625,-2.4984546,GCF_000237205___754,Negative,0.0,0.0235
10.012189,2.6793232,GCF_000237205___755,Negative,0.0001,0.9963
8.506094,11.035932,GCF_000237205___756,Negative,0.0002,0.6083
6.096974,-3.69413,GCF_000237205___757,Negative,0.0,0.0048
11.234091,12.198415,GCF_000237205___758,Negative,0.1502,0.0009
7.2586155,-0.64425683,GCF_000237205___759,Negative,0.0044,0.1489
6.838275,10.722988,GCF_000237205___760,Negative,0.0001,0.2373
6.6570883,13.123719,GCF_000237205___761,Negative,0.0011,0.4457
6.7871604,13.107615,GCF_000237205___762,Negative,0.0006,0.4744
6.2589087,-1.3937957,GCF_000237205___763,Negative,0.0002,0.0266
7.045054,12.070027,GCF_000237205___764,Negative,0.0001,0.002
6.141256,-4.2520175,GCF_000237205___765,Negative,0.0002,0.0012
6.8604507,-4.5131693,GCF_000237205___766,Negative,0.0,0.0003
7.2271366,-3.6217122,GCF_000237205___767,Negative,0.0,0.0047
10.091256,3.7378237,GCF_000237205___768,Negative,0.0783,0.8707
11.108543,12.317094,GCF_000237205___769,Negative,0.5531,0.0006
5.8118253,-1.1230019,GCF_000237205___770,Negative,0.0004,0.2112
7.488043,10.8423395,GCF_000237205___771,Negative,0.0005,0.1486
7.765042,10.633361,GCF_000237205___772,Negative,0.001,0.1033
5.3846707,-2.9969156,GCF_000237205___773,Negative,0.0,0.0071
11.003808,4.9634113,GCF_000237205___774,Inc-protein,0.9927,0.0065
11.237796,3.372489,GCF_000237205___775,Negative,0.0065,0.9919
9.491268,2.3106272,GCF_000237205___776,Negative,0.0,0.9985
6.127843,-4.081789,GCF_000237205___777,Negative,0.0,0.0027
6.6902637,-3.8788831,GCF_000237205___778,Negative,0.0,0.0023
7.042543,-3.793818,GCF_000237205___779,Negative,0.0,0.002
7.322981,-1.5831618,GCF_000237205___780,Negative,0.0,0.0932
11.50772,11.663181,GCF_000237205___781,Negative,0.0958,0.0004
11.541533,11.725195,GCF_000237205___782,Negative,0.1336,0.0008
12.634222,12.296894,GCF_000237205___783,Negative,0.0314,0.0
9.239345,11.118876,GCF_000237205___784,Negative,0.0131,0.2377
11.823941,11.683119,GCF_000237205___785,Negative,0.0923,0.0013
12.132315,11.867118,GCF_000237205___786,Negative,0.0046,0.0003
7.047814,-3.4659226,GCF_000237205___787,Negative,0.0,0.0121
6.918719,-4.5865407,GCF_000237205___788,Negative,0.0,0.0004
6.482395,12.896491,GCF_000237205___789,Negative,0.0023,0.0197
7.0619216,-2.7578838,GCF_000237205___790,Negative,0.0,0.0034
7.1470366,-2.9624672,GCF_000237205___791,Negative,0.0,0.0716
10.817127,4.1048765,GCF_000237205___792,Negative,0.0224,0.9773
5.827086,-2.4768393,GCF_000237205___793,Negative,0.0,0.024
11.10356,12.421685,GCF_000237205___794,Negative,0.1858,0.0002
11.706114,10.995883,GCF_000237205___795,Negative,0.7595,0.001
6.3676863,-2.2490203,GCF_000237205___796,Negative,0.0,0.0296
12.011181,11.6397,GCF_000237205___797,Negative,0.0884,0.0012
6.2485576,12.728713,GCF_000237205___798,Negative,0.0105,0.0026
7.442257,-2.668792,GCF_000237205___799,Negative,0.0,0.0019
10.234148,2.5038557,GCF_000237205___800,Negative,0.0001,0.9999
6.9744678,12.934716,GCF_000237205___801,Negative,0.0004,0.1361
7.8426065,-1.4117434,GCF_000237205___802,Negative,0.0,0.0304
6.894871,-3.1445138,GCF_000237205___803,Negative,0.0001,0.0056
6.55105,-1.0815692,GCF_000237205___804,Negative,0.0001,0.191
11.813007,11.833457,GCF_000237205___805,Negative,0.1607,0.0011
7.2559004,-1.1190174,GCF_000237205___806,Negative,0.0,0.1207
6.1956425,-2.921645,GCF_000237205___807,Negative,0.0,0.0076
6.746244,-0.35173234,GCF_000237205___808,Negative,0.0001,0.7166
11.263603,3.2610285,GCF_000237205___809,Negative,0.0284,0.9713
11.045034,5.6622233,GCF_000237205___810,Inc-protein,0.9598,0.0396
7.383385,-2.7413766,GCF_000237205___811,Negative,0.0004,0.0239
6.6674843,13.080769,GCF_000237205___812,Negative,0.0006,0.5538
7.7260776,-1.5532815,GCF_000237205___813,Negative,0.0,0.0007
10.741596,3.8833253,GCF_000237205___814,Negative,0.0178,0.9813
8.905763,11.402977,GCF_000237205___815,Negative,0.007,0.981
7.338441,3.6607456,GCF_000237205___816,Negative,0.0,0.0242
6.965867,-4.6245966,GCF_000237205___817,Negative,0.0,0.0018
6.783076,-4.013654,GCF_000237205___818,Negative,0.0,0.0016
10.852068,5.5055327,GCF_000237205___819,Inc-protein,0.927,0.0692
10.347699,6.1360793,GCF_000237205___820,Inc-protein,0.9445,0.0236
10.400108,5.343765,GCF_000237205___821,Negative,0.4732,0.4543
7.878589,3.542898,GCF_000237205___822,Negative,0.0142,0.2428
6.2290335,-4.5560613,GCF_000237205___823,Negative,0.0,0.0046
6.198311,-1.5055782,GCF_000237205___824,Negative,0.0002,0.2018
6.6617837,-0.7378559,GCF_000237205___825,Negative,0.0185,0.3829
6.531763,-1.3703202,GCF_000237205___826,Negative,0.0002,0.2312
9.402112,10.911742,GCF_000237205___827,Negative,0.0005,0.0429
11.5760565,12.463936,GCF_000237205___828,Negative,0.1095,0.0001
6.9610596,12.228546,GCF_000237205___829,Negative,0.0001,0.0117
6.2193556,12.768539,GCF_000237205___830,Negative,0.0003,0.0059
12.554667,12.849664,GCF_000237205___831,Negative,0.0021,0.0
12.483304,12.904301,GCF_000237205___832,Negative,0.0017,0.0
7.00875,12.89684,GCF_000237205___833,Negative,0.0002,0.1578
6.9663005,12.939417,GCF_000237205___834,Negative,0.0001,0.0555
10.838661,2.6232383,GCF_000237205___835,Negative,0.0005,0.9988
9.031067,2.6531906,GCF_000237205___836,Negative,0.0001,0.9941
5.814289,-2.340691,GCF_000237205___837,Negative,0.0,0.0379
5.9425445,-3.8142483,GCF_000237205___838,Negative,0.0001,0.0091
5.7710423,-1.5859174,GCF_000237205___839,Negative,0.0,0.0086
6.0405436,-2.6360445,GCF_000237205___840,Negative,0.0,0.0122
6.6062098,-4.1995234,GCF_000237205___841,Negative,0.0,0.0008
12.003379,12.878803,GCF_000237205___842,Negative,0.0147,0.0
7.402624,-0.3361878,GCF_000237205___843,Negative,0.0003,0.5984
8.931497,3.92778,GCF_000237205___844,Negative,0.0011,0.1144
12.238976,3.3908527,GCF_000237205___845,Negative,0.0004,0.986
6.4682803,12.794259,GCF_000237205___846,Negative,0.0045,0.3293
8.248866,11.262173,GCF_000237205___847,Negative,0.0004,0.9984
6.831739,-2.6037683,GCF_000237205___848,Negative,0.0,0.0126
11.914864,3.2492242,GCF_000237205___849,Negative,0.0008,0.9991
11.841777,3.2124245,GCF_000237205___850,Negative,0.001,0.9989
11.891928,3.196616,GCF_000237205___851,Negative,0.0011,0.9989
7.8939347,3.5640807,GCF_000237205___852,Negative,0.0033,0.1185
8.009756,-2.0083911,GCF_000237205___853,Negative,0.0,0.5539
10.734615,11.816722,GCF_000237205___854,Inc-protein,0.925,0.0027
9.823488,2.590288,GCF_000237205___855,Negative,0.0016,0.9848
7.248397,-0.14447299,GCF_000237205___856,Negative,0.0001,0.8667
7.6475797,3.8074353,GCF_000237205___857,Negative,0.0,0.0011
8.075632,3.8568552,GCF_000237205___858,Negative,0.0,0.0011
12.450664,13.004608,GCF_000237205___859,Negative,0.0023,0.0
6.10744,-4.4978123,GCF_000237205___860,Negative,0.0,0.0095
6.5765676,-0.7088451,GCF_000237205___861,Negative,0.0003,0.169
6.8998785,13.069103,GCF_000237205___862,Negative,0.0016,0.0041
7.0810957,-0.34592634,GCF_000237205___863,Negative,0.0004,0.5988
11.454458,12.653974,GCF_000237205___864,Negative,0.0411,0.0001
11.463667,12.599003,GCF_000237205___865,Negative,0.0258,0.0
8.369329,3.83127,GCF_000237205___866,Negative,0.0643,0.5053
6.894218,-1.3498902,GCF_000237205___867,Negative,0.0003,0.7653
9.040044,11.628346,GCF_000237205___868,Negative,0.1739,0.046
5.4925327,-2.8207111,GCF_000237205___869,Negative,0.0,0.0304
5.4698973,-1.6424633,GCF_000237205___870,Negative,0.0,0.0092
9.088559,2.3616774,GCF_000237205___871,Negative,0.0286,0.9474
9.093571,2.3314338,GCF_000237205___872,Negative,0.0411,0.9468
8.965094,2.1519573,GCF_000237205___873,Negative,0.0075,0.9881
6.815845,-2.7657213,GCF_000237205___874,Negative,0.0,0.003
7.426855,-0.29346344,GCF_000237205___875,Negative,0.0,0.8152
10.7204275,11.860352,GCF_000237205___876,Inc-protein,0.8895,0.0031
10.803947,11.960162,GCF_000237205___877,Negative,0.54,0.0082
9.602786,10.92059,GCF_000237205___878,Negative,0.0052,0.008
6.5470605,-0.7644221,GCF_000237205___879,Negative,0.0002,0.3637
7.7020025,10.773651,GCF_000237205___880,Negative,0.004,0.8227
6.5383987,-4.681764,GCF_000237205___881,Negative,0.0,0.0023
6.3237023,-2.4024112,GCF_000237205___882,Negative,0.0,0.0496
11.411721,11.502158,GCF_000237205___883,Negative,0.1244,0.0012
6.3658805,-2.741881,GCF_000237205___884,Negative,0.0001,0.0575
11.432374,11.784167,GCF_000237205___885,Negative,0.1608,0.0007
7.067846,10.419703,GCF_000237205___886,Negative,0.0002,0.2993
8.576052,11.406696,GCF_000237205___887,Negative,0.0013,0.9949
10.042665,3.0591767,GCF_000237205___888,Negative,0.0023,0.7763
9.451459,2.6038532,GCF_000237205___889,Negative,0.0015,0.9668
5.8871055,-2.1112154,GCF_000237205___890,Negative,0.0003,0.0809
6.21426,-4.5545883,GCF_000237205___891,Negative,0.0,0.0017
5.945915,-1.363022,GCF_000237205___892,Negative,0.0001,0.0755
12.144063,13.092919,GCF_000237205___893,Negative,0.0001,0.0001
7.97246,-3.3432195,GCF_000237205___894,Negative,0.0,0.0003
5.7091393,-3.5442667,GCF_000237205___895,Negative,0.0,0.0005
8.698553,10.944841,GCF_000237205___896,Negative,0.0369,0.8095
10.888909,3.2818415,GCF_000237205___897,Negative,0.0007,0.9966
5.396732,-3.4142134,GCF_000237205___898,Negative,0.0,0.0029
8.873371,1.8660133,GCF_000237205___899,Negative,0.0001,0.7021
6.7164283,-4.154355,GCF_000237205___900,Negative,0.0,0.0008
7.929303,0.32789394,GCF_000237205___901,Negative,0.0007,0.9042
6.321173,-3.4386222,GCF_000237205___902,Negative,0.0,0.003
5.938946,-2.8306603,GCF_000237205___903,Negative,0.0,0.0021
6.603705,-4.588766,GCF_000237205___904,Negative,0.0,0.0011
11.988684,11.87222,GCF_000237205___905,Negative,0.0074,0.0001
4.9860587,-3.613323,GCF_000237205___906,Negative,0.0,0.0033
6.425412,12.896161,GCF_000237205___907,Negative,0.0124,0.0235
8.333338,3.3664567,GCF_000237205___908,Negative,0.0001,0.8749
5.9190273,-3.7640843,GCF_000237205___909,Negative,0.0,0.0054
6.388905,-3.1059449,GCF_000237205___910,Negative,0.0,0.026
7.225003,-1.7561282,GCF_000237205___911,Negative,0.0,0.0157
7.5281096,-2.8033364,GCF_000237205___912,Negative,0.0,0.0121
5.836435,-3.1920147,GCF_000237205___913,Negative,0.0,0.0059
6.5454016,-4.6937976,GCF_000237205___914,Negative,0.0,0.0003
9.00573,11.642458,GCF_000237205___915,Negative,0.0776,0.1771
9.2342615,11.140326,GCF_000237205___916,Negative,0.0028,0.0236
9.727962,2.4167838,GCF_000237205___917,Negative,0.0004,0.9917
6.647013,-1.0095638,GCF_000237205___918,Negative,0.0001,0.478
8.422875,2.9469986,GCF_000237205___919,Negative,0.0014,0.2104
11.720395,10.913664,GCF_000237205___920,Negative,0.7543,0.0006
5.44564,-2.6590703,GCF_000237205___921,Negative,0.0002,0.0312
12.18978,12.397159,GCF_000237205___922,Negative,0.0075,0.0001
7.085496,-2.6449828,GCF_000237205___923,Negative,0.0,0.026
6.7825418,-2.1144521,GCF_000237205___924,Negative,0.0001,0.0778
9.415851,3.6380477,GCF_000237205___925,Negative,0.0,0.2819
6.9195933,-1.1484501,GCF_000237205___926,Negative,0.0001,0.2968
11.283179,11.373672,GCF_000237205___927,Negative,0.1287,0.0079
5.47482,-2.5002396,GCF_000237205___928,Negative,0.0,0.0122
11.191757,4.3457255,GCF_000237205___929,Inc-protein,0.988,0.012
7.492289,10.423852,GCF_000237205___930,Negative,0.0006,0.0835
5.504504,-1.3359567,GCF_000237205___931,Negative,0.0001,0.0136
11.408495,11.443055,GCF_000237205___932,Negative,0.6579,0.0003
5.5170355,-2.6096766,GCF_000237205___933,Negative,0.0,0.0442
8.485971,2.5711124,GCF_000237205___934,Negative,0.0052,0.5745
6.334224,-3.055406,GCF_000237205___935,Negative,0.0,0.0035
9.34601,10.803527,GCF_000237205___936,Negative,0.009,0.0071
11.21291,4.7707806,GCF_000237205___937,Inc-protein,0.9998,0.0001
7.447115,10.964383,GCF_000237205___938,Negative,0.0014,0.7802
10.493272,5.269932,GCF_000237205___939,Negative,0.1166,0.8818
6.7618985,13.107245,GCF_000237205___940,Negative,0.0003,0.5865
8.167286,10.476055,GCF_000237205___941,Negative,0.0037,0.1651
5.686494,-1.1192511,GCF_000237205___942,Negative,0.0,0.0043
7.935602,-0.98364216,GCF_000237205___943,Negative,0.0,0.2189
5.5398545,-2.2982376,GCF_000237205___944,Negative,0.0,0.0642
7.242872,-3.8971398,GCF_000237205___945,Negative,0.0,0.0016
9.818596,11.065881,GCF_000237205___946,Negative,0.2467,0.1664
7.064695,11.904779,GCF_000237205___947,Negative,0.0002,0.0775
7.5306473,-3.539413,GCF_000237205___948,Negative,0.0,0.0191
11.237845,11.406722,GCF_000237205___949,Negative,0.0181,0.0167
7.564134,-0.25418043,GCF_000237205___950,Negative,0.0,0.2846
7.306662,1.022074,GCF_000237205___951,Negative,0.0,0.0557
-8.130457,12.129657,GCF_000237205___952,Negative,0.019,0.0383
10.869674,-4.1167235,GCF_000237205___953,Negative,0.0001,0.0039
9.875085,2.3753428,GCF_000237205___954,Negative,0.0,0.9999
5.5846066,-1.7253653,GCF_000237205___955,Negative,0.0001,0.3542
6.7075953,-1.4099162,GCF_000237205___956,Negative,0.0,0.0297
5.7649674,-3.0786054,GCF_000237205___957,Negative,0.0,0.017
6.7699933,-3.4869728,GCF_000237205___958,Negative,0.0,0.0027
5.80389,-2.1472268,GCF_000237205___959,Negative,0.0,0.0398
5.748389,-2.0664525,GCF_000237205___960,Negative,0.0,0.036
5.732281,-3.2270944,GCF_000237205___961,Negative,0.0001,0.0096
6.2528358,-4.3060074,GCF_000237205___962,Negative,0.0,0.002
5.4934487,-3.1115956,GCF_000237205___963,Negative,0.0,0.0005
6.8266563,-4.512949,GCF_000237205___964,Negative,0.0,0.0012
11.003122,3.1131842,GCF_000237205___965,Negative,0.0003,0.9996
11.455034,3.209591,GCF_000237205___966,Negative,0.0015,0.9956
5.8574414,-1.8444164,GCF_000237205___967,Negative,0.0003,0.0622
5.585997,-2.805554,GCF_000237205___968,Negative,0.0,0.0362
8.013459,11.279522,GCF_000237205___969,Negative,0.0005,0.9955
10.002695,2.472945,GCF_000237205___970,Negative,0.0004,0.9988
9.446631,10.794115,GCF_000237205___971,Negative,0.0013,0.0018
11.803257,12.653642,GCF_000237205___972,Negative,0.0074,0.0
6.8957257,10.849652,GCF_000237205___973,Negative,0.0003,0.6791
10.869667,-4.1338115,GCF_000237205___974,Negative,0.0,0.0015
7.9347286,-3.1570368,GCF_000237205___975,Negative,0.0,0.0059
5.782599,-2.5269783,GCF_000237205___976,Negative,0.0,0.003
6.002968,-3.3499956,GCF_000237205___977,Negative,0.0,0.0024
5.4364166,-1.9558113,GCF_000237205___978,Negative,0.0,0.044
6.079734,-3.4130316,GCF_000237205___979,Negative,0.0,0.0018
6.1219225,-3.5831792,GCF_000237205___980,Negative,0.0,0.0059
7.0570517,-1.8348213,GCF_000237205___981,Negative,0.0004,0.6435
6.754289,-2.2713785,GCF_000237205___982,Negative,0.0,0.0125
7.219255,11.60446,GCF_000237205___983,Negative,0.0011,0.7441
7.3751283,-0.7003063,GCF_000237205___984,Negative,0.0,0.7179
6.651086,-3.8306656,GCF_000237205___985,Negative,0.0,0.0049
7.6701236,0.1697646,GCF_000237205___986,Negative,0.0002,0.9467
7.0648193,-0.21192454,GCF_000237205___987,Negative,0.0004,0.2189
11.296369,11.878614,GCF_000237205___988,Negative,0.1331,0.0023
7.8635135,10.545612,GCF_000237205___989,Negative,0.0013,0.5235
7.715459,10.478949,GCF_000237205___990,Negative,0.0007,0.2103
6.072314,-2.7858512,GCF_000237205___991,Negative,0.0,0.0997
7.6309977,10.373044,GCF_000237205___992,Negative,0.0002,0.006
9.314592,10.573318,GCF_000237205___993,Negative,0.0,0.0001
12.591395,12.548023,GCF_000237205___994,Negative,0.0003,0.0
11.643034,11.686348,GCF_000237205___995,Negative,0.0807,0.0006
7.763216,10.559348,GCF_000237205___996,Negative,0.0006,0.1063
12.330385,3.4492388,GCF_000237205___997,Negative,0.0002,0.9746
11.478096,2.9428148,GCF_000237205___998,Negative,0.0009,0.884
6.7315826,-4.4037724,GCF_000237205___999,Negative,0.0,0.0017
7.258124,-3.0813367,GCF_000237205___1000,Negative,0.0,0.0008
12.058583,12.763622,GCF_000237205___1001,Negative,0.0061,0.0001
12.048765,12.1624365,GCF_000237205___1002,Negative,0.0065,0.0001
6.876745,-3.7134018,GCF_000237205___1003,Negative,0.0,0.004
11.682085,11.464752,GCF_000237205___1004,Negative,0.4754,0.0013
11.144792,5.463302,GCF_000237205___1005,Inc-protein,0.9994,0.0001
8.812981,3.1463804,GCF_000237205___1006,Negative,0.0003,0.936
6.0415587,-3.5673356,GCF_000237205___1007,Negative,0.0,0.0026
8.99018,11.364516,GCF_000237205___1008,Negative,0.0025,0.6855
7.9061723,11.33108,GCF_000237205___1009,Negative,0.0007,0.8999
10.401291,2.470167,GCF_000237205___1010,Negative,0.0,1.0
8.132307,10.584551,GCF_000237205___1011,Negative,0.0027,0.5246
7.5755157,10.535555,GCF_000237205___1012,Negative,0.0006,0.5159
8.873786,11.308581,GCF_000237205___1013,Negative,0.0034,0.8421
11.73291,12.074015,GCF_000237205___1014,Negative,0.0308,0.0004
7.147921,10.893337,GCF_000237205___1015,Negative,0.0002,0.2666
9.170823,2.3492255,GCF_000237205___1016,Negative,0.0002,0.9993
10.88213,6.0785947,GCF_000237205___1017,Negative,0.6812,0.0251
6.160957,-3.0772817,GCF_000237205___1018,Negative,0.0,0.0072
6.598077,-1.4837214,GCF_000237205___1019,Negative,0.0011,0.0438
9.39461,10.871051,GCF_000237205___1020,Negative,0.0,0.0015
7.0931177,-3.7054684,GCF_000237205___1021,Negative,0.0,0.0041
12.358451,12.258092,GCF_000237205___1022,Negative,0.005,0.0
6.9142227,-2.7563272,GCF_000237205___1023,Negative,0.0,0.0022
10.727476,5.0446014,GCF_000237205___1024,Negative,0.2725,0.7273
10.538296,4.7433662,GCF_000237205___1025,Negative,0.3331,0.6591
6.268126,-0.9988535,GCF_000237205___1026,Negative,0.0,0.0227
11.674639,3.178092,GCF_000237205___1027,Negative,0.0063,0.7114
6.158645,-4.259964,GCF_000237205___1028,Negative,0.0,0.0207
12.21717,12.824649,GCF_000237205___1029,Negative,0.0145,0.0
11.75565,11.612181,GCF_000237205___1030,Negative,0.5005,0.0
11.447134,12.684867,GCF_000237205___1031,Negative,0.0479,0.0
6.6996784,-0.5325559,GCF_000237205___1032,Negative,0.0192,0.1636
10.912948,4.82747,GCF_000237205___1033,Negative,0.7891,0.2046
10.027602,3.6773524,GCF_000237205___1034,Negative,0.3053,0.6333
9.412486,11.11788,GCF_000237205___1035,Negative,0.0004,0.0004
5.725366,-1.0577159,GCF_000237205___1036,Negative,0.0,0.0041
9.578171,2.4064116,GCF_000237205___1037,Negative,0.0001,0.9975
6.6424704,-4.7123947,GCF_000237205___1038,Negative,0.0,0.0012
11.118575,4.737983,GCF_000237205___1039,Inc-protein,0.966,0.0289
9.347129,2.3549554,GCF_000237205___1040,Negative,0.0001,0.9825
6.760633,-0.7220656,GCF_000237205___1041,Negative,0.0023,0.3451
5.244122,-3.0543814,GCF_000237205___1042,Negative,0.0,0.0003
7.254898,-4.4210196,GCF_000237205___1043,Negative,0.0,0.0003
6.487583,-0.9024729,GCF_000237205___1044,Negative,0.0003,0.5817
9.777819,2.9062417,GCF_000237205___1045,Negative,0.0002,0.9512
6.0260453,-3.3736286,GCF_000237205___1046,Negative,0.0,0.0299
6.4260645,-3.977062,GCF_000237205___1047,Negative,0.0,0.0011
7.3924074,-3.467072,GCF_000237205___1048,Negative,0.0002,0.0093
12.4591055,3.9588983,GCF_000237205___1049,Negative,0.0364,0.9004
10.887049,3.2051237,GCF_000237205___1050,Negative,0.0004,0.9995
8.536187,1.9988753,GCF_000237205___1051,Negative,0.0022,0.1856
7.1725397,-4.0570126,GCF_000237205___1052,Negative,0.0,0.0007
7.960193,-3.1953945,GCF_000237205___1053,Negative,0.0,0.0049
12.080447,3.3256383,GCF_000237205___1054,Negative,0.0002,0.9995
5.769112,-3.2558715,GCF_000237205___1055,Negative,0.0,0.0031
11.644083,4.16529,GCF_000237205___1056,Inc-protein,0.9956,0.0044
6.1745014,-3.5972986,GCF_000237205___1057,Negative,0.0,0.0173
7.0481315,12.850777,GCF_000237205___1058,Negative,0.0001,0.0489
12.3651495,13.00168,GCF_000237205___1059,Negative,0.0001,0.0
7.6872187,10.341191,GCF_000237205___1060,Negative,0.0001,0.0673
7.8171816,10.411334,GCF_000237205___1061,Negative,0.0002,0.0083
10.789905,5.642495,GCF_000237205___1062,Inc-protein,0.9902,0.0077
10.914699,3.2677743,GCF_000237205___1063,Negative,0.0011,0.9987
10.866865,5.2913527,GCF_000237205___1064,Negative,0.5932,0.4053
8.415515,3.1188827,GCF_000237205___1065,Negative,0.0002,0.9038
6.228848,-3.4316397,GCF_000237205___1066,Negative,0.0,0.0122
6.3623004,-3.8076015,GCF_000237205___1067,Negative,0.0001,0.0054
6.678193,-0.83782345,GCF_000237205___1068,Negative,0.0014,0.1003
7.4275694,11.779107,GCF_000237205___1069,Negative,0.0001,0.6515
12.415491,13.078105,GCF_000237205___1070,Negative,0.0001,0.0
6.8544736,-1.8239732,GCF_000237205___1071,Negative,0.0,0.2747
8.955564,11.639213,GCF_000237205___1072,Negative,0.2696,0.6732
12.087816,12.993416,GCF_000237205___1073,Negative,0.0016,0.0
11.81048,12.450308,GCF_000237205___1074,Negative,0.0237,0.0
7.475066,10.825028,GCF_000237205___1075,Negative,0.0007,0.5555
11.850728,11.503941,GCF_000237205___1076,Negative,0.3625,0.0002
11.097601,3.222615,GCF_000237205___1077,Negative,0.0037,0.9957
11.86101,11.648523,GCF_000237205___1078,Negative,0.081,0.0006
6.98376,-2.9263327,GCF_000237205___1079,Negative,0.0,0.0018
10.051314,3.24578,GCF_000237205___1080,Negative,0.0014,0.9878
7.884286,11.18418,GCF_000237205___1081,Negative,0.0013,0.9315
5.655438,-1.9443661,GCF_000237205___1082,Negative,0.0001,0.1199
6.56609,-1.5766915,GCF_000237205___1083,Negative,0.0,0.0672
11.924413,12.279053,GCF_000237205___1084,Negative,0.3566,0.0
6.9390984,3.910827,GCF_000237205___1085,Negative,0.014,0.0879
6.7999816,-3.5894794,GCF_000237205___1086,Negative,0.0,0.0168
8.039792,-2.1370938,GCF_000237205___1087,Negative,0.0,0.4788
6.3861575,-1.6106353,GCF_000237205___1088,Negative,0.0003,0.0361
10.497188,5.6472845,GCF_000237205___1089,Inc-protein,0.9937,0.0052
6.745842,-3.6069372,GCF_000237205___1090,Negative,0.0,0.0107
12.418515,12.45463,GCF_000237205___1091,Negative,0.0118,0.0003
7.5887246,-1.8763839,GCF_000237205___1092,Negative,0.0,0.0596
9.989983,3.709404,GCF_000237205___1093,Negative,0.0237,0.9644
7.095466,-4.074985,GCF_000237205___1094,Negative,0.0,0.0007
6.9997954,-3.9001658,GCF_000237205___1095,Negative,0.0,0.0007
11.995956,13.055155,GCF_000237205___1096,Negative,0.0012,0.0
12.179703,13.044089,GCF_000237205___1097,Negative,0.0004,0.0
6.956344,3.9223354,GCF_000237205___1098,Negative,0.0006,0.0567
6.6117644,-4.823888,GCF_000237205___1099,Negative,0.0,0.0001
9.22116,11.180858,GCF_000237205___1100,Negative,0.0253,0.3621
6.1867313,-1.8365475,GCF_000237205___1101,Negative,0.0,0.0091
6.761095,10.443078,GCF_000237205___1102,Negative,0.0002,0.3688
10.448305,11.737932,GCF_000237205___1103,Negative,0.0559,0.0022
11.620793,12.693353,GCF_000237205___1104,Negative,0.0104,0.0002
9.262219,11.029245,GCF_000237205___1105,Negative,0.0004,0.1776
6.3050075,-3.2170432,GCF_000237205___1106,Negative,0.0,0.028
11.876583,13.030625,GCF_000237205___1107,Negative,0.0056,0.0
6.200116,-1.1938983,GCF_000237205___1108,Negative,0.0001,0.0846
10.0242195,2.8696635,GCF_000237205___1109,Negative,0.0,0.068
7.367651,11.049733,GCF_000237205___1110,Negative,0.0002,0.151
6.712706,-4.360539,GCF_000237205___1111,Negative,0.0,0.0105
6.4561496,12.99113,GCF_000237205___1112,Negative,0.0102,0.0162
7.4969516,-0.99535155,GCF_000237205___1113,Negative,0.0001,0.0887
7.7220674,-2.0757728,GCF_000237205___1114,Negative,0.0,0.0095
10.070685,3.2290888,GCF_000237205___1115,Negative,0.0001,0.9925
11.179533,4.6548996,GCF_000237205___1116,Inc-protein,0.9149,0.0804
10.454197,5.9018083,GCF_000237205___1117,Inc-protein,0.9164,0.0077
7.305161,11.509324,GCF_000237205___1118,Negative,0.001,0.9599
6.501431,-1.3452511,GCF_000237205___1119,Negative,0.0009,0.1194
11.275895,11.449786,GCF_000237205___1120,Negative,0.5903,0.0004
6.45177,-4.428763,GCF_000237205___1121,Negative,0.0,0.0028
5.798642,-1.3074073,GCF_000237205___1122,Negative,0.0,0.0302
6.7282834,-4.144146,GCF_000237205___1123,Negative,0.0,0.0015
5.634439,-2.653944,GCF_000237205___1124,Negative,0.0,0.0093
6.999059,-1.9718919,GCF_000237205___1125,Negative,0.0002,0.2834
6.7893214,-1.5387106,GCF_000237205___1126,Negative,0.0007,0.0828
6.5731397,-4.40386,GCF_000237205___1127,Negative,0.0,0.0019
5.4972663,-2.7968931,GCF_000237205___1128,Negative,0.0,0.0123
11.2434025,4.4645815,GCF_000237205___1129,Inc-protein,0.9971,0.0028
6.7828393,-1.8922493,GCF_000237205___1130,Negative,0.0001,0.1035
5.904041,-2.3472102,GCF_000237205___1131,Negative,0.0,0.067
7.697911,10.513047,GCF_000237205___1132,Negative,0.0024,0.7019
7.0617113,12.019993,GCF_000237205___1133,Negative,0.0015,0.1259
11.091973,5.4720507,GCF_000237205___1134,Negative,0.7867,0.0107
9.151334,2.1586225,GCF_000237205___1135,Negative,0.0036,0.9742
12.756793,12.606387,GCF_000237205___1136,Negative,0.0013,0.0
8.141047,0.51421833,GCF_000237205___1137,Negative,0.0,0.9934
9.4885845,2.0481508,GCF_000237205___1138,Negative,0.0,0.9994
6.5937185,-4.4808125,GCF_000237205___1139,Negative,0.0,0.0016
9.835327,2.9810946,GCF_000237205___1140,Negative,0.0001,0.9767
6.542839,-4.15597,GCF_000237205___1141,Negative,0.0,0.0017
11.88955,12.784164,GCF_000237205___1142,Negative,0.0117,0.0003
9.807486,2.3563924,GCF_000237205___1143,Negative,0.0002,0.9997
6.9051213,10.691123,GCF_000237205___1144,Negative,0.0,0.0067
11.06132,4.885354,GCF_000237205___1145,Inc-protein,0.8876,0.1117
10.526323,2.5521896,GCF_000237205___1146,Negative,0.0002,0.9998
7.070211,10.890768,GCF_000237205___1147,Negative,0.0004,0.4361
8.710758,3.3187146,GCF_000237205___1148,Negative,0.0001,0.1669
11.0530615,4.820128,GCF_000237205___1149,Inc-protein,0.9977,0.002
10.923989,4.0631175,GCF_000237205___1150,Negative,0.1094,0.89
7.91448,10.411393,GCF_000237205___1151,Negative,0.0035,0.3593
11.938606,12.918476,GCF_000237205___1152,Negative,0.0081,0.0
7.441561,-0.7930413,GCF_000237205___1153,Negative,0.0001,0.0261
9.134681,2.3365874,GCF_000237205___1154,Negative,0.0038,0.9956
5.3376017,-3.0604532,GCF_000237205___1155,Negative,0.0,0.0046
6.4417696,-3.8107963,GCF_000237205___1156,Negative,0.0,0.0024
11.12908,11.922681,GCF_000237205___1157,Negative,0.1345,0.0028
10.891759,12.304737,GCF_000237205___1158,Negative,0.1432,0.0042
6.7449265,-0.35352322,GCF_000237205___1159,Negative,0.0002,0.7017
12.469613,12.334403,GCF_000237205___1160,Negative,0.0041,0.0001
12.432106,12.314376,GCF_000237205___1161,Negative,0.005,0.0001
7.0372887,-3.8984416,GCF_000237205___1162,Negative,0.0,0.0004
7.7082562,3.6899264,GCF_000237205___1163,Negative,0.0005,0.1433
9.937069,2.9942267,GCF_000237205___1164,Negative,0.0003,0.9279
11.075277,2.892033,GCF_000237205___1165,Negative,0.0001,0.9998
10.814619,3.140843,GCF_000237205___1166,Negative,0.006,0.9347
6.5014033,-1.2442766,GCF_000237205___1167,Negative,0.0011,0.0543
6.821839,-0.30847678,GCF_000237205___1168,Negative,0.0005,0.594
8.354225,2.755198,GCF_000237205___1169,Negative,0.0015,0.2185
10.050839,3.2081683,GCF_000237205___1170,Negative,0.0002,0.9937
10.957383,3.2451138,GCF_000237205___1171,Negative,0.0234,0.9743
6.0806823,-0.5522659,GCF_000237205___1172,Negative,0.0,0.0019
7.7712893,3.4988973,GCF_000237205___1173,Negative,0.0001,0.2597
6.98278,-1.0682006,GCF_000237205___1174,Negative,0.0001,0.3267
7.1839833,-0.9387042,GCF_000237205___1175,Negative,0.0001,0.2253
12.7353525,4.142522,GCF_000237205___1176,Negative,0.0001,0.0147
-8.166042,12.165247,GCF_000237205___1177,Negative,0.019,0.0383
10.872872,-4.118964,GCF_000237205___1178,Negative,0.0001,0.0039
7.355662,-2.0661252,GCF_000237205___1179,Negative,0.0001,0.1034
7.609511,3.64158,GCF_000237205___1180,Negative,0.0001,0.0655
9.365371,2.7437038,GCF_000237205___1181,Negative,0.0001,0.9948
7.1433325,-3.2294083,GCF_000237205___1182,Negative,0.0001,0.0186
6.4909787,-1.0842892,GCF_000237205___1183,Negative,0.0173,0.1196
6.7755747,-3.9593236,GCF_000237205___1184,Negative,0.0,0.0316
7.805424,0.16952834,GCF_000237205___1185,Negative,0.0003,0.9416
12.50647,12.864112,GCF_000237205___1186,Negative,0.0094,0.0001
10.34585,6.4593387,GCF_000237205___1187,Negative,0.4753,0.0001
10.357733,6.6249194,GCF_000237205___1188,Negative,0.2926,0.0
6.8258595,10.795418,GCF_000237205___1189,Negative,0.0,0.0802
7.6690187,-4.1227546,GCF_000237205___1190,Negative,0.0003,0.0028
5.616205,-2.3708124,GCF_000237205___1191,Negative,0.0,0.0189
6.2976046,-0.78146386,GCF_000237205___1192,Negative,0.0001,0.1699
11.78455,3.1816607,GCF_000237205___1193,Negative,0.0004,0.9996
11.800942,11.728952,GCF_000237205___1194,Negative,0.0371,0.0013
11.614635,11.96044,GCF_000237205___1195,Negative,0.0365,0.0005
12.235189,12.069354,GCF_000237205___1196,Negative,0.0163,0.0001
6.7481546,-3.971993,GCF_000237205___1197,Negative,0.0,0.0132
5.893081,-1.3084967,GCF_000237205___1198,Negative,0.0001,0.0927
9.464664,3.7671745,GCF_000237205___1199,Negative,0.0006,0.3884
4.9790444,-3.538989,GCF_000237205___1200,Negative,0.0,0.0054
7.1618,-0.08394054,GCF_000237205___1201,Negative,0.0001,0.927
6.6959333,-2.031179,GCF_000237205___1202,Negative,0.0,0.0117
11.244108,11.870261,GCF_000237205___1203,Negative,0.0925,0.0062
10.742651,12.020325,GCF_000237205___1204,Negative,0.002,0.002
5.8490915,-3.8070412,GCF_000237205___1205,Negative,0.0,0.0006
7.2316303,11.131328,GCF_000237205___1206,Negative,0.0025,0.2532
7.341829,4.0374,GCF_000237205___1207,Negative,0.0004,0.0021
6.7311873,-2.2304254,GCF_000237205___1208,Negative,0.0,0.0884
8.863696,3.2712138,GCF_000237205___1209,Negative,0.0016,0.8087
11.09768,12.275841,GCF_000237205___1210,Negative,0.3012,0.0004
11.642646,12.766607,GCF_000237205___1211,Negative,0.0087,0.0
9.53861,10.878547,GCF_000237205___1212,Negative,0.0031,0.0064
7.004821,-0.5931126,GCF_000237205___1213,Negative,0.001,0.0892
6.3283997,-3.110172,GCF_000237205___1214,Negative,0.0,0.0144
10.750735,2.4915707,GCF_000237205___1215,Negative,0.0042,0.9858
7.735332,-4.0912066,GCF_000237205___1216,Negative,0.0,0.0027
10.940849,5.538605,GCF_000237205___1217,Inc-protein,0.969,0.0247
10.879255,5.5913982,GCF_000237205___1218,Inc-protein,0.9224,0.0751
6.554499,-4.6855426,GCF_000237205___1219,Negative,0.0,0.0005
12.578157,12.621716,GCF_000237205___1220,Negative,0.0121,0.0
9.53206,2.2659967,GCF_000237205___1221,Negative,0.0006,0.9942
9.633344,3.0243547,GCF_000237205___1222,Negative,0.0002,0.8939
10.085713,2.9697278,GCF_000237205___1223,Negative,0.0002,0.9992
9.967836,2.9364727,GCF_000237205___1224,Negative,0.0001,0.9803
8.68975,11.492079,GCF_000237205___1225,Negative,0.0212,0.6832
8.426223,2.7092605,GCF_000237205___1226,Negative,0.0136,0.8506
5.526451,-1.3616537,GCF_000237205___1227,Negative,0.0004,0.0419
10.386387,2.8983717,GCF_000237205___1228,Negative,0.0001,0.9966
10.984626,3.0151277,GCF_000237205___1229,Negative,0.0039,0.9959
10.972792,5.087922,GCF_000237205___1230,Inc-protein,0.8985,0.0954
7.5786777,-2.384671,GCF_000237205___1231,Negative,0.0009,0.1173
8.12794,2.9412808,GCF_000237205___1232,Negative,0.0001,0.8337
7.958918,3.0925927,GCF_000237205___1233,Negative,0.0001,0.9856
11.999868,12.1341,GCF_000237205___1234,Negative,0.0198,0.0006
6.437259,-0.731573,GCF_000237205___1235,Negative,0.0032,0.265
10.526713,5.6855664,GCF_000237205___1236,Inc-protein,0.9243,0.0566
8.216001,11.900623,GCF_000237205___1237,Negative,0.0004,0.9953
6.381606,12.686545,GCF_000237205___1238,Negative,0.0005,0.003
12.216008,12.638752,GCF_000237205___1239,Negative,0.0116,0.0001
7.297056,3.889825,GCF_000237205___1240,Negative,0.0003,0.0005
8.688698,11.026862,GCF_000237205___1241,Negative,0.0229,0.4323
7.2971196,0.9932804,GCF_000237205___1242,Negative,0.0002,0.1535
7.2559147,-0.31758186,GCF_000237205___1243,Negative,0.0061,0.8417
10.789806,2.7985566,GCF_000237205___1244,Negative,0.0001,0.9971
10.762409,11.7243,GCF_000237205___1245,Inc-protein,0.9369,0.0006
5.6899095,-2.2328002,GCF_000237205___1246,Negative,0.0,0.0028
5.3031154,-2.7296653,GCF_000237205___1247,Negative,0.0,0.0046
6.033239,-1.5088177,GCF_000237205___1248,Negative,0.0001,0.0283
7.2861943,11.120186,GCF_000237205___1249,Negative,0.0002,0.3636
7.67933,3.428554,GCF_000237205___1250,Negative,0.0002,0.8879
11.158974,2.885689,GCF_000237205___1251,Negative,0.0014,0.7511
12.000681,4.372645,GCF_000237205___1252,Negative,0.2673,0.1906
11.521085,12.35764,GCF_000237205___1253,Negative,0.0918,0.0001
6.2598143,-2.287884,GCF_000237205___1254,Negative,0.0,0.0463
6.240665,-4.5357046,GCF_000237205___1255,Negative,0.0,0.0054
11.167038,11.970223,GCF_000237205___1256,Negative,0.1434,0.0023
7.4263434,-2.3848665,GCF_000237205___1257,Negative,0.0001,0.0051
7.3808575,11.1932335,GCF_000237205___1258,Negative,0.0019,0.7629
7.637921,-3.4974782,GCF_000237205___1259,Negative,0.0,0.0055
10.275873,4.851545,GCF_000237205___1260,Negative,0.0781,0.9206
11.053909,5.61806,GCF_000237205___1261,Inc-protein,0.9981,0.0018
10.6139345,5.838008,GCF_000237205___1262,Inc-protein,0.9685,0.0231
12.336031,12.13837,GCF_000237205___1263,Negative,0.003,0.0
12.191922,12.081235,GCF_000237205___1264,Negative,0.0097,0.0
7.5106516,10.881821,GCF_000237205___1265,Negative,0.0018,0.7154
12.32112,12.271587,GCF_000237205___1266,Negative,0.0064,0.0
7.251374,-0.5306447,GCF_000237205___1267,Negative,0.0033,0.7825
6.2225246,-3.1659126,GCF_000237205___1268,Negative,0.0,0.0232
5.7188225,-1.3566997,GCF_000237205___1269,Negative,0.0,0.027
9.975454,3.0890584,GCF_000237205___1270,Negative,0.0,0.9931
7.2639875,11.156823,GCF_000237205___1271,Negative,0.0009,0.9114
8.874794,2.5041378,GCF_000237205___1272,Negative,0.0004,0.9845
11.45062,3.3148606,GCF_000237205___1273,Negative,0.0015,0.9985
10.430487,6.0880556,GCF_000237205___1274,Inc-protein,0.8904,0.0025
11.129546,11.94693,GCF_000237205___1275,Negative,0.1967,0.0012
7.6661835,10.626376,GCF_000237205___1276,Negative,0.0004,0.4219
7.02636,12.056761,GCF_000237205___1277,Negative,0.0002,0.0063
6.7625604,-1.3384296,GCF_000237205___1278,Negative,0.0002,0.1246
11.765673,11.486842,GCF_000237205___1279,Negative,0.1558,0.0037
12.826847,12.500055,GCF_000237205___1280,Negative,0.0002,0.0
6.7302294,-4.7317033,GCF_000237205___1281,Negative,0.0,0.0003
7.386196,10.385811,GCF_000237205___1282,Negative,0.0004,0.0599
6.570329,-3.0571468,GCF_000237205___1283,Negative,0.0,0.0245
7.397162,11.282298,GCF_000237205___1284,Negative,0.0011,0.9232
8.687544,3.3228824,GCF_000237205___1285,Negative,0.0002,0.4758
7.374859,3.7519147,GCF_000237205___1286,Negative,0.0016,0.0277
8.118718,3.235831,GCF_000237205___1287,Negative,0.0,0.4805
7.685019,11.497375,GCF_000237205___1288,Negative,0.0011,0.9854
7.1879106,3.9385133,GCF_000237205___1289,Negative,0.0001,0.0095
10.373789,5.418305,GCF_000237205___1290,Negative,0.4991,0.5003
7.037743,11.516974,GCF_000237205___1291,Negative,0.0002,0.4367
10.812056,-4.1580276,GCF_000237205___1292,Negative,0.0,0.0014
7.8089657,11.450338,GCF_000237205___1293,Negative,0.0006,0.9669
5.469936,-1.6134641,GCF_000237205___1294,Negative,0.0,0.0093
11.432805,11.889678,GCF_000237205___1295,Negative,0.0313,0.0003
6.5510874,-4.228151,GCF_000237205___1296,Negative,0.0,0.0057
11.378431,11.788631,GCF_000237205___1297,Negative,0.2421,0.0016
7.7412868,-0.9750099,GCF_000237205___1298,Negative,0.0001,0.6488
9.161973,2.3493638,GCF_000237205___1299,Negative,0.0081,0.9639
8.822757,2.3107727,GCF_000237205___1300,Negative,0.0005,0.9543
10.874311,2.8376148,GCF_000237205___1301,Negative,0.0063,0.9399
12.26164,11.960839,GCF_000237205___1302,Negative,0.0071,0.0
10.616912,5.98403,GCF_000237205___1303,Inc-protein,0.9992,0.0002
10.64104,5.377318,GCF_000237205___1304,Inc-protein,0.8799,0.0153
10.399653,6.0156837,GCF_000237205___1305,Inc-protein,0.8431,0.0326
10.748098,5.232609,GCF_000237205___1306,Inc-protein,0.866,0.0377
10.496694,4.811783,GCF_000237205___1307,Inc-protein,0.9005,0.0037
10.535596,6.019397,GCF_000237205___1308,Inc-protein,0.9687,0.0233
7.506759,-0.94906247,GCF_000237205___1309,Negative,0.0001,0.2726
6.6901426,-1.2026328,GCF_000237205___1310,Negative,0.0006,0.634
6.5995,-3.1923754,GCF_000237205___1311,Negative,0.0,0.0105
7.1036444,-4.098537,GCF_000237205___1312,Negative,0.0,0.0012
7.1443872,-4.5810995,GCF_000237205___1313,Negative,0.0,0.0
7.687499,-4.229754,GCF_000237205___1314,Negative,0.0,0.0017
7.017957,-1.7935467,GCF_000237205___1315,Negative,0.0003,0.4986
6.4163184,-2.84865,GCF_000237205___1316,Negative,0.0,0.2154
5.2691545,-2.386333,GCF_000237205___1317,Negative,0.0,0.0089
9.97766,3.0607955,GCF_000237205___1318,Negative,0.0005,0.9749
5.629906,-2.1798654,GCF_000237205___1319,Negative,0.0,0.2123
5.6538076,-1.7985941,GCF_000237205___1320,Negative,0.0001,0.0337
5.5108232,-3.0268705,GCF_000237205___1321,Negative,0.0,0.0008
5.6296706,-1.953698,GCF_000237205___1322,Negative,0.0,0.1109
12.552501,12.960491,GCF_000237205___1323,Negative,0.001,0.0
6.8242345,-3.1454728,GCF_000237205___1324,Negative,0.0001,0.0239
12.155079,11.400638,GCF_000237205___1325,Negative,0.0141,0.0
5.7369637,-2.9075658,GCF_000237205___1326,Negative,0.0,0.0045
7.386039,-0.69431674,GCF_000237205___1327,Negative,0.0001,0.0497
7.122174,-3.4335158,GCF_000237205___1328,Negative,0.0,0.002
10.91937,5.6965027,GCF_000237205___1329,Inc-protein,0.9989,0.0008
6.178881,-0.80400234,GCF_000237205___1330,Negative,0.0001,0.0799
6.578027,-1.1238058,GCF_000237205___1331,Negative,0.0005,0.4116
7.2963676,-4.2873898,GCF_000237205___1332,Negative,0.0,0.0003
6.909844,-4.0945773,GCF_000237205___1333,Negative,0.0,0.0034
6.8129144,-0.64439106,GCF_000237205___1334,Negative,0.0022,0.2593
6.8379745,-3.7023695,GCF_000237205___1335,Negative,0.0,0.0018
6.495458,-1.1455979,GCF_000237205___1336,Negative,0.0006,0.0918
10.679775,11.713728,GCF_000237205___1337,Inc-protein,0.8969,0.0509
7.204945,10.550645,GCF_000237205___1338,Negative,0.0012,0.6541
10.186843,4.6963005,GCF_000237205___1339,Negative,0.0321,0.96
9.174191,2.3540916,GCF_000237205___1340,Negative,0.0001,0.9995
6.1003046,-2.688892,GCF_000237205___1341,Negative,0.0001,0.0317
5.479151,-2.4712226,GCF_000237205___1342,Negative,0.0,0.0718
5.352187,-2.499347,GCF_000237205___1343,Negative,0.0,0.0758
11.372095,3.3978405,GCF_000237205___1344,Negative,0.08,0.9184
6.9389267,-0.9089968,GCF_000237205___1345,Negative,0.0001,0.9241
6.6229134,-4.7082,GCF_000237205___1346,Negative,0.0,0.0001
12.3358345,12.003476,GCF_000237205___1347,Negative,0.0699,0.0004
5.1385055,-2.4988568,GCF_000237205___1348,Negative,0.0001,0.0764
5.476093,-2.5164862,GCF_000237205___1349,Negative,0.0,0.012
10.136403,4.6122274,GCF_000237205___1350,Negative,0.0714,0.7778
10.497501,5.8236833,GCF_000237205___1351,Inc-protein,0.9849,0.0078
6.464482,-0.8360663,GCF_000237205___1352,Negative,0.0004,0.0528
7.3865337,0.08525917,GCF_000237205___1353,Negative,0.0004,0.9617
11.885065,12.757345,GCF_000237205___1354,Negative,0.0061,0.0006
6.9082513,-0.5034586,GCF_000237205___1355,Negative,0.0003,0.7886
9.933759,2.2725146,GCF_000237205___1356,Negative,0.0,0.9999
7.16567,3.897673,GCF_000237205___1357,Negative,0.0003,0.0012
10.913329,4.159516,GCF_000237205___1358,Negative,0.0654,0.9346
10.03083,2.7453387,GCF_000237205___1359,Negative,0.0001,0.2345
5.8520603,-3.1127124,GCF_000237205___1360,Negative,0.0,0.0306
7.8587747,11.257464,GCF_000237205___1361,Negative,0.0014,0.8095
11.014612,11.540829,GCF_000237205___1362,Negative,0.4574,0.0053
7.537514,10.432698,GCF_000237205___1363,Negative,0.001,0.7861
7.189727,-2.8992267,GCF_000237205___1364,Negative,0.0,0.0445
5.2536254,-2.7087183,GCF_000237205___1365,Negative,0.0,0.0205
10.36295,6.047358,GCF_000237205___1366,Negative,0.7526,0.0741
6.990199,-2.450156,GCF_000237205___1367,Negative,0.0001,0.0146
10.924774,12.381454,GCF_000237205___1368,Negative,0.2752,0.0003
10.954257,12.364717,GCF_000237205___1369,Negative,0.4232,0.0002
11.3206,11.497463,GCF_000237205___1370,Negative,0.0199,0.0032
6.564837,-4.5852776,GCF_000237205___1371,Negative,0.0,0.0003
5.198947,-3.713215,GCF_000237205___1372,Negative,0.0,0.0013
8.205797,10.932357,GCF_000237205___1373,Negative,0.0003,0.9728
11.76321,11.007822,GCF_000237205___1374,Negative,0.0725,0.0001
11.104241,3.2052662,GCF_000237205___1375,Negative,0.0003,0.999
-8.165826,12.165037,GCF_000237205___1376,Negative,0.0107,0.0471
10.9170065,-4.0757446,GCF_000237205___1377,Negative,0.0001,0.0039
12.319293,4.2621417,GCF_000237205___1378,Negative,0.7502,0.2431
12.662193,3.9026997,GCF_000237205___1379,Negative,0.0192,0.9751
12.8267355,4.144917,GCF_000237205___1380,Negative,0.0017,0.6356
12.866141,4.205693,GCF_000237205___1381,Negative,0.0013,0.9591
11.773351,11.631501,GCF_000237205___1382,Negative,0.2023,0.0014
10.966012,3.9845502,GCF_000237205___1383,Negative,0.0534,0.9464
11.120376,2.904853,GCF_000237205___1384,Negative,0.0007,0.9992
11.325123,3.3509748,GCF_000237205___1385,Negative,0.0381,0.9507
6.490223,-3.0475214,GCF_000237205___1386,Negative,0.0,0.002
7.5527034,0.051680002,GCF_000237205___1387,Negative,0.0,0.9904
6.8915286,-3.6336691,GCF_000237205___1388,Negative,0.0001,0.0327
6.642852,10.30143,GCF_000237205___1389,Negative,0.0,0.0257
8.068555,-2.2141433,GCF_000237205___1390,Negative,0.0001,0.0837
7.560563,3.4558768,GCF_000237205___1391,Negative,0.0007,0.27
6.6064906,-0.9982468,GCF_000237205___1392,Negative,0.0003,0.1083
12.287829,13.039152,GCF_000237205___1393,Negative,0.0009,0.0
12.3103695,12.987867,GCF_000237205___1394,Negative,0.0008,0.0
9.352526,10.964022,GCF_000237205___1395,Negative,0.0048,0.0436
5.4812036,-2.7329085,GCF_000237205___1396,Negative,0.0,0.0924
11.635423,11.867641,GCF_000237205___1397,Negative,0.1369,0.0004
7.986301,11.482325,GCF_000237205___1398,Negative,0.0005,0.9655
7.2741585,-1.6240457,GCF_000237205___1399,Negative,0.0031,0.1515
9.961422,3.568081,GCF_000237205___1400,Negative,0.0274,0.969
11.143128,4.7661715,GCF_000237205___1401,Inc-protein,0.9997,0.0002
6.239903,-4.550532,GCF_000237205___1402,Negative,0.0,0.0036
6.9874554,12.901879,GCF_000237205___1403,Negative,0.0001,0.0325
6.9685955,12.929463,GCF_000237205___1404,Negative,0.0001,0.0519
11.856297,13.037266,GCF_000237205___1405,Negative,0.002,0.0
12.145222,12.769723,GCF_000237205___1406,Negative,0.0357,0.0007
7.266449,-1.4841442,GCF_000237205___1407,Negative,0.032,0.193
8.847869,3.6379218,GCF_000237205___1408,Negative,0.0,0.4474
5.435361,-1.4770371,GCF_000237205___1409,Negative,0.0,0.0609
5.443167,-1.6831623,GCF_000237205___1410,Negative,0.0,0.0062
7.747175,3.3471692,GCF_000237205___1411,Negative,0.0002,0.4342
5.7016954,-0.83495045,GCF_000237205___1412,Negative,0.0001,0.1327
9.834592,2.7090633,GCF_000237205___1413,Negative,0.0034,0.9567
7.098929,12.027903,GCF_000237205___1414,Negative,0.0016,0.0326
8.551569,2.619874,GCF_000237205___1415,Negative,0.0011,0.8193
7.198261,11.270919,GCF_000237205___1416,Negative,0.0093,0.0646
7.766741,11.6076765,GCF_000237205___1417,Negative,0.0004,0.8296
6.7816243,-4.338454,GCF_000237205___1418,Negative,0.0,0.0021
12.659332,3.7344332,GCF_000237205___1419,Negative,0.0002,0.7162
8.051689,-2.0272682,GCF_000237205___1420,Negative,0.0,0.0114
6.9096513,-2.7210627,GCF_000237205___1421,Negative,0.0,0.006
7.6972947,10.379729,GCF_000237205___1422,Negative,0.0003,0.0671
9.683397,10.952728,GCF_000237205___1423,Negative,0.0074,0.0116
11.231668,4.404149,GCF_000237205___1424,Inc-protein,0.98,0.0197
8.390741,11.012479,GCF_000237205___1425,Negative,0.0159,0.9372
6.908154,-0.32589346,GCF_000237205___1426,Negative,0.0,0.1738
6.7444954,-4.785909,GCF_000237205___1427,Negative,0.0,0.0014
7.3121476,-4.3207994,GCF_000237205___1428,Negative,0.0,0.0027
6.2089596,-1.3799062,GCF_000237205___1429,Negative,0.0001,0.0092
6.6317444,-1.2385149,GCF_000237205___1430,Negative,0.0,0.1255
7.5429025,-4.2087946,GCF_000237205___1431,Negative,0.0,0.0012
7.80653,-3.3510273,GCF_000237205___1432,Negative,0.0,0.0002
8.034012,-2.4784517,GCF_000237205___1433,Negative,0.0,0.0083
11.495226,12.017464,GCF_000237205___1434,Negative,0.2011,0.0013
7.1629963,-4.565253,GCF_000237205___1435,Negative,0.0,0.0002
7.915467,-3.3249395,GCF_000237205___1436,Negative,0.0,0.0032
11.099089,4.8595643,GCF_000237205___1437,Inc-protein,0.9996,0.0004
6.3274755,-0.6158387,GCF_000237205___1438,Negative,0.0001,0.1709
7.6036615,3.6695113,GCF_000237205___1439,Negative,0.0,0.0295
10.938075,5.9101133,GCF_000237205___1440,Inc-protein,0.9995,0.0002
6.0255647,-2.6969752,GCF_000237205___1441,Negative,0.0,0.0293
8.245134,11.24238,GCF_000237205___1442,Negative,0.0009,0.997
7.879147,-2.9965563,GCF_000237205___1443,Negative,0.0,0.0038
7.380137,-2.925127,GCF_000237205___1444,Negative,0.0,0.018
8.789667,2.033008,GCF_000237205___1445,Negative,0.0007,0.8837
10.952492,5.3061633,GCF_000237205___1446,Inc-protein,0.978,0.0219
12.512473,12.500261,GCF_000237205___1447,Negative,0.0005,0.0
6.3282595,12.694388,GCF_000237205___1448,Negative,0.0024,0.0081
9.208342,2.369587,GCF_000237205___1449,Negative,0.0002,0.9914
12.116946,12.177876,GCF_000237205___1450,Negative,0.0527,0.0
11.876443,11.679095,GCF_000237205___1451,Negative,0.0685,0.0007
11.856201,11.593372,GCF_000237205___1452,Negative,0.1097,0.0007
11.643948,11.778484,GCF_000237205___1453,Negative,0.1685,0.001
11.62371,11.951746,GCF_000237205___1454,Negative,0.2221,0.001
11.62589,11.869372,GCF_000237205___1455,Negative,0.2534,0.0011
12.02418,11.96234,GCF_000237205___1456,Negative,0.047,0.0002
5.7179623,-0.8509923,GCF_000237205___1457,Negative,0.0002,0.2479
5.7480893,-3.85486,GCF_000237205___1458,Negative,0.0,0.001
6.2123604,-3.6120515,GCF_000237205___1459,Negative,0.0,0.0012
8.037303,-2.674339,GCF_000237205___1460,Negative,0.0,0.001
7.2930574,-2.0171587,GCF_000237205___1461,Negative,0.0,0.0599
11.198483,12.254014,GCF_000237205___1462,Negative,0.1085,0.0002
9.630773,2.488957,GCF_000237205___1463,Negative,0.0005,0.9979
7.2901716,-1.9189185,GCF_000237205___1464,Negative,0.0,0.0327
6.802949,-1.6177785,GCF_000237205___1465,Negative,0.0,0.0886
8.738308,11.27946,GCF_000237205___1466,Negative,0.0023,0.9925
8.20177,10.505586,GCF_000237205___1467,Negative,0.0041,0.2791
8.0063505,11.279285,GCF_000237205___1468,Negative,0.0058,0.9461
6.389586,-1.8786684,GCF_000237205___1469,Negative,0.0001,0.0502
7.198334,-2.8352234,GCF_000237205___1470,Negative,0.0,0.0315
7.8090734,11.622436,GCF_000237205___1471,Negative,0.0003,0.9831
6.637418,-1.6455997,GCF_000237205___1472,Negative,0.0,0.0524
7.667041,-0.11144785,GCF_000237205___1473,Negative,0.0001,0.9619
8.916082,2.213992,GCF_000237205___1474,Negative,0.002,0.9113
10.32994,6.519818,GCF_000237205___1475,Negative,0.0072,0.0002
11.7351,11.065137,GCF_000237205___1476,Negative,0.5246,0.0003
7.593013,-1.856882,GCF_000237205___1477,Negative,0.0,0.0098
8.085179,10.651413,GCF_000237205___1478,Negative,0.0049,0.6849
11.599895,12.03537,GCF_000237205___1479,Negative,0.0735,0.0005
7.1363363,11.51568,GCF_000237205___1480,Negative,0.0001,0.5809
11.848002,3.3449395,GCF_000237205___1481,Negative,0.005,0.6438
7.490942,-3.4852538,GCF_000237205___1482,Negative,0.0,0.0291
9.286321,2.7595813,GCF_000237205___1483,Negative,0.0,0.999
11.349769,3.168659,GCF_000237205___1484,Negative,0.0278,0.9707
10.986713,2.9596655,GCF_000237205___1485,Negative,0.0551,0.6416
11.141934,11.757919,GCF_000237205___1486,Negative,0.2803,0.0023
11.746721,11.431634,GCF_000237205___1487,Negative,0.1049,0.001
10.26988,2.6911287,GCF_000237205___1488,Negative,0.0002,0.8945
11.539271,4.1997695,GCF_000237205___1489,Inc-protein,0.9982,0.0018
12.463754,12.46924,GCF_000237205___1490,Negative,0.0034,0.0001
6.6787834,-3.6156712,GCF_000237205___1491,Negative,0.0,0.0006
11.755355,11.96909,GCF_000237205___1492,Negative,0.0444,0.0005
9.273461,10.645626,GCF_000237205___1493,Negative,0.0004,0.0048
8.716383,10.914825,GCF_000237205___1494,Negative,0.0561,0.4979
5.018523,-3.5825949,GCF_000237205___1495,Negative,0.0,0.0067
6.405816,-3.146059,GCF_000237205___1496,Negative,0.0,0.0177
6.596806,-4.6958113,GCF_000237205___1497,Negative,0.0,0.0006
9.0819025,11.450119,GCF_000237205___1498,Negative,0.0026,0.1475
11.052454,5.7356534,GCF_000237205___1499,Inc-protein,0.9967,0.0006
8.1516485,10.58557,GCF_000237205___1500,Negative,0.0076,0.3991
8.215049,11.3439245,GCF_000237205___1501,Negative,0.0007,0.9939
8.674277,2.7254453,GCF_000237205___1502,Negative,0.0006,0.7349
6.595186,-1.2869552,GCF_000237205___1503,Negative,0.001,0.0943
6.844777,13.083475,GCF_000237205___1504,Negative,0.0004,0.2277
9.583812,10.917309,GCF_000237205___1505,Negative,0.0093,0.0384
11.152964,11.660079,GCF_000237205___1506,Negative,0.4455,0.0007
10.520635,5.5648875,GCF_000237205___1507,Inc-protein,0.9862,0.0054
6.822649,-3.9147544,GCF_000237205___1508,Negative,0.0,0.0008
6.8591666,-4.1483107,GCF_000237205___1509,Negative,0.0,0.0032
12.641596,3.7209427,GCF_000237205___1510,Negative,0.0001,0.9627
8.415229,2.45089,GCF_000237205___1511,Negative,0.0008,0.7817
7.9930587,11.349086,GCF_000237205___1512,Negative,0.0023,0.9417
7.2202406,-3.362493,GCF_000237205___1513,Negative,0.0,0.0107
7.1102877,-0.82848924,GCF_000237205___1514,Negative,0.0,0.1823
8.109688,-3.8481188,GCF_000237205___1515,Negative,0.0001,0.0038
7.275813,-4.316594,GCF_000237205___1516,Negative,0.0,0.0006
7.9946275,-3.1543064,GCF_000237205___1517,Negative,0.0,0.0103
8.731496,3.7150557,GCF_000237205___1518,Negative,0.0001,0.1573
7.0189667,-4.3006344,GCF_000237205___1519,Negative,0.0,0.0023
6.9653463,-1.3103373,GCF_000237205___1520,Negative,0.0004,0.2558
5.9983397,-2.1782582,GCF_000237205___1521,Negative,0.0,0.0046
6.411915,-4.711896,GCF_000237205___1522,Negative,0.0,0.0002
10.3651,6.104693,GCF_000237205___1523,Negative,0.773,0.0205
7.5928617,-1.8134353,GCF_000237205___1524,Negative,0.0,0.002
5.7434554,-1.2287972,GCF_000237205___1525,Negative,0.0001,0.0104
7.1447525,-2.4104125,GCF_000237205___1526,Negative,0.0001,0.0314
6.600096,-4.539365,GCF_000237205___1527,Negative,0.0,0.0017
7.2526913,-3.9086385,GCF_000237205___1528,Negative,0.0,0.0096
8.286288,11.362886,GCF_000237205___1529,Negative,0.006,0.9895
6.6145926,-2.7684658,GCF_000237205___1530,Negative,0.0,0.0202
6.035283,-4.0240474,GCF_000237205___1531,Negative,0.0,0.0027
7.253244,-2.6826684,GCF_000237205___1532,Negative,0.0002,0.0595
11.890702,11.532243,GCF_000237205___1533,Negative,0.0171,0.0003
6.812125,-2.5636017,GCF_000237205___1534,Negative,0.0,0.0221
12.339608,12.109969,GCF_000237205___1535,Negative,0.0047,0.0
7.0785947,11.71753,GCF_000237205___1536,Negative,0.0007,0.162
12.164541,11.862266,GCF_000237205___1537,Negative,0.0043,0.0
12.5156145,12.861906,GCF_000237205___1538,Negative,0.0046,0.0
12.84706,12.657848,GCF_000237205___1539,Negative,0.0007,0.0
12.2910795,12.15904,GCF_000237205___1540,Negative,0.0006,0.0
7.405034,-0.90621555,GCF_000237205___1541,Negative,0.0001,0.1658
7.82971,0.22237952,GCF_000237205___1542,Negative,0.0001,0.6597
9.981137,3.2494788,GCF_000237205___1543,Negative,0.0002,0.9873
7.2098284,11.021153,GCF_000237205___1544,Negative,0.0007,0.4445
6.7833004,-0.88898563,GCF_000237205___1545,Negative,0.0006,0.1821
10.068893,4.510841,GCF_000237205___1546,Negative,0.0003,0.9883
8.241957,3.806391,GCF_000237205___1547,Negative,0.0002,0.0185
10.915465,12.135633,GCF_000237205___1548,Negative,0.1059,0.0013
10.295287,11.629522,GCF_000237205___1549,Negative,0.1744,0.0402
7.3252993,3.9828146,GCF_000237205___1550,Negative,0.0001,0.0993
6.663234,-2.6718085,GCF_000237205___1551,Negative,0.0,0.0985
5.476041,-1.5984379,GCF_000237205___1552,Negative,0.0,0.0169
9.871337,3.053553,GCF_000237205___1553,Negative,0.0,0.9989
7.417242,10.830443,GCF_000237205___1554,Negative,0.0005,0.7282
7.4647446,-0.93758625,GCF_000237205___1555,Negative,0.0,0.1177
10.436836,5.065887,GCF_000237205___1556,Negative,0.6894,0.0542
11.136913,12.077324,GCF_000237205___1557,Negative,0.2791,0.0
8.055129,11.295477,GCF_000237205___1558,Negative,0.0054,0.891
11.642659,12.614879,GCF_000237205___1559,Negative,0.0094,0.0
6.725083,-4.2224545,GCF_000237205___1560,Negative,0.0,0.0181
6.6939054,-4.18853,GCF_000237205___1561,Negative,0.0,0.0016
10.808244,4.1670613,GCF_000237205___1562,Negative,0.3571,0.6172
12.61885,3.688445,GCF_000237205___1563,Negative,0.0001,0.989
12.584659,3.6703591,GCF_000237205___1564,Negative,0.0003,0.9455
9.498428,2.0712764,GCF_000237205___1565,Negative,0.0002,0.9987
7.4259925,11.797522,GCF_000237205___1566,Negative,0.0002,0.4294
5.5957947,-1.66442,GCF_000237205___1567,Negative,0.0,0.0826
7.6353974,10.57201,GCF_000237205___1568,Negative,0.0019,0.3642
7.6116357,10.3795395,GCF_000237205___1569,Negative,0.0001,0.0162
7.600325,-0.22328454,GCF_000237205___1570,Negative,0.0004,0.7367
5.897604,-3.6731448,GCF_000237205___1571,Negative,0.0,0.003
7.82086,0.12255075,GCF_000237205___1572,Negative,0.0,0.9858
6.1945,-2.934265,GCF_000237205___1573,Negative,0.0,0.0055
8.380205,3.7933295,GCF_000237205___1574,Negative,0.0001,0.3943
5.696761,-2.3919678,GCF_000237205___1575,Negative,0.0,0.2168
6.175647,-4.360118,GCF_000237205___1576,Negative,0.0,0.0026
6.715495,-4.5992103,GCF_000237205___1577,Negative,0.0,0.0003
6.5271177,-4.6150336,GCF_000237205___1578,Negative,0.0,0.0034
5.222766,-2.326922,GCF_000237205___1579,Negative,0.0,0.0135
8.022609,10.740741,GCF_000237205___1580,Negative,0.0022,0.2692
7.6269336,10.409148,GCF_000237205___1581,Negative,0.0002,0.0257
10.305359,6.125208,GCF_000237205___1582,Negative,0.1697,0.1067
11.245192,12.279372,GCF_000237205___1583,Negative,0.3818,0.0
6.6978974,-4.703139,GCF_000237205___1584,Negative,0.0,0.0005
6.923724,-4.5991354,GCF_000237205___1585,Negative,0.0,0.0002
5.65327,-2.406778,GCF_000237205___1586,Negative,0.0001,0.0228
7.7747273,11.174713,GCF_000237205___1587,Negative,0.0048,0.5569
8.356088,11.310824,GCF_000237205___1588,Negative,0.0036,0.9925
9.395949,2.2114897,GCF_000237205___1589,Negative,0.0,0.9998
5.614027,-2.769784,GCF_000237205___1590,Negative,0.0,0.0386
6.8173666,10.584465,GCF_000237205___1591,Negative,0.0,0.0171
7.139014,11.473038,GCF_000237205___1592,Negative,0.0004,0.9712
11.860391,3.2979743,GCF_000237205___1593,Negative,0.0007,0.955
6.9938006,-3.830078,GCF_000237205___1594,Negative,0.0,0.0027
7.2974095,11.153338,GCF_000237205___1595,Negative,0.0028,0.799
6.6258416,-4.7758617,GCF_000237205___1596,Negative,0.0,0.0002
6.285925,-4.5473022,GCF_000237205___1597,Negative,0.0,0.0021
7.324671,4.0041685,GCF_000237205___1598,Negative,0.0001,0.0207
8.746563,11.73616,GCF_000237205___1599,Negative,0.0084,0.3213
7.7352524,3.56302,GCF_000237205___1600,Negative,0.001,0.1155
7.061123,11.703867,GCF_000237205___1601,Negative,0.001,0.112
11.759787,11.007957,GCF_000237205___1602,Negative,0.411,0.001
6.7602654,-3.4678986,GCF_000237205___1603,Negative,0.0001,0.1243
5.997397,-1.3837852,GCF_000237205___1604,Negative,0.0001,0.0867
9.386218,2.604114,GCF_000237205___1605,Negative,0.001,0.9819
8.83981,3.3876464,GCF_000237205___1606,Negative,0.0001,0.708
11.695618,11.041434,GCF_000237205___1607,Negative,0.4429,0.0003
7.576582,-1.0794157,GCF_000237205___1608,Negative,0.0,0.093
7.5062237,-1.9587382,GCF_000237205___1609,Negative,0.0,0.1118
6.0740147,-3.605581,GCF_000237205___1610,Negative,0.0,0.0084
7.114364,-1.983191,GCF_000237205___1611,Negative,0.0,0.0058
6.828879,-1.2968558,GCF_000237205___1612,Negative,0.0005,0.1479
6.690832,-1.5020993,GCF_000237205___1613,Negative,0.0001,0.0465
9.469107,2.1396403,GCF_000237205___1614,Negative,0.0002,0.9996
8.831655,11.295592,GCF_000237205___1615,Negative,0.0016,0.4066
8.8319845,11.446176,GCF_000237205___1616,Negative,0.0009,0.6396
5.699106,-1.7749854,GCF_000237205___1617,Negative,0.0002,0.0626
6.3480444,-1.3645799,GCF_000237205___1618,Negative,0.0,0.0227
5.579819,-1.8028458,GCF_000237205___1619,Negative,0.0,0.0019
9.138481,2.3009756,GCF_000237205___1620,Negative,0.0028,0.9897
6.521025,-0.66763264,GCF_000237205___1621,Negative,0.0025,0.1665
9.4675,11.157139,GCF_000237205___1622,Negative,0.0121,0.0392
6.778635,-3.6941335,GCF_000237205___1623,Negative,0.0,0.0079
7.0939274,10.420091,GCF_000237205___1624,Negative,0.0001,0.1366
6.4713,-1.3345561,GCF_000237205___1625,Negative,0.0003,0.0585
10.8261385,5.908087,GCF_000237205___1626,Inc-protein,0.9991,0.0005
11.303274,11.87107,GCF_000237205___1627,Negative,0.1307,0.0008
6.820595,-1.9322928,GCF_000237205___1628,Negative,0.0004,0.1547
12.0350275,12.83471,GCF_000237205___1629,Negative,0.0024,0.0
9.4016,10.745567,GCF_000237205___1630,Negative,0.0001,0.0068
5.9968047,-3.422805,GCF_000237205___1631,Negative,0.0,0.0057
12.675675,12.470996,GCF_000237205___1632,Negative,0.0171,0.0003
5.652372,-2.1130733,GCF_000237205___1633,Negative,0.0001,0.0625
10.495753,4.8036547,GCF_000237205___1634,Inc-protein,0.9697,0.0287
10.926181,5.79102,GCF_000237205___1635,Inc-protein,0.9982,0.0016
10.90902,-4.152729,GCF_000237205___1636,Negative,0.0001,0.0039
-8.165854,12.165076,GCF_000237205___1637,Negative,0.019,0.0383
10.297283,4.793508,GCF_000237205___1638,Inc-protein,0.9548,0.0135
11.291827,4.646757,GCF_000237205___1639,Inc-protein,0.9937,0.0062
10.939178,5.693351,GCF_000237205___1640,Inc-protein,0.9997,0.0003
6.006431,-2.3572357,GCF_000237205___1641,Negative,0.0,0.0847
6.0251055,-2.6552188,GCF_000237205___1642,Negative,0.0,0.0454
5.473755,-1.4749012,GCF_000237205___1643,Negative,0.0,0.0044
10.752528,2.7462616,GCF_000237205___1644,Negative,0.0135,0.7631
7.2069364,-0.69397867,GCF_000237205___1645,Negative,0.003,0.063
6.350053,-4.622655,GCF_000237205___1646,Negative,0.0,0.0
5.579677,-3.1915135,GCF_000237205___1647,Negative,0.0,0.0006
6.8416176,-4.3999324,GCF_000237205___1648,Negative,0.0,0.0017
7.43262,-3.5498703,GCF_000237205___1649,Negative,0.0,0.0021
7.812139,-2.4755714,GCF_000237205___1650,Negative,0.0,0.0174
7.167329,-0.59523755,GCF_000237205___1651,Negative,0.0029,0.5594
6.8210206,-3.9756882,GCF_000237205___1652,Negative,0.0,0.0017
6.3482485,-3.6818988,GCF_000237205___1653,Negative,0.0,0.0012
12.261464,12.474908,GCF_000237205___1654,Negative,0.0133,0.0002
8.991112,2.2396395,GCF_000237205___1655,Negative,0.0002,0.9977
5.412756,-2.820014,GCF_000237205___1656,Negative,0.0001,0.0408
9.52587,3.1889985,GCF_000237205___1657,Negative,0.0005,0.8305
7.933817,3.6459122,GCF_000237205___1658,Negative,0.0028,0.0511
7.9131947,-2.3460162,GCF_000237205___1659,Negative,0.0,0.0663
7.1758075,-1.8327357,GCF_000237205___1660,Negative,0.0003,0.2635
7.36743,-1.717113,GCF_000237205___1661,Negative,0.0001,0.105
6.6508465,-2.4166846,GCF_000237205___1662,Negative,0.0,0.0015
5.511386,-2.9831703,GCF_000237205___1663,Negative,0.0,0.0017
6.975972,-0.14512442,GCF_000237205___1664,Negative,0.0007,0.9625
6.871428,-3.7008595,GCF_000237205___1665,Negative,0.0,0.0045
10.41602,5.3061857,GCF_000237205___1666,Negative,0.4858,0.4917
10.909756,5.313097,GCF_000237205___1667,Negative,0.5641,0.4336
10.902176,12.204467,GCF_000237205___1668,Negative,0.4777,0.0005
12.11394,13.033115,GCF_000237205___1669,Negative,0.0045,0.0
11.662707,12.041361,GCF_000237205___1670,Negative,0.1404,0.0011
9.802838,2.9594717,GCF_000237205___1671,Negative,0.0007,0.9969
10.17601,2.6664338,GCF_000237205___1672,Negative,0.0005,0.2245
5.757681,-3.2142181,GCF_000237205___1673,Negative,0.0,0.0283
11.201758,2.8998027,GCF_000237205___1674,Negative,0.0,0.9975
9.719121,2.6584055,GCF_000237205___1675,Negative,0.0074,0.9782
8.149366,11.273558,GCF_000237205___1676,Negative,0.0003,0.9957
7.3376284,-3.728526,GCF_000237205___1677,Negative,0.0,0.0018
12.387469,12.968551,GCF_000237205___1678,Negative,0.0008,0.0
7.185359,11.438236,GCF_000237205___1679,Negative,0.0002,0.8589
6.601185,-3.4532053,GCF_000237205___1680,Negative,0.0,0.0235
9.335813,3.8275561,GCF_000237205___1681,Negative,0.1526,0.4682
11.078235,5.6513567,GCF_000237205___1682,Inc-protein,0.9929,0.0047
7.079613,-3.5123067,GCF_000237205___1683,Negative,0.0,0.0091
7.204479,-4.5919275,GCF_000237205___1684,Negative,0.0,0.0004
9.054343,11.202128,GCF_000237205___1685,Negative,0.0193,0.8096
11.601776,4.324003,GCF_000237205___1686,Inc-protein,0.9725,0.0269
12.340338,12.369236,GCF_000237205___1687,Negative,0.0079,0.0
11.772728,11.74277,GCF_000237205___1688,Negative,0.0558,0.0006
7.849602,-1.8867269,GCF_000237205___1689,Negative,0.0001,0.3242
7.815837,-1.9702622,GCF_000237205___1690,Negative,0.0,0.2242
7.735585,-3.304066,GCF_000237205___1691,Negative,0.0,0.0406
5.6183867,-2.995302,GCF_000237205___1692,Negative,0.0,0.0836
9.645266,3.5631008,GCF_000237205___1693,Negative,0.0086,0.9747
10.46474,4.7253084,GCF_000237205___1694,Inc-protein,0.9917,0.0081
12.280006,12.872633,GCF_000237205___1695,Negative,0.0011,0.0
5.67485,-3.2051582,GCF_000237205___1696,Negative,0.0,0.0049
7.4261265,-4.1066422,GCF_000237205___1697,Negative,0.0,0.0031
11.532214,4.1650524,GCF_000237205___1698,Negative,0.5111,0.486
6.9359293,10.7792425,GCF_000237205___1699,Negative,0.0001,0.0476
6.79435,10.835495,GCF_000237205___1700,Negative,0.0,0.0994
10.937547,6.02909,GCF_000237205___1701,Inc-protein,0.996,0.0008
5.9654713,-3.3250396,GCF_000237205___1702,Negative,0.0,0.0058
11.546119,3.1856613,GCF_000237205___1703,Negative,0.0005,0.5968
10.994097,12.407618,GCF_000237205___1704,Negative,0.3296,0.0
10.237601,11.555588,GCF_000237205___1705,Negative,0.4286,0.3053
9.273362,2.33764,GCF_000237205___1706,Negative,0.0025,0.9965
5.735585,-2.6236694,GCF_000237205___1707,Negative,0.0,0.04
6.944169,-4.4877706,GCF_000237205___1708,Negative,0.0,0.0025
5.2914495,-2.417556,GCF_000237205___1709,Negative,0.0,0.0108
7.262779,-1.6291939,GCF_000237205___1710,Negative,0.0003,0.1336
7.2476354,-4.5233316,GCF_000237205___1711,Negative,0.0,0.0001
7.603833,-1.7834464,GCF_000237205___1712,Negative,0.0,0.146
5.9073896,-2.94878,GCF_000237205___1713,Negative,0.0,0.0056
5.489852,-2.212302,GCF_000237205___1714,Negative,0.0,0.0115
5.5954022,-3.4322245,GCF_000237205___1715,Negative,0.0,0.0012
6.9846463,3.9166794,GCF_000237205___1716,Negative,0.0076,0.1468
6.820675,13.063414,GCF_000237205___1717,Negative,0.0002,0.258
7.9362683,3.5363843,GCF_000237205___1718,Negative,0.0015,0.0731
6.4685993,-2.0241904,GCF_000237205___1719,Negative,0.0003,0.331
11.757849,12.383617,GCF_000237205___1720,Negative,0.0235,0.0001
10.818517,4.1009116,GCF_000237205___1721,Negative,0.0416,0.9582
6.6146264,-3.543847,GCF_000237205___1722,Negative,0.0,0.0345
5.520483,-2.439546,GCF_000237205___1723,Negative,0.0,0.1323
8.005737,-1.4215213,GCF_000237205___1724,Negative,0.0,0.0659
11.929297,12.64413,GCF_000237205___1725,Negative,0.0207,0.0
6.569257,-0.6609197,GCF_000237205___1726,Negative,0.0001,0.4925
10.334448,2.5251193,GCF_000237205___1727,Negative,0.0002,0.9998
6.2840714,-2.7047994,GCF_000237205___1728,Negative,0.0,0.0761
8.545167,2.360294,GCF_000237205___1729,Negative,0.0007,0.3055
9.557939,3.5733,GCF_000237205___1730,Negative,0.0002,0.6825
6.3998766,-2.6237242,GCF_000237205___1731,Negative,0.0001,0.0515
11.261402,11.706553,GCF_000237205___1732,Inc-protein,0.8279,0.0001
7.4401784,-0.3174931,GCF_000237205___1733,Negative,0.0006,0.1524
9.991322,3.3737335,GCF_000237205___1734,Negative,0.003,0.985
10.958439,11.800857,GCF_000237205___1735,Negative,0.2346,0.0087
7.4988055,-4.5157046,GCF_000237205___1736,Negative,0.0,0.001
7.9909782,-3.7711234,GCF_000237205___1737,Negative,0.0,0.0005
7.176174,-4.611787,GCF_000237205___1738,Negative,0.0,0.0
6.4320292,-1.3199621,GCF_000237205___1739,Negative,0.0001,0.178
6.251229,-3.1611092,GCF_000237205___1740,Negative,0.0,0.0255
8.228456,11.205754,GCF_000237205___1741,Negative,0.0011,0.9916
5.906838,-0.62545687,GCF_000237205___1742,Negative,0.0001,0.2305
8.707835,3.7359066,GCF_000237205___1743,Negative,0.0001,0.0929
11.586191,3.2259521,GCF_000237205___1744,Negative,0.0001,0.9688
7.9663315,-2.3687725,GCF_000237205___1745,Negative,0.0001,0.1048
12.470881,12.422941,GCF_000237205___1746,Negative,0.0012,0.0
6.1690416,-2.086858,GCF_000237205___1747,Negative,0.0,0.1082
7.2627425,-0.46395034,GCF_000237205___1748,Negative,0.001,0.7808
6.754091,-1.9421746,GCF_000237205___1749,Negative,0.0001,0.1048
7.527699,3.6085613,GCF_000237205___1750,Negative,0.0021,0.1851
10.5674515,5.0943074,GCF_000237205___1751,Inc-protein,0.9644,0.0348
7.234808,-1.5414778,GCF_000237205___1752,Negative,0.0,0.0193
6.361762,-0.4845735,GCF_000237205___1753,Negative,0.0001,0.6934
5.8335423,-2.6417098,GCF_000237205___1754,Negative,0.0,0.021
7.2138047,-1.5763543,GCF_000237205___1755,Negative,0.0,0.3334
7.545328,10.732763,GCF_000237205___1756,Negative,0.0005,0.9429
10.771691,2.5077105,GCF_000237205___1757,Negative,0.0004,0.9884
7.223674,-1.5106708,GCF_000237205___1758,Negative,0.0002,0.0616
6.6087894,10.509202,GCF_000237205___1759,Negative,0.0,0.9766
7.971596,3.352263,GCF_000237205___1760,Negative,0.0003,0.5498
9.316432,4.447972,GCF_000237205___1761,Negative,0.0021,0.0082
7.997666,3.4321723,GCF_000237205___1762,Negative,0.0001,0.724
7.934898,3.5780456,GCF_000237205___1763,Negative,0.16,0.2552
7.674804,-2.6665947,GCF_000237205___1764,Negative,0.0,0.0956
9.00949,11.651788,GCF_000237205___1765,Negative,0.2073,0.1707
7.6794643,-3.404265,GCF_000237205___1766,Negative,0.0,0.0499
7.441788,-3.4349654,GCF_000237205___1767,Negative,0.0,0.0112
12.454248,12.336574,GCF_000237205___1768,Negative,0.0039,0.0
12.017933,12.423485,GCF_000237205___1769,Negative,0.0056,0.0
10.78423,2.5144148,GCF_000237205___1770,Negative,0.001,0.984
11.103351,3.0391033,GCF_000237205___1771,Negative,0.0005,0.9958
9.334783,3.5326848,GCF_000237205___1772,Negative,0.0001,0.9868
9.053885,2.576987,GCF_000237205___1773,Negative,0.0002,0.9824
7.5807033,-3.3975394,GCF_000237205___1774,Negative,0.0,0.0022
7.3043075,-1.686536,GCF_000237205___1775,Negative,0.0001,0.0421
7.2414618,-0.9398084,GCF_000237205___1776,Negative,0.0002,0.1825
7.2754335,-4.3368893,GCF_000237205___1777,Negative,0.0,0.0007
10.796246,4.8371367,GCF_000237205___1778,Negative,0.199,0.1145
9.242618,3.9346635,GCF_000237205___1779,Negative,0.0022,0.5383
8.876601,3.8117933,GCF_000237205___1780,Negative,0.0001,0.0452
-8.165506,12.164712,GCF_000237205___1781,Negative,0.019,0.0383
10.884009,-4.110052,GCF_000237205___1782,Negative,0.0001,0.0039
9.951087,3.030681,GCF_000237205___1783,Negative,0.0001,0.9788
7.1114635,10.506215,GCF_000237205___1784,Negative,0.0005,0.7478
8.03397,-2.576856,GCF_000237205___1785,Negative,0.0,0.0385
5.407679,-3.0674353,GCF_000237205___1786,Negative,0.0,0.0084
5.740959,-3.3767948,GCF_000237205___1787,Negative,0.0,0.0039
11.229834,3.118577,GCF_000237205___1788,Negative,0.002,0.9978
7.2671185,-2.3116422,GCF_000237205___1789,Negative,0.001,0.0085
10.689184,5.8591123,GCF_000237205___1790,Inc-protein,0.9997,0.0
6.8787017,-2.0990286,GCF_000237205___1791,Negative,0.0002,0.0915
6.8912315,10.938198,GCF_000237205___1792,Negative,0.0001,0.3264
8.990861,3.4062135,GCF_000237205___1793,Negative,0.0001,0.986
7.1493235,-1.6913939,GCF_000237205___1794,Negative,0.0001,0.0526
11.356658,12.427513,GCF_000237205___1795,Negative,0.5007,0.0002
7.043978,-0.6095588,GCF_000237205___1796,Negative,0.0,0.5507
8.913439,4.2882276,GCF_000237205___1797,Negative,0.0,0.099
7.035865,-1.0104139,GCF_000237205___1798,Negative,0.0,0.4242
6.8389316,-0.821841,GCF_000237205___1799,Negative,0.0,0.7776
7.377165,-1.3879733,GCF_000237205___1800,Negative,0.0,0.1341
12.406411,11.918845,GCF_000237205___1801,Negative,0.0056,0.0
7.075613,-3.5403972,GCF_000237205___1802,Negative,0.0,0.0042
7.1913724,-2.8940341,GCF_000237205___1803,Negative,0.0,0.0123
7.1066794,-3.3967812,GCF_000237205___1804,Negative,0.0,0.0037
7.444589,-2.5611403,GCF_000237205___1805,Negative,0.0001,0.0471
7.3479433,3.4456942,GCF_000237205___1806,Negative,0.001,0.3276
6.2549343,-0.5404248,GCF_000237205___1807,Negative,0.0001,0.6913
6.962765,-2.2112956,GCF_000237205___1808,Negative,0.0004,0.0372
7.1642985,3.578154,GCF_000237205___1809,Negative,0.0494,0.8113
11.415152,11.778317,GCF_000237205___1810,Negative,0.0769,0.0003
9.452119,11.301881,GCF_000237205___1811,Negative,0.0029,0.1909
6.2582307,-2.2639892,GCF_000237205___1812,Negative,0.0,0.0321
6.615369,10.426305,GCF_000237205___1813,Negative,0.0001,0.9016
6.82586,-0.3039803,GCF_000237205___1814,Negative,0.0001,0.9366
8.620318,2.041643,GCF_000237205___1815,Negative,0.0027,0.5019
7.081859,-2.7516987,GCF_000237205___1816,Negative,0.0,0.0208
8.690941,2.206781,GCF_000237205___1817,Negative,0.0002,0.9503
5.7627964,-3.1166909,GCF_000237205___1818,Negative,0.0,0.0077
6.2936077,-3.6931272,GCF_000237205___1819,Negative,0.0,0.002
5.3169584,-1.7115978,GCF_000237205___1820,Negative,0.0,0.0132
8.745347,3.5616407,GCF_000237205___1821,Negative,0.0,0.017
7.968121,-3.0814729,GCF_000237205___1822,Negative,0.0,0.0019
8.293574,11.874348,GCF_000237205___1823,Negative,0.0017,0.9964
6.7052965,13.128774,GCF_000237205___1824,Negative,0.0003,0.8881
10.94709,5.0001082,GCF_000237205___1825,Negative,0.7739,0.2244
7.736675,10.433317,GCF_000237205___1826,Negative,0.0047,0.0198
5.220899,-2.2249217,GCF_000237205___1827,Negative,0.0,0.0653
7.1447997,-2.7968526,GCF_000237205___1828,Negative,0.0001,0.0443
7.373364,-0.09056273,GCF_000237205___1829,Negative,0.0002,0.9543
12.484156,4.225253,GCF_000237205___1830,Negative,0.0,0.0483
12.718761,3.7648847,GCF_000237205___1831,Negative,0.0001,0.3639
9.989736,3.1281571,GCF_000237205___1832,Negative,0.0035,0.8781
6.5620403,-0.80830926,GCF_000237205___1833,Negative,0.0001,0.3999
6.5079837,-3.6976535,GCF_000237205___1834,Negative,0.0,0.0007
10.406725,6.6224895,GCF_000237205___1835,Negative,0.0626,0.001
6.2510276,12.73409,GCF_000237205___1836,Negative,0.0001,0.0004
4.9460907,-3.6013532,GCF_000237205___1837,Negative,0.0,0.0158
8.491368,3.0762153,GCF_000237205___1838,Negative,0.0001,0.9889
6.396803,-4.485194,GCF_000237205___1839,Negative,0.0,0.0004
8.974349,11.486426,GCF_000237205___1840,Negative,0.027,0.6476
8.193442,11.280714,GCF_000237205___1841,Negative,0.0009,0.9975
7.02216,-3.7212725,GCF_000237205___1842,Negative,0.0,0.0117
6.952518,-1.9625306,GCF_000237205___1843,Negative,0.0,0.1565
9.358802,2.3361852,GCF_000237205___1844,Negative,0.0101,0.9863
6.749023,-3.9772537,GCF_000237205___1845,Negative,0.0,0.0005
7.441723,3.827767,GCF_000237205___1846,Negative,0.0,0.0
8.803502,2.6433399,GCF_000237205___1847,Negative,0.0015,0.9085
10.860949,-4.1366124,GCF_000237205___1848,Negative,0.0,0.0015
8.086295,3.3923285,GCF_000237205___1849,Negative,0.0,0.2653
8.678659,3.4771183,GCF_000237205___1850,Negative,0.0003,0.3406
5.3865547,-2.3434203,GCF_000237205___1851,Negative,0.0,0.0026
6.9207535,-4.4498515,GCF_000237205___1852,Negative,0.0,0.0154
7.0337653,10.82767,GCF_000237205___1853,Negative,0.0003,0.8614
6.402935,-3.6335716,GCF_000237205___1854,Negative,0.0,0.0014
6.441502,-2.9640713,GCF_000237205___1855,Negative,0.0,0.0559
7.62454,-0.21114689,GCF_000237205___1856,Negative,0.0003,0.7359
6.8901944,-4.5970325,GCF_000237205___1857,Negative,0.0,0.0004
7.1522555,-4.1960735,GCF_000237205___1858,Negative,0.0,0.0007
11.935534,3.3066237,GCF_000237205___1859,Negative,0.0002,0.9986
12.315842,4.2938356,GCF_000237205___1860,Inc-protein,0.8398,0.0277
12.399716,4.241315,GCF_000237205___1861,Negative,0.1285,0.8566
12.833502,4.197652,GCF_000237205___1862,Negative,0.0002,0.0176
12.70611,4.268346,GCF_000237205___1863,Negative,0.1277,0.1328
12.847462,4.2377634,GCF_000237205___1864,Negative,0.005,0.6164
9.127175,2.2952452,GCF_000237205___1865,Negative,0.0027,0.9953
11.971462,3.2957454,GCF_000237205___1866,Negative,0.0067,0.9885
12.531074,4.0854607,GCF_000237205___1867,Inc-protein,0.9235,0.0476
12.703782,3.8804908,GCF_000237205___1868,Negative,0.0223,0.974
12.756688,4.213782,GCF_000237205___1869,Negative,0.0073,0.0508
12.55176,4.2046175,GCF_000237205___1870,Negative,0.0,0.0628
12.798553,4.1829157,GCF_000237205___1871,Negative,0.0002,0.5083
12.4401865,4.1877136,GCF_000237205___1872,Negative,0.5441,0.4495
12.677585,3.9249825,GCF_000237205___1873,Negative,0.0288,0.9642
12.791391,4.235848,GCF_000237205___1874,Negative,0.001,0.1238
12.766148,3.9974682,GCF_000237205___1875,Negative,0.0019,0.9134
6.6004705,10.503128,GCF_000237205___1876,Negative,0.0,0.9912
12.251631,4.3477063,GCF_000237205___1877,Inc-protein,0.8709,0.0089
12.513561,4.0548635,GCF_000237205___1878,Negative,0.2851,0.6912
12.814407,4.2119555,GCF_000237205___1879,Negative,0.0001,0.0521
12.790787,4.2394643,GCF_000237205___1880,Negative,0.0115,0.5689
12.805278,4.2044487,GCF_000237205___1881,Negative,0.0003,0.1748
8.663231,2.9364517,GCF_000237205___1882,Negative,0.0002,0.986
7.379273,-0.09033904,GCF_000237205___1883,Negative,0.0003,0.6559
6.9458055,3.9302144,GCF_000237205___1884,Negative,0.0043,0.0173
9.478524,10.85997,GCF_000237205___1885,Negative,0.0037,0.0521
8.270011,2.8887746,GCF_000237205___1886,Negative,0.0024,0.8498
8.589918,3.9610484,GCF_000237205___1887,Negative,0.0007,0.0084
7.412964,-0.35952264,GCF_000237205___1888,Negative,0.0009,0.217
12.841988,4.098143,GCF_000237205___1889,Negative,0.0003,0.7923
10.776947,5.6672463,GCF_000237205___1890,Inc-protein,0.9795,0.0191
5.3187323,-1.7506745,GCF_000237205___1891,Negative,0.0,0.0063
7.270276,-1.6099502,GCF_000237205___1892,Negative,0.0067,0.161
9.949884,3.0028038,GCF_000237205___1893,Negative,0.0,0.993
11.251862,3.014464,GCF_000237205___1894,Negative,0.0,0.9987
6.6943026,-0.25996336,GCF_000237205___1895,Negative,0.0001,0.2866
7.1213436,-0.1250397,GCF_000237205___1896,Negative,0.0,0.9667
7.7519126,11.4067545,GCF_000237205___1897,Negative,0.0007,0.9847
8.744651,2.6901853,GCF_000237205___1898,Negative,0.0001,0.7138
6.659655,-3.01222,GCF_000237205___1899,Negative,0.0,0.0097
8.033949,11.244833,GCF_000237205___1900,Negative,0.0003,0.9662
11.759829,4.5068474,GCF_000237205___1901,Negative,0.2418,0.0498
7.8482466,10.533018,GCF_000237205___1902,Negative,0.0178,0.1484
8.019054,10.745608,GCF_000237205___1903,Negative,0.0018,0.4712
9.1675625,2.6389856,GCF_000237205___1904,Negative,0.0017,0.8893
9.948226,3.5217144,GCF_000237205___1905,Negative,0.0011,0.9984
6.782329,-3.4824102,GCF_000237205___1906,Negative,0.0,0.0007
12.023789,11.975732,GCF_000237205___1907,Negative,0.5303,0.0
9.183249,4.02396,GCF_000237205___1908,Negative,0.0002,0.0492
6.5644464,-2.3553839,GCF_000237205___1909,Negative,0.0002,0.8256
6.4358225,-4.6616454,GCF_000237205___1910,Negative,0.0,0.0036
6.1867766,-3.8550904,GCF_000237205___1911,Negative,0.0,0.0009
6.894664,-4.452156,GCF_000237205___1912,Negative,0.0,0.0027
6.290868,-4.3432107,GCF_000237205___1913,Negative,0.0,0.0208
6.974383,-1.657854,GCF_000237205___1914,Negative,0.0003,0.1192
11.705628,11.862604,GCF_000237205___1915,Negative,0.1969,0.0009
7.234895,3.639847,GCF_000237205___1916,Negative,0.0026,0.4819
12.851774,4.203152,GCF_000237205___1917,Negative,0.0011,0.9397
12.839307,4.1623654,GCF_000237205___1918,Negative,0.0008,0.9192
12.606617,3.9298282,GCF_000237205___1919,Negative,0.0281,0.9655
12.046279,4.3277125,GCF_000237205___1920,Negative,0.3727,0.619
11.90984,11.630822,GCF_000237205___1921,Negative,0.147,0.0009
7.4432025,10.937132,GCF_000237205___1922,Negative,0.0004,0.5627
7.877672,11.3103485,GCF_000237205___1923,Negative,0.0004,0.9525
7.2688923,-1.4620581,GCF_000237205___1924,Negative,0.0043,0.6565
6.1935377,-3.5235748,GCF_000237205___1925,Negative,0.0,0.0204
7.080732,-4.1841526,GCF_000237205___1926,Negative,0.0,0.0006
6.3973384,-1.3251382,GCF_000237205___1927,Negative,0.0002,0.7803
7.1675363,11.459058,GCF_000237205___1928,Negative,0.0001,0.946
9.058332,2.4047377,GCF_000237205___1929,Negative,0.0012,0.9901
7.7726245,11.572143,GCF_000237205___1930,Negative,0.0014,0.9082
8.889487,11.655446,GCF_000237205___1931,Negative,0.0296,0.9016
5.6998835,-2.2608185,GCF_000237205___1932,Negative,0.0,0.0033
11.591535,12.032954,GCF_000237205___1933,Negative,0.0106,0.0
10.800776,6.136743,GCF_000237205___1934,Inc-protein,0.9209,0.0102
5.9758334,-1.6506765,GCF_000237205___1935,Negative,0.0,0.0287
6.6377444,-4.795746,GCF_000237205___1936,Negative,0.0,0.0
5.312273,-2.190095,GCF_000237205___1937,Negative,0.0,0.0015
6.895596,-1.9305052,GCF_000237205___1938,Negative,0.0002,0.001
7.88625,-2.9747913,GCF_000237205___1939,Negative,0.0003,0.0133
6.4151835,-1.0223497,GCF_000237205___1940,Negative,0.0003,0.0614
6.674559,-0.854402,GCF_000237205___1941,Negative,0.0004,0.0506
11.928695,3.251342,GCF_000237205___1942,Negative,0.002,0.9664
6.52362,-2.65685,GCF_000237205___1943,Negative,0.0,0.1076
6.6977243,10.267,GCF_000237205___1944,Negative,0.0,0.0392
7.853571,-1.944943,GCF_000237205___1945,Negative,0.0,0.0825
7.2933054,-0.56587064,GCF_000237205___1946,Negative,0.0002,0.0995
5.690807,-1.3474141,GCF_000237205___1947,Negative,0.0,0.2294
6.5755324,-1.7115215,GCF_000237205___1948,Negative,0.0,0.5248
10.494402,5.9178667,GCF_000237205___1949,Inc-protein,0.9061,0.0039
10.405103,6.0407467,GCF_000237205___1950,Inc-protein,0.9432,0.014
10.386749,6.0847178,GCF_000237205___1951,Inc-protein,0.8281,0.0024
9.602931,2.9754517,GCF_000237205___1952,Negative,0.0004,0.9038
6.887824,12.965,GCF_000237205___1953,Negative,0.0002,0.1431
7.270664,10.4929285,GCF_000237205___1954,Negative,0.0001,0.0152
7.5525723,10.4310875,GCF_000237205___1955,Negative,0.0024,0.7484
6.1258006,-1.275788,GCF_000237205___1956,Negative,0.0001,0.2229
8.111848,-1.4828016,GCF_000237205___1957,Negative,0.0002,0.2744
11.486972,12.74193,GCF_000237205___1958,Negative,0.0104,0.0
9.530562,10.868433,GCF_000237205___1959,Negative,0.0083,0.0172
11.582335,12.71023,GCF_000237205___1960,Negative,0.0207,0.0
11.827692,12.1808,GCF_000237205___1961,Negative,0.4884,0.0
6.527508,-1.9758316,GCF_000237205___1962,Negative,0.0,0.0367
6.9709625,-3.7727504,GCF_000237205___1963,Negative,0.0,0.0017
11.644503,11.952735,GCF_000237205___1964,Negative,0.0417,0.0001
9.638178,2.5541778,GCF_000237205___1965,Negative,0.0,0.9998
12.786174,3.8405914,GCF_000237205___1966,Negative,0.0,0.903
7.282899,1.0234748,GCF_000237205___1967,Negative,0.0011,0.5466
8.93092,2.219019,GCF_000237205___1968,Negative,0.0003,0.9864
7.3746676,10.919846,GCF_000237205___1969,Negative,0.0013,0.7153
10.327939,5.8443575,GCF_000237205___1970,Inc-protein,0.9847,0.0001
6.6058207,-3.1030774,GCF_000237205___1971,Negative,0.0,0.0015
9.225676,2.3468711,GCF_000237205___1972,Negative,0.006,0.9553
7.5632663,3.5291955,GCF_000237205___1973,Negative,0.0,0.0082
8.115693,10.509195,GCF_000237205___1974,Negative,0.0024,0.018
6.7052345,10.389284,GCF_000237205___1975,Negative,0.0,0.2594
9.519198,3.1628273,GCF_000237205___1976,Negative,0.0026,0.4149
6.9074535,-2.146252,GCF_000237205___1977,Negative,0.0003,0.0434
10.826517,5.186972,GCF_000237205___1978,Negative,0.1395,0.8578
7.599361,-1.2029634,GCF_000237205___1979,Negative,0.0003,0.1403
6.599564,-0.37114507,GCF_000237205___1980,Negative,0.0,0.1872
7.6752415,-1.4474281,GCF_000237205___1981,Negative,0.0,0.0337
5.8032303,-1.0045451,GCF_000237205___1982,Negative,0.0,0.0293
6.7444577,10.674345,GCF_000237205___1983,Negative,0.0001,0.276
11.804654,11.517066,GCF_000237205___1984,Negative,0.1877,0.0001
9.828798,2.3349319,GCF_000237205___1985,Negative,0.0,0.9996
6.395698,-4.5972624,GCF_000237205___1986,Negative,0.0,0.0002
6.750657,-2.9914098,GCF_000237205___1987,Negative,0.0001,0.0159
6.102279,-3.484531,GCF_000237205___1988,Negative,0.0,0.0057
7.3239217,-4.473982,GCF_000237205___1989,Negative,0.0,0.0002
7.3691864,-4.506678,GCF_000237205___1990,Negative,0.0,0.0001
12.080378,13.044355,GCF_000237205___1991,Negative,0.0017,0.0
7.458467,-4.4048753,GCF_000237205___1992,Negative,0.0,0.0005
7.006726,-4.6129,GCF_000237205___1993,Negative,0.0,0.0
6.879109,-2.8417215,GCF_000237205___1994,Negative,0.0,0.0069
7.603754,-4.283636,GCF_000237205___1995,Negative,0.0,0.0002
7.5500274,-4.4868507,GCF_000237205___1996,Negative,0.0,0.0003
7.5941486,-4.2802644,GCF_000237205___1997,Negative,0.0,0.002
8.080618,-2.935127,GCF_000237205___1998,Negative,0.0,0.1435
7.646115,-4.3132615,GCF_000237205___1999,Negative,0.0,0.0013
6.884815,-2.334318,GCF_000237205___2000,Negative,0.0,0.0029
6.979074,-1.3899809,GCF_000237205___2001,Negative,0.0002,0.1985
7.5326095,-4.5048647,GCF_000237205___2002,Negative,0.0,0.0002
7.6193924,-4.4007444,GCF_000237205___2003,Negative,0.0,0.0011
7.7064404,-2.5640767,GCF_000237205___2004,Negative,0.0,0.0004
7.5184026,-4.5358477,GCF_000237205___2005,Negative,0.0,0.0
7.6313386,-4.304152,GCF_000237205___2006,Negative,0.0,0.0011
7.649001,-2.3480148,GCF_000237205___2007,Negative,0.0001,0.0343
7.4379606,-4.418285,GCF_000237205___2008,Negative,0.0,0.0006
7.5293217,-4.422904,GCF_000237205___2009,Negative,0.0,0.0002
11.87714,10.925923,GCF_000237205___2010,Negative,0.0012,0.0
11.148859,4.545244,GCF_000237205___2011,Inc-protein,0.9776,0.0209
10.499092,4.703223,GCF_000237205___2012,Inc-protein,0.9686,0.0241
10.599998,5.416506,GCF_000237205___2013,Inc-protein,0.9967,0.0027
10.41569,4.738074,GCF_000237205___2014,Inc-protein,0.9802,0.0106
10.400388,4.765778,GCF_000237205___2015,Inc-protein,0.9848,0.0083
10.410202,4.7347775,GCF_000237205___2016,Inc-protein,0.9739,0.0125
10.474305,4.74577,GCF_000237205___2017,Inc-protein,0.9921,0.004
8.94831,2.497822,GCF_000237205___2018,Negative,0.0002,0.9648
5.8303494,-1.4811847,GCF_000237205___2019,Negative,0.0,0.0399
5.7566423,-1.294192,GCF_000237205___2020,Negative,0.0001,0.0507
5.5115166,-2.8943493,GCF_000237205___2021,Negative,0.0,0.0003
5.4647536,-2.7648454,GCF_000237205___2022,Negative,0.0,0.0022
11.652831,12.050547,GCF_000237205___2023,Negative,0.005,0.0029
12.262731,11.850327,GCF_000237205___2024,Negative,0.0105,0.0001
6.295555,-2.5115156,GCF_000237205___2025,Negative,0.0,0.1928
7.6821637,10.710377,GCF_000237205___2026,Negative,0.0006,0.501
5.2439027,-2.474931,GCF_000237205___2027,Negative,0.0,0.0094
7.0303335,-1.9695594,GCF_000237205___2028,Negative,0.0002,0.0912
6.850361,10.853636,GCF_000237205___2029,Negative,0.0001,0.9272
11.086124,4.6994343,GCF_000237205___2030,Negative,0.7118,0.038
7.898082,10.632321,GCF_000237205___2031,Negative,0.0027,0.2447
8.611553,2.7292492,GCF_000237205___2032,Negative,0.0003,0.8532
10.796592,2.523728,GCF_000237205___2033,Negative,0.0089,0.773
10.530351,2.6898625,GCF_000237205___2034,Negative,0.0009,0.951
7.6185455,10.349385,GCF_000237205___2035,Negative,0.0007,0.0994
7.5768766,11.214076,GCF_000237205___2036,Negative,0.0002,0.9754
6.6402874,-0.89874125,GCF_000237205___2037,Negative,0.0001,0.0475
6.8768544,10.734992,GCF_000237205___2038,Negative,0.0003,0.3183
8.249985,10.808327,GCF_000237205___2039,Negative,0.0024,0.7353
7.2126985,-4.1116676,GCF_000237205___2040,Negative,0.0,0.0115
12.531195,12.291885,GCF_000237205___2041,Negative,0.0017,0.0
8.885046,3.8170667,GCF_000237205___2042,Negative,0.0,0.0794
10.471182,5.4944954,GCF_000237205___2043,Negative,0.2845,0.7115
8.975214,2.3763232,GCF_000237205___2044,Negative,0.0071,0.9858
5.734477,-2.742594,GCF_000237205___2045,Negative,0.0,0.0331
5.7973766,-3.4261448,GCF_000237205___2046,Negative,0.0,0.0018
7.3628354,10.662758,GCF_000237205___2047,Negative,0.0003,0.249
6.4562745,-3.9028194,GCF_000237205___2048,Negative,0.0,0.0018
11.921071,12.976247,GCF_000237205___2049,Negative,0.0269,0.0
5.6992064,-1.7079163,GCF_000237205___2050,Negative,0.0,0.0253
6.297721,-1.6962025,GCF_000237205___2051,Negative,0.0001,0.0222
5.9676547,-2.3583379,GCF_000237205___2052,Negative,0.0001,0.0011
6.3426685,-4.330374,GCF_000237205___2053,Negative,0.0,0.0003
12.308278,12.105215,GCF_000237205___2054,Negative,0.0095,0.0001
6.577316,-3.1353323,GCF_000237205___2055,Negative,0.0001,0.0117
5.789257,-3.430753,GCF_000237205___2056,Negative,0.0,0.0285
7.9055514,11.989359,GCF_000237205___2057,Negative,0.0012,0.8375
7.924256,12.0001335,GCF_000237205___2058,Negative,0.0014,0.9175
7.8186264,11.985069,GCF_000237205___2059,Negative,0.0025,0.7336
9.129489,4.1796846,GCF_000237205___2060,Negative,0.0001,0.3642
7.287295,1.0221857,GCF_000237205___2061,Negative,0.0011,0.5466
6.6187396,10.465908,GCF_000237205___2062,Negative,0.0,0.8223
9.339375,11.383738,GCF_000237205___2063,Negative,0.0233,0.0207
6.030973,-2.3709736,GCF_000237205___2064,Negative,0.0,0.1508
5.809023,-1.9817203,GCF_000237205___2065,Negative,0.0001,0.2382
6.9934416,-0.31303105,GCF_000237205___2066,Negative,0.0001,0.5441
7.82367,10.66213,GCF_000237205___2067,Negative,0.0011,0.615
11.1939335,2.9116566,GCF_000237205___2068,Negative,0.0011,0.9975
12.240543,3.6464715,GCF_000237205___2069,Negative,0.0004,0.9671
12.079797,3.6030922,GCF_000237205___2070,Negative,0.0001,0.9961
7.373838,-1.1513252,GCF_000237205___2071,Negative,0.01,0.5742
11.031123,12.4389105,GCF_000237205___2072,Negative,0.4775,0.0
7.0581484,-3.2184706,GCF_000237205___2073,Negative,0.0,0.0243
7.0338016,12.014006,GCF_000237205___2074,Negative,0.0001,0.0016
5.8130774,-2.6219757,GCF_000237205___2075,Negative,0.0001,0.1084
5.8950253,-3.2075732,GCF_000237205___2076,Negative,0.0,0.0002
7.6396914,-1.3386595,GCF_000237205___2077,Negative,0.0,0.0405
6.742002,-4.2998652,GCF_000237205___2078,Negative,0.0,0.0011
9.090178,3.7400613,GCF_000237205___2079,Negative,0.0063,0.5227
5.8393145,-2.4157877,GCF_000237205___2080,Negative,0.0,0.1727
6.791414,-3.6834807,GCF_000237205___2081,Negative,0.0,0.0405
8.997776,2.4045138,GCF_000237205___2082,Negative,0.0005,0.957
5.566456,-3.2322776,GCF_000237205___2083,Negative,0.0,0.0036
8.833684,2.5760899,GCF_000237205___2084,Negative,0.0,0.9993
5.4746714,-2.39143,GCF_000237205___2085,Negative,0.0,0.0044
6.4731026,-2.6807604,GCF_000237205___2086,Negative,0.0,0.0097
6.5392547,-1.1154329,GCF_000237205___2087,Negative,0.0006,0.2961
6.485107,-4.366735,GCF_000237205___2088,Negative,0.0,0.001
11.957893,12.083479,GCF_000237205___2089,Negative,0.0194,0.0008
7.335958,10.729816,GCF_000237205___2090,Negative,0.0003,0.7484
11.937679,11.9668865,GCF_000237205___2091,Negative,0.0014,0.0
11.971055,12.462544,GCF_000237205___2092,Negative,0.004,0.0
11.009785,4.2850585,GCF_000237205___2093,Inc-protein,0.8003,0.1995
11.30574,12.037621,GCF_000237205___2094,Negative,0.0213,0.0001
9.745298,2.4810708,GCF_000237205___2095,Negative,0.0003,0.9941
7.1497154,10.5033655,GCF_000237205___2096,Negative,0.0001,0.2898
12.055148,13.279727,GCF_000237205___2097,Negative,0.0,0.0016
6.724087,-3.0926404,GCF_000237205___2098,Negative,0.0,0.024
5.7625504,-1.2470248,GCF_000237205___2099,Negative,0.0005,0.0378
6.3618884,-3.6482027,GCF_000237205___2100,Negative,0.0,0.0233
8.348422,2.4426389,GCF_000237205___2101,Negative,0.0363,0.7613
10.340109,5.4761434,GCF_000237205___2102,Negative,0.0126,0.984
9.780114,3.5846474,GCF_000237205___2103,Negative,0.0176,0.9793
8.333328,11.471258,GCF_000237205___2104,Negative,0.0022,0.9813
10.875372,12.262538,GCF_000237205___2105,Negative,0.2199,0.0007
6.930979,-0.95557624,GCF_000237205___2106,Negative,0.0001,0.4857
12.029245,3.314585,GCF_000237205___2107,Negative,0.0007,0.9947
11.686645,3.4565532,GCF_000237205___2108,Negative,0.7448,0.2492
11.248463,2.9842756,GCF_000237205___2109,Negative,0.0003,0.9962
11.276927,3.1567137,GCF_000237205___2110,Negative,0.0139,0.981
7.084787,-2.354621,GCF_000237205___2111,Negative,0.0,0.012
7.306936,10.359159,GCF_000237205___2112,Negative,0.0012,0.1017
6.179381,-1.8302367,GCF_000237205___2113,Negative,0.0001,0.2329
11.810152,10.800217,GCF_000237205___2114,Negative,0.1908,0.0
8.119815,11.364917,GCF_000237205___2115,Negative,0.001,0.9844
7.524263,3.7473238,GCF_000237205___2116,Negative,0.0015,0.3507
7.7683163,3.3104084,GCF_000237205___2117,Negative,0.0003,0.6815
10.421283,11.750144,GCF_000237205___2118,Negative,0.0364,0.0094
7.769023,-3.1019988,GCF_000237205___2119,Negative,0.0,0.0061
5.2485576,-2.398143,GCF_000237205___2120,Negative,0.0,0.0073
6.3916206,-2.166555,GCF_000237205___2121,Negative,0.0001,0.1017
5.0652723,-3.539556,GCF_000237205___2122,Negative,0.0,0.0067
6.2325144,-4.587559,GCF_000237205___2123,Negative,0.0,0.0012
7.194518,3.6256957,GCF_000237205___2124,Negative,0.0611,0.4644
8.539693,2.4176729,GCF_000237205___2125,Negative,0.009,0.1022
7.1720567,11.212606,GCF_000237205___2126,Negative,0.0007,0.0914
10.885315,5.1897006,GCF_000237205___2127,Negative,0.7833,0.2135
5.025149,-3.5979156,GCF_000237205___2128,Negative,0.0,0.0036
5.522138,-3.3367236,GCF_000237205___2129,Negative,0.0,0.001
7.2462115,-1.777861,GCF_000237205___2130,Negative,0.0002,0.0728
6.1274786,-1.661859,GCF_000237205___2131,Negative,0.0,0.0212
7.245988,-4.346063,GCF_000237205___2132,Negative,0.0,0.0043
8.042287,-3.0266457,GCF_000237205___2133,Negative,0.0,0.004
6.703977,-4.393499,GCF_000237205___2134,Negative,0.0,0.0026
7.2666507,-2.487964,GCF_000237205___2135,Negative,0.0,0.0703
10.684652,5.02443,GCF_000237205___2136,Inc-protein,0.9635,0.0353
10.721145,5.0066137,GCF_000237205___2137,Negative,0.7249,0.2645
10.808617,5.0188503,GCF_000237205___2138,Inc-protein,0.8084,0.183
10.492498,5.656113,GCF_000237205___2139,Negative,0.5564,0.404
10.554239,5.7074594,GCF_000237205___2140,Inc-protein,0.8911,0.1052
6.817374,-3.3821995,GCF_000237205___2141,Negative,0.0,0.0205
10.720929,3.3727367,GCF_000237205___2142,Negative,0.1068,0.6413
8.291213,10.823368,GCF_000237205___2143,Negative,0.0025,0.0723
7.009268,3.820753,GCF_000237205___2144,Negative,0.0005,0.4672
6.3208494,-0.84498113,GCF_000237205___2145,Negative,0.0005,0.0805
8.865258,11.389487,GCF_000237205___2146,Negative,0.0791,0.7776
10.837718,5.5026183,GCF_000237205___2147,Inc-protein,0.8828,0.1159
8.495844,11.352741,GCF_000237205___2148,Negative,0.0319,0.9265
8.978626,11.536873,GCF_000237205___2149,Negative,0.348,0.5525
8.659467,11.2069645,GCF_000237205___2150,Negative,0.0182,0.3294
7.4317527,-3.9495866,GCF_000237205___2151,Negative,0.0,0.0048
7.386849,11.805166,GCF_000237205___2152,Negative,0.0005,0.8109
11.175953,2.8566904,GCF_000237205___2153,Negative,0.0017,0.9789
11.307503,11.330237,GCF_000237205___2154,Negative,0.587,0.0097
6.8787584,-3.2490363,GCF_000237205___2155,Negative,0.0001,0.0182
6.5912023,-0.49032193,GCF_000237205___2156,Negative,0.0005,0.4415
6.159034,-4.1862283,GCF_000237205___2157,Negative,0.0001,0.0085
6.78783,-4.5670414,GCF_000237205___2158,Negative,0.0,0.0002
7.292593,1.027053,GCF_000237205___2159,Negative,0.0011,0.5466
7.622591,3.4491563,GCF_000237205___2160,Negative,0.0,0.0013
5.0420723,-3.5712857,GCF_000237205___2161,Negative,0.0,0.0043
5.1077394,-3.4433868,GCF_000237205___2162,Negative,0.0,0.0027
7.011899,-4.149185,GCF_000237205___2163,Negative,0.0,0.0028
11.92101,12.760609,GCF_000237205___2164,Negative,0.0016,0.0
10.363094,4.977825,GCF_000237205___2165,Negative,0.0492,0.9483
10.870304,2.8806593,GCF_000237205___2166,Negative,0.0,1.0
10.751838,3.7960901,GCF_000237205___2167,Negative,0.0018,0.9968
5.7321653,-3.6563404,GCF_000237205___2168,Negative,0.0,0.004
12.545227,12.462606,GCF_000237205___2169,Negative,0.0005,0.0
7.589924,-3.1708066,GCF_000237205___2170,Negative,0.0,0.0022
4.9828863,-3.5738566,GCF_000237205___2171,Negative,0.0,0.0043
12.432121,12.419975,GCF_000237205___2172,Negative,0.0027,0.0
9.150973,2.3389542,GCF_000237205___2173,Negative,0.0001,0.9993
7.328672,3.9961176,GCF_000237205___2174,Negative,0.0,0.0006
6.3494525,-4.66237,GCF_000237205___2175,Negative,0.0,0.0008
7.953,-2.1513293,GCF_000237205___2176,Negative,0.0,0.0695
6.440404,12.724568,GCF_000237205___2177,Negative,0.0001,0.0003
10.554283,5.2918386,GCF_000237205___2178,Inc-protein,0.9001,0.0993
10.90126,4.1987767,GCF_000237205___2179,Negative,0.1369,0.8629
10.495288,4.774358,GCF_000237205___2180,Negative,0.0796,0.8686
5.6709704,-0.85358936,GCF_000237205___2181,Negative,0.0001,0.1157
7.307091,1.0263938,GCF_000237205___2182,Negative,0.0009,0.4892
7.7125573,-2.7763991,GCF_000237205___2183,Negative,0.0,0.0112
7.640448,0.05543116,GCF_000237205___2184,Negative,0.0003,0.9247
6.9116073,-2.588873,GCF_000237205___2185,Negative,0.0,0.0336
5.940342,-0.6987754,GCF_000237205___2186,Negative,0.0004,0.2258
7.9879384,-1.0083525,GCF_000237205___2187,Negative,0.0,0.7191
7.5939274,10.501549,GCF_000237205___2188,Negative,0.0003,0.352
7.2117276,11.766185,GCF_000237205___2189,Negative,0.0003,0.5049
7.062689,11.277694,GCF_000237205___2190,Negative,0.0008,0.7751
11.323576,3.0040042,GCF_000237205___2191,Negative,0.0016,0.9977
6.9962997,3.9292693,GCF_000237205___2192,Negative,0.0004,0.0009
11.945319,3.2249963,GCF_000237205___2193,Negative,0.0004,0.9995
8.141314,-1.5214673,GCF_000237205___2194,Negative,0.0001,0.3232
12.0086,3.2252047,GCF_000237205___2195,Negative,0.0004,0.9995
6.48191,-1.1608007,GCF_000237205___2196,Negative,0.0003,0.1807
6.6479163,10.449677,GCF_000237205___2197,Negative,0.0001,0.9023
9.063182,11.634585,GCF_000237205___2198,Negative,0.3635,0.1366
10.488482,11.652243,GCF_000237205___2199,Negative,0.5044,0.3862
11.817785,13.038157,GCF_000237205___2200,Negative,0.0041,0.0
7.0542016,-3.8426812,GCF_000237205___2201,Negative,0.0,0.0019
5.746968,-1.5700736,GCF_000237205___2202,Negative,0.0,0.0045
10.904033,5.540679,GCF_000237205___2203,Inc-protein,0.9816,0.0164
7.245629,-0.9588378,GCF_000237205___2204,Negative,0.0005,0.0766
6.6240497,12.938801,GCF_000237205___2205,Negative,0.0007,0.2874
11.31297,11.878913,GCF_000237205___2206,Negative,0.0653,0.0004
6.679707,13.1084585,GCF_000237205___2207,Negative,0.0005,0.6468
6.8322854,13.066254,GCF_000237205___2208,Negative,0.0004,0.4572
6.997957,12.901243,GCF_000237205___2209,Negative,0.0,0.0336
7.005028,12.882367,GCF_000237205___2210,Negative,0.0,0.0397
5.9894304,-3.7555447,GCF_000237205___2211,Negative,0.0,0.002
8.591048,3.0487223,GCF_000237205___2212,Negative,0.0003,0.8694
8.797134,3.850213,GCF_000237205___2213,Negative,0.0,0.0221
8.652342,3.917634,GCF_000237205___2214,Negative,0.0,0.0029
11.746294,3.1626341,GCF_000237205___2215,Negative,0.0,0.9999
7.0455194,-2.8600333,GCF_000237205___2216,Negative,0.0001,0.104
6.3030543,-1.6462866,GCF_000237205___2217,Negative,0.0001,0.522
9.064744,11.630555,GCF_000237205___2218,Negative,0.275,0.1415
6.952987,-1.5940049,GCF_000237205___2219,Negative,0.0002,0.0161
7.6551704,-1.2215364,GCF_000237205___2220,Negative,0.0001,0.0736
7.7540517,-1.3827711,GCF_000237205___2221,Negative,0.0,0.0564
7.351766,-0.824755,GCF_000237205___2222,Negative,0.0001,0.3548
7.664005,-1.1665426,GCF_000237205___2223,Negative,0.0,0.0628
7.748622,-1.6629235,GCF_000237205___2224,Negative,0.0,0.0573
7.3772388,-0.8277395,GCF_000237205___2225,Negative,0.0002,0.4864
7.413346,-1.0733906,GCF_000237205___2226,Negative,0.0001,0.3437
7.8065605,-1.4446408,GCF_000237205___2227,Negative,0.0,0.0357
7.653055,10.404081,GCF_000237205___2228,Negative,0.0004,0.0301
6.1134653,-1.7383983,GCF_000237205___2229,Negative,0.0,0.0661
12.622216,3.6782892,GCF_000237205___2230,Negative,0.0003,0.7981
12.144607,3.324174,GCF_000237205___2231,Negative,0.0,1.0
8.769295,11.71703,GCF_000237205___2232,Negative,0.0022,0.4248
8.925977,11.628331,GCF_000237205___2233,Negative,0.002,0.2246
7.978445,11.988316,GCF_000237205___2234,Negative,0.0023,0.867
6.611993,10.451289,GCF_000237205___2235,Negative,0.0,0.8104
7.584736,10.352863,GCF_000237205___2236,Negative,0.0007,0.0233
6.5803137,-0.7384737,GCF_000237205___2237,Negative,0.0002,0.0489
5.927312,-1.108414,GCF_000237205___2238,Negative,0.0002,0.1593
8.200962,11.340811,GCF_000237205___2239,Negative,0.0003,0.9995
8.164749,3.463062,GCF_000237205___2240,Negative,0.0004,0.8249
12.412024,3.8294182,GCF_000237205___2241,Negative,0.0,0.0339
8.451132,2.9733336,GCF_000237205___2242,Negative,0.0002,0.7414
8.637186,3.037732,GCF_000237205___2243,Negative,0.0022,0.1285
7.612001,-2.2733858,GCF_000237205___2244,Negative,0.0,0.0028
7.7075987,-1.3361319,GCF_000237205___2245,Negative,0.0002,0.3969
7.292,1.0316902,GCF_000237205___2246,Negative,0.0011,0.5466
6.9716225,-2.2795875,GCF_000237205___2247,Negative,0.0003,0.0054
7.7276006,3.2201653,GCF_000237205___2248,Negative,0.0,0.8653
7.1312175,-0.5448365,GCF_000237205___2249,Negative,0.0002,0.7264
10.786521,-4.181265,GCF_000237205___2250,Negative,0.0,0.0014
6.317447,12.740523,GCF_000237205___2251,Negative,0.0024,0.0218
10.896476,4.8050604,GCF_000237205___2252,Negative,0.2852,0.0806
10.320251,2.4798229,GCF_000237205___2253,Negative,0.0,1.0
6.7971044,10.71749,GCF_000237205___2254,Negative,0.0,0.2558
9.577493,2.136977,GCF_000237205___2255,Negative,0.0001,0.9994
7.70875,11.385602,GCF_000237205___2256,Negative,0.0042,0.9774
8.309809,3.7163284,GCF_000237205___2257,Negative,0.0001,0.6603
10.9790325,12.132568,GCF_000237205___2258,Negative,0.1213,0.0024
7.9717684,-1.9487919,GCF_000237205___2259,Negative,0.0003,0.003
9.035688,3.4885814,GCF_000237205___2260,Negative,0.0022,0.2388
7.980469,-3.8954966,GCF_000237205___2261,Negative,0.0,0.001
7.980437,11.482433,GCF_000237205___2262,Negative,0.0037,0.9909
8.160076,3.1874642,GCF_000237205___2263,Negative,0.0004,0.4957
8.3673,3.1345775,GCF_000237205___2264,Negative,0.0003,0.6315
9.24942,4.1699114,GCF_000237205___2265,Negative,0.0001,0.1869
7.6917567,11.898383,GCF_000237205___2266,Negative,0.0003,0.9561
9.542621,2.711103,GCF_000237205___2267,Negative,0.0003,0.9974
11.964092,3.2249415,GCF_000237205___2268,Negative,0.0001,0.9999
7.580812,-1.072327,GCF_000237205___2269,Negative,0.0012,0.0243
4.953606,-3.6116176,GCF_000237205___2270,Negative,0.0,0.004
7.41556,-1.1395396,GCF_000237205___2271,Negative,0.0001,0.0188
8.573468,3.6170964,GCF_000237205___2272,Negative,0.0,0.1496
6.7941346,-3.5828187,GCF_000237205___2273,Negative,0.0,0.0047
6.8300686,-1.2589688,GCF_000237205___2274,Negative,0.0,0.1455
8.578724,3.8882477,GCF_000237205___2275,Negative,0.0,0.0237
7.416556,1.143502,GCF_000237205___2276,Negative,0.0003,0.9916
10.898053,-4.136086,GCF_000237205___2277,Negative,0.0001,0.0039
-8.166296,12.1655035,GCF_000237205___2278,Negative,0.019,0.0383
8.582025,2.7617095,GCF_000237205___2279,Negative,0.0003,0.7071
12.091172,3.2914097,GCF_000237205___2280,Negative,0.0,1.0
10.487754,5.119783,GCF_000237205___2281,Negative,0.4762,0.1827
8.88332,2.5449395,GCF_000237205___2282,Negative,0.0002,0.9829
7.4823217,0.036025982,GCF_000237205___2283,Negative,0.0014,0.2132
6.924692,-2.7472568,GCF_000237205___2284,Negative,0.0,0.1399
11.170711,4.752943,GCF_000237205___2285,Inc-protein,0.9917,0.008
9.483481,3.5249321,GCF_000237205___2286,Negative,0.0001,0.9841
7.1748514,-3.1046293,GCF_000237205___2287,Negative,0.0,0.0229
7.4420376,3.4202871,GCF_000237205___2288,Negative,0.0002,0.8946
11.73172,11.589062,GCF_000237205___2289,Negative,0.1274,0.0003
7.366417,0.78604734,GCF_000237205___2290,Negative,0.0001,0.1972
9.386329,1.9133556,GCF_000237205___2291,Negative,0.0001,0.995
6.060548,-0.777679,GCF_000237205___2292,Negative,0.0004,0.3289
7.291122,-1.9564046,GCF_000237205___2293,Negative,0.0001,0.089
8.423838,3.5534472,GCF_000237205___2294,Negative,0.0004,0.3361
9.4590025,11.286374,GCF_000237205___2295,Negative,0.0213,0.7307
10.883487,3.107481,GCF_000237205___2296,Negative,0.0005,0.9994
7.689833,-2.150524,GCF_000237205___2297,Negative,0.0,0.0038
8.337293,3.8594878,GCF_000237205___2298,Negative,0.0,0.0039
12.540936,12.594351,GCF_000237205___2299,Negative,0.0775,0.0026
8.677275,10.890739,GCF_000237205___2300,Negative,0.0266,0.6869
8.339928,10.4965725,GCF_000237205___2301,Negative,0.0005,0.2144
12.459305,12.6182165,GCF_000237205___2302,Negative,0.0009,0.0
5.675797,-3.4347155,GCF_000237205___2303,Negative,0.0,0.0126
5.9750524,-3.1351151,GCF_000237205___2304,Negative,0.0,0.0226
7.0070615,-1.7549143,GCF_000237205___2305,Negative,0.0,0.7958
11.3061495,4.668214,GCF_000237205___2306,Inc-protein,0.9986,0.0013
7.1253657,-3.3954868,GCF_000237205___2307,Negative,0.0,0.0137
12.687112,12.481302,GCF_000237205___2308,Negative,0.0033,0.0001
7.565613,11.853076,GCF_000237205___2309,Negative,0.0004,0.7434
7.0572815,12.025245,GCF_000237205___2310,Negative,0.0001,0.0123
12.42303,12.742575,GCF_000237205___2311,Negative,0.0002,0.0
6.81605,10.65335,GCF_000237205___2312,Negative,0.0,0.0136
6.8955116,-2.600907,GCF_000237205___2313,Negative,0.0001,0.0694
7.286191,-2.436227,GCF_000237205___2314,Negative,0.0,0.0537
7.3182664,0.9572845,GCF_000237205___2315,Negative,0.0002,0.2512
-8.176544,12.175751,GCF_000237205___2316,Negative,0.019,0.0383
10.898275,-4.0981426,GCF_000237205___2317,Negative,0.0001,0.0039
7.243423,-2.5288684,GCF_000237205___2318,Negative,0.0,0.0063
7.005874,-2.7982883,GCF_000237205___2319,Negative,0.0001,0.0169
7.2597814,12.00038,GCF_000237205___2320,Negative,0.006,0.8111
8.666987,11.711543,GCF_000237205___2321,Negative,0.0068,0.947
10.809222,-4.1590576,GCF_000237205___2322,Negative,0.0,0.0014
11.657855,11.200686,GCF_000237205___2323,Negative,0.2363,0.003
7.518924,-0.7370754,GCF_000237205___2324,Negative,0.0029,0.0083
6.770595,-2.9412453,GCF_000237205___2325,Negative,0.0,0.0798
11.792319,10.67861,GCF_000237205___2326,Negative,0.5019,0.0003
7.61922,10.602537,GCF_000237205___2327,Negative,0.0048,0.1135
7.0840836,10.953521,GCF_000237205___2328,Negative,0.0,0.6852
7.226964,11.183856,GCF_000237205___2329,Negative,0.0,0.38
6.7627788,10.72221,GCF_000237205___2330,Negative,0.0,0.8334
8.209711,11.401335,GCF_000237205___2331,Negative,0.0009,0.9964
7.456528,11.815213,GCF_000237205___2332,Negative,0.0,0.2783
7.602245,10.758915,GCF_000237205___2333,Negative,0.0002,0.2139
7.5497026,11.909365,GCF_000237205___2334,Negative,0.0007,0.6297
7.29958,11.055908,GCF_000237205___2335,Negative,0.0,0.0614
7.5378547,-1.1729994,GCF_000237205___2336,Negative,0.0003,0.1667
9.063228,11.559247,GCF_000237205___2337,Negative,0.0196,0.0924
7.9885306,10.978496,GCF_000237205___2338,Negative,0.0015,0.9611
9.483492,10.83906,GCF_000237205___2339,Negative,0.0025,0.0035
7.439803,11.011986,GCF_000237205___2340,Negative,0.0,0.2738
10.854357,11.483394,GCF_000237205___2341,Negative,0.0034,0.0005
11.7591,10.652005,GCF_000237205___2342,Negative,0.0576,0.0169
8.44746,11.319632,GCF_000237205___2343,Negative,0.0065,0.8803
9.476705,3.1545928,GCF_000237205___2344,Negative,0.0045,0.9696
8.864755,2.2923849,GCF_000237205___2345,Negative,0.0001,0.9984
7.876019,3.393255,GCF_000237205___2346,Negative,0.0,0.6367
7.192652,-1.8895022,GCF_000237205___2347,Negative,0.0002,0.137
7.784148,3.5017257,GCF_000237205___2348,Negative,0.0001,0.1116
7.7545013,0.24661694,GCF_000237205___2349,Negative,0.0001,0.917
7.600779,-1.8668491,GCF_000237205___2350,Negative,0.0,0.0146
8.005842,10.733148,GCF_000237205___2351,Negative,0.0068,0.4756
9.226402,2.441044,GCF_000237205___2352,Negative,0.0009,0.9965
-8.165497,12.164702,GCF_000237205___2353,Negative,0.019,0.0383
10.891013,-4.1386294,GCF_000237205___2354,Negative,0.0001,0.0039
8.350326,3.0684872,GCF_000237205___2355,Negative,0.0003,0.7473
6.565254,-2.1655235,GCF_000237205___2356,Negative,0.0002,0.2667
5.9598694,-4.092522,GCF_000237205___2357,Negative,0.0,0.0002
7.7299905,0.0701705,GCF_000237205___2358,Negative,0.0001,0.9255
9.982512,2.3997831,GCF_000237205___2359,Negative,0.0,0.9991
8.807505,11.661894,GCF_000237205___2360,Negative,0.0037,0.7051
8.529776,11.797065,GCF_000237205___2361,Negative,0.0037,0.983
9.312671,11.006874,GCF_000237205___2362,Negative,0.0009,0.0798
7.5837708,-3.1184165,GCF_000237205___2363,Negative,0.0,0.0877
6.346504,12.719346,GCF_000237205___2364,Negative,0.0007,0.0107
12.428481,3.8765943,GCF_000237205___2365,Negative,0.0,0.2014
9.301254,4.0580626,GCF_000237205___2366,Negative,0.0,0.422
11.85414,11.350313,GCF_000237205___2367,Negative,0.0465,0.0008
8.024722,-2.3758402,GCF_000237205___2368,Negative,0.0002,0.0235
6.612647,-0.86514753,GCF_000237205___2369,Negative,0.0001,0.6508
11.205251,4.3916473,GCF_000237205___2370,Inc-protein,0.9943,0.0057
7.151171,11.936849,GCF_000237205___2371,Negative,0.0003,0.5748
7.7392282,0.21264927,GCF_000237205___2372,Negative,0.0,0.9895
7.2539067,-2.950405,GCF_000237205___2373,Negative,0.0,0.002
6.9798293,3.912926,GCF_000237205___2374,Negative,0.0001,0.0073
10.113856,2.3965297,GCF_000237205___2375,Negative,0.0,1.0
8.375721,3.7147346,GCF_000237205___2376,Negative,0.0,0.1903
12.07429,3.3340216,GCF_000237205___2377,Negative,0.0047,0.9933
