name,pred_class,score,inc.prob,nega.prob,sec.prob,length
GCF_000092785___0,Negative,0.9702,0.0,0.9702,0.0298,417
GCF_000092785___1,Negative,0.8141,0.0002,0.8141,0.1857,77
GCF_000092785___2,Negative,0.9779,1e-04,0.9779,0.0219,93
GCF_000092785___3,Inc-protein,0.9685,0.9685,0.0198,0.0117,193
GCF_000092785___4,Inc-protein,0.8917,0.8917,0.1082,1e-04,77
GCF_000092785___5,Negative,0.2681,0.0056,0.2681,0.7263,69
GCF_000092785___6,Negative,0.9985,0.0,0.9985,0.0015,78
GCF_000092785___7,Negative,0.9739,1e-04,0.9739,0.026,154
GCF_000092785___8,Negative,0.8395,0.001,0.8395,0.1595,391
GCF_000092785___9,Negative,0.9416,0.0,0.9416,0.0584,145
GCF_000092785___10,Negative,0.9626,1e-04,0.0373,0.9626,101
GCF_000092785___11,Negative,0.6421,0.0005,0.6421,0.3574,293
GCF_000092785___12,Negative,0.9342,0.0,0.9342,0.0658,220
GCF_000092785___13,Negative,0.6447,0.355,0.6447,0.0003,711
GCF_000092785___14,Negative,0.9056,1e-04,0.9056,0.0943,541
GCF_000092785___15,Negative,0.9788,0.0,0.9788,0.0212,642
GCF_000092785___16,Negative,0.3835,0.0,0.3835,0.6165,103
GCF_000092785___17,Negative,0.9686,0.0308,0.9686,0.0006,301
GCF_000092785___18,Negative,0.9861,0.0139,0.9861,0.0,54
GCF_000092785___19,Negative,0.9957,0.0,0.9957,0.0043,468
GCF_000092785___20,Negative,0.859,1e-04,0.1409,0.859,249
GCF_000092785___21,Negative,0.9998,0.0,0.9998,0.0002,255
GCF_000092785___22,Negative,0.9937,0.0,0.9937,0.0063,642
GCF_000092785___23,Negative,0.984,1e-04,0.0159,0.984,984
GCF_000092785___24,Negative,0.9959,0.0007,0.0035,0.9959,322
GCF_000092785___25,Negative,0.8433,0.0012,0.1555,0.8433,304
GCF_000092785___26,Negative,0.9914,0.0,0.9914,0.0085,400
GCF_000092785___27,Negative,0.9598,0.0399,0.9598,0.0003,589
GCF_000092785___28,Negative,0.2583,0.0,0.2583,0.7417,1106
GCF_000092785___29,Negative,0.8945,0.0,0.8945,0.1055,1099
GCF_000092785___30,Negative,0.2998,1e-04,0.2998,0.7001,576
GCF_000092785___31,Negative,0.9967,0.0019,0.0014,0.9967,393
GCF_000092785___32,Negative,0.9983,0.0007,0.0009,0.9983,388
GCF_000092785___33,Negative,0.9981,0.0003,0.9981,0.0017,727
GCF_000092785___34,Negative,0.9994,0.0,0.9994,0.0006,340
GCF_000092785___35,Negative,0.5108,1e-04,0.5108,0.4891,205
GCF_000092785___36,Negative,0.9983,0.0002,0.0016,0.9983,340
GCF_000092785___37,Negative,0.005,0.2594,0.005,0.7356,763
GCF_000092785___38,Negative,0.9777,0.001,0.9777,0.0213,272
GCF_000092785___39,Negative,0.9775,1e-04,0.9775,0.0224,350
GCF_000092785___40,Negative,0.8634,1e-04,0.1365,0.8634,394
GCF_000092785___41,Negative,0.998,0.0002,0.0018,0.998,137
GCF_000092785___42,Negative,0.9688,0.0004,0.0308,0.9688,611
GCF_000092785___43,Negative,0.9986,0.0014,0.9986,0.0,56
GCF_000092785___44,Negative,0.9986,0.0,0.9986,0.0014,260
GCF_000092785___45,Negative,0.9984,0.0,0.9984,0.0016,166
GCF_000092785___46,Negative,0.9994,0.0,0.9994,0.0006,95
GCF_000092785___47,Negative,0.8948,0.0005,0.1047,0.8948,281
GCF_000092785___48,Negative,0.9005,0.0991,0.9005,0.0004,424
GCF_000092785___49,Negative,0.953,1e-04,0.953,0.0469,213
GCF_000092785___50,Negative,0.4886,0.0003,0.4886,0.5111,79
GCF_000092785___51,Negative,0.9437,1e-04,0.9437,0.0562,219
GCF_000092785___52,Negative,0.9992,0.0,0.9992,0.0008,407
GCF_000092785___53,Negative,0.9966,0.0002,0.0032,0.9966,599
GCF_000092785___54,Negative,0.2098,0.0009,0.2098,0.7893,373
GCF_000092785___55,Negative,0.4239,0.4193,0.4239,0.1568,939
GCF_000092785___56,Negative,0.8943,0.006,0.8943,0.0997,348
GCF_000092785___57,Negative,0.7816,1e-04,0.7816,0.2184,361
GCF_000092785___58,Negative,0.7777,0.0,0.7777,0.2223,365
GCF_000092785___59,Negative,0.7945,0.0,0.7945,0.2055,356
GCF_000092785___60,Negative,0.9871,0.0003,0.9871,0.0126,300
GCF_000092785___61,Negative,0.921,0.0004,0.921,0.0786,308
GCF_000092785___62,Negative,0.989,1e-04,0.989,0.011,173
GCF_000092785___63,Negative,0.9988,0.0,0.9988,0.0012,361
GCF_000092785___64,Negative,0.999,0.0,0.999,0.001,282
GCF_000092785___65,Negative,0.9985,0.0014,0.9985,1e-04,408
GCF_000092785___66,Negative,0.9584,0.0002,0.9584,0.0414,244
GCF_000092785___67,Negative,0.9991,0.0008,0.9991,0.0,455
GCF_000092785___68,Negative,0.9999,1e-04,0.9999,0.0,96
GCF_000092785___69,Negative,0.9814,1e-04,0.9814,0.0185,378
GCF_000092785___70,Negative,0.837,0.0002,0.837,0.1627,592
GCF_000092785___71,Negative,0.9958,0.0015,0.9958,0.0027,328
GCF_000092785___72,Negative,0.9882,0.0,0.9882,0.0118,435
GCF_000092785___73,Negative,0.984,1e-04,0.984,0.0159,218
GCF_000092785___74,Negative,0.8742,1e-04,0.8742,0.1257,200
GCF_000092785___75,Negative,0.9648,0.0003,0.0349,0.9648,721
GCF_000092785___76,Negative,0.9695,0.0,0.0305,0.9695,271
GCF_000092785___77,Negative,0.9996,0.0,0.9996,0.0004,481
GCF_000092785___78,Negative,0.9993,0.0,0.9993,0.0007,255
GCF_000092785___79,Negative,0.7006,0.0,0.7006,0.2994,421
GCF_000092785___80,Negative,0.9998,0.0,0.9998,0.0002,408
GCF_000092785___81,Negative,0.9995,0.0,0.9995,0.0005,297
GCF_000092785___82,Negative,0.9784,0.0,0.9784,0.0215,192
GCF_000092785___83,Negative,0.9983,0.0016,0.9983,1e-04,281
GCF_000092785___84,Negative,0.9997,0.0003,0.9997,0.0,92
GCF_000092785___85,Negative,0.9938,0.0024,0.9938,0.0038,296
GCF_000092785___86,Negative,0.6348,0.0002,0.6348,0.365,229
GCF_000092785___87,Negative,0.9992,0.0,0.0007,0.9992,287
GCF_000092785___88,Negative,0.5596,0.3651,0.5596,0.0753,341
GCF_000092785___89,Negative,0.3612,0.0004,0.3612,0.6384,190
GCF_000092785___90,Negative,0.9358,0.0172,0.047,0.9358,299
GCF_000092785___91,Negative,0.9865,0.0,0.9865,0.0135,323
GCF_000092785___92,Negative,0.9915,0.0,0.9915,0.0085,472
GCF_000092785___93,Negative,0.9818,0.0,0.9818,0.0181,87
GCF_000092785___94,Negative,0.9517,0.0033,0.0449,0.9517,187
GCF_000092785___95,Negative,0.8995,0.0037,0.0968,0.8995,193
GCF_000092785___96,Inc-protein,0.979,0.979,0.0206,0.0004,152
GCF_000092785___97,Negative,0.9995,0.0002,0.0004,0.9995,468
GCF_000092785___98,Negative,0.9901,1e-04,0.9901,0.0098,1032
GCF_000092785___99,Negative,0.9985,0.0015,0.9985,0.0,247
GCF_000092785___100,Negative,0.9696,0.0002,0.9696,0.0302,304
GCF_000092785___101,Negative,0.9936,0.0,0.9936,0.0064,260
GCF_000092785___102,Negative,0.0012,0.7364,0.0012,0.2624,298
GCF_000092785___103,Negative,0.9917,0.0083,0.9917,0.0,213
GCF_000092785___104,Negative,0.9287,0.0,0.9287,0.0713,373
GCF_000092785___105,Negative,0.802,0.0005,0.1976,0.802,127
GCF_000092785___106,Negative,0.999,0.0003,0.0007,0.999,665
GCF_000092785___107,Negative,0.9966,0.003,0.9966,0.0004,714
GCF_000092785___108,Negative,0.8169,0.1826,0.8169,0.0005,249
GCF_000092785___109,Negative,0.9996,0.0002,0.9996,0.0002,141
GCF_000092785___110,Negative,0.9874,0.0125,0.9874,1e-04,218
GCF_000092785___111,Negative,0.8012,0.0004,0.1983,0.8012,424
GCF_000092785___112,Negative,0.9994,1e-04,0.0005,0.9994,407
GCF_000092785___113,Negative,0.8206,0.0008,0.8206,0.1786,248
GCF_000092785___114,Negative,0.6316,0.0023,0.6316,0.3661,195
GCF_000092785___115,Negative,0.9909,0.0,0.9909,0.0091,276
GCF_000092785___116,Negative,0.9799,0.0,0.9799,0.0201,259
GCF_000092785___117,Negative,0.2006,0.1493,0.2006,0.6501,141
GCF_000092785___118,Negative,0.9998,0.0,0.9998,0.0002,392
GCF_000092785___119,Negative,0.981,0.0,0.981,0.0189,231
GCF_000092785___120,Negative,0.3566,0.0008,0.3566,0.6426,1267
GCF_000092785___121,Negative,0.9998,0.0002,0.9998,0.0,304
GCF_000092785___122,Inc-protein,0.9994,0.9994,0.0005,1e-04,359
GCF_000092785___123,Negative,0.8676,0.0041,0.1283,0.8676,620
GCF_000092785___124,Negative,0.9748,1e-04,0.9748,0.0251,185
GCF_000092785___125,Negative,0.9996,0.0,0.9996,0.0004,36
GCF_000092785___126,Negative,0.999,1e-04,0.0009,0.999,462
GCF_000092785___127,Negative,0.9882,0.0114,0.9882,0.0004,392
GCF_000092785___128,Negative,0.9991,0.0,0.9991,0.0009,342
GCF_000092785___129,Negative,0.9992,0.0,0.9992,0.0008,504
GCF_000092785___130,Negative,0.9999,1e-04,0.0,0.9999,511
GCF_000092785___131,Negative,0.9571,0.0,0.9571,0.0429,815
GCF_000092785___132,Negative,0.9826,0.0,0.9826,0.0174,512
GCF_000092785___133,Negative,0.9436,0.0562,0.9436,0.0002,224
GCF_000092785___134,Negative,0.3855,0.6115,0.3855,0.003,397
GCF_000092785___135,Negative,0.7346,0.0002,0.7346,0.2651,123
GCF_000092785___136,Negative,1.0,0.0,0.0,1.0,810
GCF_000092785___137,Negative,0.3105,0.0,0.3105,0.6895,421
GCF_000092785___138,Negative,0.9985,0.0,0.9985,0.0015,203
GCF_000092785___139,Negative,0.9484,0.0,0.9484,0.0516,330
GCF_000092785___140,Negative,0.987,0.0,0.987,0.013,267
GCF_000092785___141,Negative,0.9474,1e-04,0.9474,0.0526,247
GCF_000092785___142,Negative,0.9994,0.0,0.9994,0.0006,373
GCF_000092785___143,Negative,0.981,1e-04,0.981,0.0189,266
GCF_000092785___144,Negative,0.9968,0.0,0.9968,0.0032,205
GCF_000092785___145,Negative,0.998,0.0019,0.998,1e-04,538
GCF_000092785___146,Negative,0.9782,0.0007,0.9782,0.0211,182
GCF_000092785___147,Negative,0.4617,0.0,0.4617,0.5382,260
GCF_000092785___148,Negative,0.9966,0.0032,0.9966,0.0002,157
GCF_000092785___149,Negative,0.8696,1e-04,0.1303,0.8696,303
GCF_000092785___150,Negative,0.9821,1e-04,0.9821,0.0178,418
GCF_000092785___151,Negative,0.0028,0.7507,0.0028,0.2466,675
GCF_000092785___152,Negative,0.3951,0.6048,0.3951,1e-04,360
GCF_000092785___153,Negative,0.9855,0.0,0.9855,0.0145,458
GCF_000092785___154,Negative,0.9978,0.0022,0.9978,0.0,137
GCF_000092785___155,Negative,0.6299,1e-04,0.6299,0.37,200
GCF_000092785___156,Negative,0.8997,0.0012,0.0991,0.8997,738
GCF_000092785___157,Negative,0.9945,0.0055,0.9945,0.0,478
GCF_000092785___158,Negative,0.8288,1e-04,0.8288,0.1711,203
GCF_000092785___159,Negative,0.9858,0.0004,0.0138,0.9858,664
GCF_000092785___160,Negative,0.3367,0.3626,0.3367,0.3007,277
GCF_000092785___161,Negative,0.9993,0.0,0.9993,0.0007,604
GCF_000092785___162,Negative,0.9961,0.0,0.9961,0.0039,451
GCF_000092785___163,Negative,0.981,0.0,0.981,0.019,746
GCF_000092785___164,Negative,0.7646,0.0005,0.7646,0.2349,486
GCF_000092785___165,Negative,0.9764,0.003,0.0207,0.9764,1637
GCF_000092785___166,Negative,0.5631,0.0005,0.5631,0.4364,91
GCF_000092785___167,Negative,0.9965,0.0014,0.9965,0.0022,298
GCF_000092785___168,Negative,0.595,0.0052,0.595,0.3998,89
GCF_000092785___169,Negative,1.0,0.0,0.0,1.0,142
GCF_000092785___170,Negative,0.2824,0.0033,0.2824,0.7143,150
GCF_000092785___171,Negative,0.9982,0.0,0.9982,0.0018,155
GCF_000092785___172,Negative,0.891,0.0003,0.891,0.1087,80
GCF_000092785___173,Negative,0.9962,0.0005,0.9962,0.0033,92
GCF_000092785___174,Negative,0.9646,0.0,0.9646,0.0353,253
GCF_000092785___175,Negative,0.9768,0.0,0.9768,0.0232,46
GCF_000092785___176,Negative,0.9955,0.0,0.9955,0.0045,293
GCF_000092785___177,Negative,0.9692,0.0019,0.9692,0.0289,159
GCF_000092785___178,Inc-protein,0.9999,0.9999,0.0,0.0,295
GCF_000092785___179,Negative,0.9957,1e-04,0.0042,0.9957,546
GCF_000092785___180,Negative,0.9997,0.0002,0.9997,0.0,401
GCF_000092785___181,Negative,0.9995,0.0005,0.9995,0.0,381
GCF_000092785___182,Negative,0.997,0.0,0.997,0.003,348
GCF_000092785___183,Negative,0.9932,0.0,0.9932,0.0068,668
GCF_000092785___184,Negative,0.8676,0.073,0.0595,0.8676,345
GCF_000092785___185,Inc-protein,0.8731,0.8731,0.0003,0.1266,408
GCF_000092785___186,Negative,0.999,0.0005,0.0005,0.999,557
GCF_000092785___187,Negative,0.941,1e-04,0.941,0.0589,225
GCF_000092785___188,Negative,0.9996,0.0,0.9996,0.0004,142
GCF_000092785___189,Negative,0.6166,0.3834,0.6166,0.0,80
GCF_000092785___190,Negative,0.5526,0.3701,0.5526,0.0773,242
GCF_000092785___191,Negative,0.9998,0.0,0.9998,0.0002,148
GCF_000092785___192,Negative,0.9389,0.0608,0.9389,0.0003,214
GCF_000092785___193,Negative,0.9876,0.0002,0.0122,0.9876,890
GCF_000092785___194,Negative,0.5132,1e-04,0.5132,0.4867,146
GCF_000092785___195,Negative,0.9459,0.0,0.9459,0.0541,482
GCF_000092785___196,Negative,0.9995,0.0,0.9995,0.0005,365
GCF_000092785___197,Negative,0.9517,0.0471,0.9517,0.0012,121
GCF_000092785___198,Negative,0.9967,0.0,0.9967,0.0033,231
GCF_000092785___199,Negative,0.9866,0.0,0.9866,0.0134,437
GCF_000092785___200,Negative,0.999,0.0006,0.0003,0.999,368
GCF_000092785___201,Negative,0.9925,0.0,0.0075,0.9925,401
GCF_000092785___202,Negative,0.4929,0.0011,0.4929,0.5061,413
GCF_000092785___203,Negative,0.9972,0.0028,0.9972,0.0,554
GCF_000092785___204,Negative,0.9998,0.0002,0.9998,0.0,420
GCF_000092785___205,Negative,0.9925,0.0072,0.9925,0.0003,520
GCF_000092785___206,Negative,0.9888,0.0,0.9888,0.0112,613
GCF_000092785___207,Negative,0.998,0.002,0.998,0.0,430
GCF_000092785___208,Negative,0.9951,0.0,0.9951,0.0049,544
GCF_000092785___209,Negative,0.724,0.0015,0.724,0.2745,39
GCF_000092785___210,Negative,0.2167,0.0013,0.2167,0.782,154
GCF_000092785___211,Negative,0.8123,0.0002,0.8123,0.1875,391
GCF_000092785___212,Negative,0.9689,0.0,0.9689,0.0311,197
GCF_000092785___213,Negative,0.4476,1e-04,0.4476,0.5524,158
GCF_000092785___214,Negative,0.9728,0.0,0.9728,0.0271,362
GCF_000092785___215,Negative,0.0312,0.7442,0.0312,0.2247,276
GCF_000092785___216,Negative,0.9878,0.0,0.9878,0.0121,168
GCF_000092785___217,Negative,0.9785,0.0,0.9785,0.0215,300
GCF_000092785___218,Negative,0.9995,0.0,0.9995,0.0005,189
GCF_000092785___219,Negative,0.8246,0.0208,0.8246,0.1546,64
GCF_000092785___220,Negative,0.9399,1e-04,0.9399,0.06,77
GCF_000092785___221,Negative,0.9992,0.0,0.9992,0.0008,277
GCF_000092785___222,Negative,0.919,0.0,0.919,0.081,242
GCF_000092785___223,Negative,0.9823,0.0,0.9823,0.0177,1092
GCF_000092785___224,Negative,0.9976,0.0,0.9976,0.0024,870
GCF_000092785___225,Negative,0.0005,0.6343,0.0005,0.3652,344
GCF_000092785___226,Negative,0.9834,0.0,0.9834,0.0166,113
GCF_000092785___227,Negative,0.9997,0.0003,0.9997,0.0,554
GCF_000092785___228,Negative,0.9981,0.0,0.9981,0.0019,678
GCF_000092785___229,Negative,0.9999,0.0,0.9999,1e-04,345
GCF_000092785___230,Negative,0.5744,0.0002,0.5744,0.4253,460
GCF_000092785___231,Negative,0.9985,0.0,0.9985,0.0015,871
GCF_000092785___232,Negative,0.9993,0.0,0.0007,0.9993,3487
GCF_000092785___233,Negative,0.6093,0.0,0.6093,0.3906,238
GCF_000092785___234,Negative,0.9754,0.0,0.9754,0.0246,149
GCF_000092785___235,Negative,0.9997,0.0,0.9997,0.0003,149
GCF_000092785___236,Negative,0.9911,0.0,0.9911,0.0089,282
GCF_000092785___237,Negative,0.9499,1e-04,0.9499,0.05,202
GCF_000092785___238,Negative,0.9835,0.0,0.9835,0.0165,427
GCF_000092785___239,Negative,0.9964,0.0,0.9964,0.0036,457
GCF_000092785___240,Negative,0.9884,0.0,0.9884,0.0116,243
GCF_000092785___241,Negative,0.9279,0.0016,0.9279,0.0705,37
GCF_000092785___242,Negative,0.3427,0.0006,0.3427,0.6567,191
GCF_000092785___243,Negative,0.989,0.0002,0.0108,0.989,294
GCF_000092785___244,Negative,0.897,0.0021,0.1009,0.897,141
GCF_000092785___245,Negative,0.8095,0.001,0.1894,0.8095,261
GCF_000092785___246,Inc-protein,0.9982,0.9982,0.0,0.0017,324
GCF_000092785___247,Negative,1.0,0.0,0.0,1.0,396
GCF_000092785___248,Negative,0.9999,1e-04,0.0,0.9999,693
GCF_000092785___249,Negative,0.9941,0.0003,0.9941,0.0056,788
GCF_000092785___250,Negative,0.9949,0.0,0.9949,0.0051,215
GCF_000092785___251,Negative,0.9942,0.0,0.9942,0.0058,363
GCF_000092785___252,Negative,0.9985,0.0,0.9985,0.0015,119
GCF_000092785___253,Negative,0.9749,0.0,0.9749,0.0251,445
GCF_000092785___254,Negative,0.9923,0.0,0.9923,0.0077,478
GCF_000092785___255,Negative,0.9999,1e-04,0.9999,0.0,247
GCF_000092785___256,Negative,0.9998,0.0002,0.9998,0.0,211
GCF_000092785___257,Negative,0.9998,0.0,0.9998,0.0002,306
GCF_000092785___258,Negative,0.9997,0.0003,0.9997,0.0,513
GCF_000092785___259,Negative,0.8671,0.0035,0.8671,0.1294,1739
GCF_000092785___260,Negative,0.9121,0.0011,0.0868,0.9121,188
GCF_000092785___261,Negative,0.9961,0.0039,0.9961,0.0,170
GCF_000092785___262,Negative,0.8912,0.0002,0.8912,0.1086,232
GCF_000092785___263,Negative,0.9972,1e-04,0.9972,0.0027,227
GCF_000092785___264,Negative,0.7642,1e-04,0.7642,0.2357,355
GCF_000092785___265,Negative,0.8143,0.0003,0.8143,0.1854,450
GCF_000092785___266,Negative,0.8804,0.0061,0.8804,0.1135,273
GCF_000092785___267,Negative,0.9971,0.0029,0.9971,0.0,226
GCF_000092785___268,Negative,0.559,0.0023,0.559,0.4387,371
GCF_000092785___269,Negative,0.9905,0.0,0.9905,0.0094,151
GCF_000092785___270,Inc-protein,0.9983,0.9983,0.0006,0.0011,117
GCF_000092785___271,Inc-protein,0.8787,0.8787,0.0701,0.0511,125
GCF_000092785___272,Negative,0.9882,0.0002,0.9882,0.0116,690
GCF_000092785___273,Negative,0.9942,0.0057,0.9942,0.0,465
GCF_000092785___274,Negative,0.968,0.0,0.968,0.032,362
GCF_000092785___275,Negative,0.9671,0.0327,0.9671,0.0002,489
GCF_000092785___276,Negative,0.8749,0.0017,0.1234,0.8749,283
GCF_000092785___277,Negative,0.8264,0.0026,0.171,0.8264,175
GCF_000092785___278,Negative,0.9994,0.0006,0.9994,0.0,475
GCF_000092785___279,Negative,0.9988,0.0,0.9988,0.0012,224
GCF_000092785___280,Negative,0.9997,0.0,0.9997,0.0003,320
GCF_000092785___281,Negative,0.9977,1e-04,0.9977,0.0022,272
GCF_000092785___282,Negative,0.8583,0.1415,0.8583,0.0002,411
GCF_000092785___283,Negative,0.9998,0.0002,0.0,0.9998,539
GCF_000092785___284,Negative,0.9612,1e-04,0.9612,0.0387,232
GCF_000092785___285,Negative,0.958,1e-04,0.958,0.042,224
GCF_000092785___286,Negative,0.976,0.0,0.976,0.0239,365
GCF_000092785___287,Negative,0.9984,0.0,0.9984,0.0016,258
GCF_000092785___288,Negative,0.9485,1e-04,0.9485,0.0514,137
GCF_000092785___289,Negative,0.9857,0.0,0.9857,0.0143,239
GCF_000092785___290,Negative,0.9973,0.0026,0.9973,1e-04,378
GCF_000092785___291,Negative,0.3465,0.0,0.3465,0.6535,146
GCF_000092785___292,Negative,0.9963,0.0007,0.0029,0.9963,651
GCF_000092785___293,Negative,0.9989,0.0,0.9989,0.0011,108
GCF_000092785___294,Negative,0.9995,0.0,0.9995,0.0004,695
GCF_000092785___295,Negative,0.9994,0.0,0.9994,0.0006,157
GCF_000092785___296,Negative,0.965,0.0014,0.965,0.0337,40
GCF_000092785___297,Negative,0.9988,0.0,0.9988,0.0012,123
GCF_000092785___298,Negative,0.9962,0.0,0.9962,0.0038,204
GCF_000092785___299,Negative,0.1628,0.367,0.1628,0.4702,176
GCF_000092785___300,Negative,0.9993,0.0,0.9993,0.0007,217
GCF_000092785___301,Negative,0.9573,0.0423,0.9573,0.0003,280
GCF_000092785___302,Negative,0.9768,1e-04,0.9768,0.0231,258
GCF_000092785___303,Negative,0.9403,0.0,0.9403,0.0597,434
GCF_000092785___304,Negative,0.9993,0.0,0.9993,0.0007,603
GCF_000092785___305,Negative,0.8365,0.0051,0.8365,0.1584,245
GCF_000092785___306,Negative,0.9911,0.0,0.9911,0.0089,373
GCF_000092785___307,Negative,0.9996,0.0004,0.9996,0.0,234
GCF_000092785___308,Negative,0.9955,0.0,0.9955,0.0045,160
GCF_000092785___309,Negative,0.9984,0.0,0.9984,0.0016,468
GCF_000092785___310,Negative,0.9967,0.0,0.9967,0.0033,327
GCF_000092785___311,Inc-protein,0.9951,0.9951,0.0048,1e-04,331
GCF_000092785___312,Negative,0.9631,0.0045,0.9631,0.0324,374
GCF_000092785___313,Negative,0.7824,0.1955,0.7824,0.022,375
GCF_000092785___314,Negative,0.994,0.0004,0.0056,0.994,567
GCF_000092785___315,Negative,0.9492,0.0087,0.042,0.9492,564
GCF_000092785___316,Negative,0.8896,0.099,0.8896,0.0114,269
GCF_000092785___317,Negative,0.9986,0.0,0.9986,0.0014,208
GCF_000092785___318,Negative,0.9712,0.001,0.0278,0.9712,326
GCF_000092785___319,Negative,0.9601,0.0,0.9601,0.0399,671
GCF_000092785___320,Negative,0.995,0.0,0.995,0.005,564
GCF_000092785___321,Inc-protein,0.9455,0.9455,0.0485,0.0059,146
GCF_000092785___322,Negative,0.897,1e-04,0.897,0.1029,251
GCF_000092785___323,Negative,0.9823,0.0,0.9823,0.0176,254
GCF_000092785___324,Negative,0.9955,0.0,0.9955,0.0045,202
GCF_000092785___325,Negative,0.9981,0.0,0.9981,0.0019,343
GCF_000092785___326,Negative,0.9895,0.0,0.9895,0.0105,411
GCF_000092785___327,Negative,0.9658,0.0,0.9658,0.0342,152
GCF_000092785___328,Negative,0.9964,0.0,0.9964,0.0036,305
GCF_000092785___329,Negative,0.983,0.0059,0.983,0.0111,207
GCF_000092785___330,Negative,0.9288,0.0688,0.0024,0.9288,604
GCF_000092785___331,Negative,0.9879,0.0,0.9879,0.0121,1447
GCF_000092785___332,Negative,0.8693,0.0002,0.1304,0.8693,527
GCF_000092785___333,Negative,0.9305,1e-04,0.9305,0.0694,399
GCF_000092785___334,Inc-protein,0.9936,0.9936,0.0019,0.0045,167
GCF_000092785___335,Negative,0.9566,0.0002,0.9566,0.0432,131
GCF_000092785___336,Negative,0.8712,0.0475,0.0813,0.8712,149
GCF_000092785___337,Negative,0.9352,0.0,0.9352,0.0648,306
GCF_000092785___338,Negative,0.9768,0.0221,0.9768,0.001,99
GCF_000092785___339,Negative,0.9963,0.0005,0.9963,0.0033,647
GCF_000092785___340,Negative,0.9744,0.0,0.9744,0.0256,489
GCF_000092785___341,Negative,0.9109,0.0007,0.9109,0.0884,230
GCF_000092785___342,Negative,0.9987,0.0,0.9987,0.0013,483
GCF_000092785___343,Negative,0.9959,0.004,0.9959,1e-04,649
GCF_000092785___344,Negative,0.6143,0.0021,0.6143,0.3835,217
GCF_000092785___345,Negative,0.2889,0.0004,0.2889,0.7107,385
GCF_000092785___346,Negative,0.8321,0.1668,0.8321,0.0011,600
GCF_000092785___347,Negative,0.9133,0.0862,0.9133,0.0005,578
GCF_000092785___348,Negative,0.9993,1e-04,0.0006,0.9993,703
GCF_000092785___349,Negative,0.617,0.3816,0.617,0.0014,283
GCF_000092785___350,Negative,0.9999,0.0,0.9999,1e-04,264
GCF_000092785___351,Inc-protein,0.8551,0.8551,0.0869,0.0581,128
GCF_000092785___352,Negative,0.9839,1e-04,0.9839,0.016,60
GCF_000092785___353,Negative,0.9686,0.0005,0.0308,0.9686,162
GCF_000092785___354,Negative,0.9886,0.0039,0.0075,0.9886,97
GCF_000092785___355,Negative,0.3385,0.0009,0.3385,0.6607,280
GCF_000092785___356,Negative,0.7392,0.0,0.7392,0.2608,226
GCF_000092785___357,Negative,0.9984,0.0,0.9984,0.0016,254
GCF_000092785___358,Negative,0.4406,1e-04,0.4406,0.5593,259
GCF_000092785___359,Negative,0.8003,0.0052,0.8003,0.1945,322
GCF_000092785___360,Negative,0.935,1e-04,0.935,0.0649,94
GCF_000092785___361,Negative,0.8855,0.0,0.8855,0.1145,696
GCF_000092785___362,Inc-protein,0.9535,0.9535,0.0244,0.022,127
GCF_000092785___363,Negative,0.9984,0.0016,0.9984,1e-04,373
GCF_000092785___364,Negative,0.9997,0.0,0.9997,0.0003,326
GCF_000092785___365,Negative,0.96,0.0,0.96,0.04,170
GCF_000092785___366,Negative,0.6464,0.0002,0.6464,0.3534,228
GCF_000092785___367,Negative,0.9981,0.0,0.9981,0.0018,243
GCF_000092785___368,Negative,0.9407,0.0,0.9407,0.0593,416
GCF_000092785___369,Inc-protein,0.9992,0.9992,0.0008,1e-04,340
GCF_000092785___370,Inc-protein,0.9995,0.9995,0.0,0.0005,315
GCF_000092785___371,Negative,0.9561,0.0,0.9561,0.0439,213
GCF_000092785___372,Negative,0.9925,0.0,0.0074,0.9925,1347
GCF_000092785___373,Negative,0.9938,0.004,0.9938,0.0022,255
GCF_000092785___374,Negative,0.8932,0.0025,0.8932,0.1044,79
GCF_000092785___375,Negative,0.9031,0.0664,0.9031,0.0305,157
GCF_000092785___376,Negative,0.9964,0.0,0.9964,0.0036,507
GCF_000092785___377,Negative,0.9726,0.003,0.0244,0.9726,105
GCF_000092785___378,Negative,0.9997,0.0002,0.0002,0.9997,633
GCF_000092785___379,Negative,0.9726,0.0,0.9726,0.0274,479
GCF_000092785___380,Negative,0.3657,0.4888,0.3657,0.1455,107
GCF_000092785___381,Negative,0.3707,0.0002,0.3707,0.6291,974
GCF_000092785___382,Negative,0.9993,0.0003,0.0004,0.9993,160
GCF_000092785___383,Negative,0.9748,0.0,0.9748,0.0252,330
GCF_000092785___384,Negative,0.9851,0.0,0.9851,0.0149,511
GCF_000092785___385,Negative,0.9994,0.0002,0.0004,0.9994,123
GCF_000092785___386,Negative,0.9949,0.0,0.9949,0.0051,160
GCF_000092785___387,Negative,0.9995,0.0,0.9995,0.0005,63
GCF_000092785___388,Negative,0.9315,1e-04,0.9315,0.0684,325
GCF_000092785___389,Negative,0.9984,0.0007,0.001,0.9984,203
GCF_000092785___390,Negative,0.9991,0.0,0.9991,0.0009,270
GCF_000092785___391,Negative,0.3977,0.6012,0.3977,0.001,115
GCF_000092785___392,Negative,0.9998,0.0,0.9998,0.0002,231
GCF_000092785___393,Negative,0.9594,1e-04,0.9594,0.0404,386
GCF_000092785___394,Negative,0.9935,1e-04,0.9935,0.0064,238
GCF_000092785___395,Negative,0.9113,0.0016,0.0871,0.9113,251
GCF_000092785___396,Negative,0.9024,0.0,0.9024,0.0976,413
GCF_000092785___397,Negative,0.5957,0.0006,0.5957,0.4037,176
GCF_000092785___398,Negative,0.9942,0.0,0.9942,0.0058,454
GCF_000092785___399,Negative,0.9979,0.0,0.9979,0.0021,608
GCF_000092785___400,Negative,0.9995,0.0005,0.9995,0.0,372
GCF_000092785___401,Negative,0.9947,0.0,0.9947,0.0053,232
GCF_000092785___402,Negative,0.9121,0.0006,0.9121,0.0873,148
GCF_000092785___403,Negative,0.9979,0.0,0.9979,0.0021,409
GCF_000092785___404,Negative,0.9938,0.0,0.9938,0.0062,1081
GCF_000092785___405,Negative,0.9794,0.0003,0.9794,0.0203,106
GCF_000092785___406,Negative,0.9981,1e-04,0.9981,0.0019,307
GCF_000092785___407,Negative,0.9994,0.0,0.9994,0.0006,388
GCF_000092785___408,Negative,0.9995,0.0,0.9995,0.0005,297
GCF_000092785___409,Negative,0.5081,0.4918,0.5081,0.0,379
GCF_000092785___410,Inc-protein,0.9499,0.9499,0.0501,1e-04,114
GCF_000092785___411,Negative,0.9816,0.0175,0.0009,0.9816,490
GCF_000092785___412,Negative,0.9975,0.0011,0.0013,0.9975,431
GCF_000092785___413,Negative,0.9894,0.0011,0.9894,0.0095,415
GCF_000092785___414,Negative,0.4889,1e-04,0.4889,0.5111,458
GCF_000092785___415,Negative,0.9916,0.0,0.9916,0.0083,483
GCF_000092785___416,Negative,0.9281,0.0002,0.9281,0.0717,455
GCF_000092785___417,Negative,0.2149,0.7847,0.2149,0.0004,428
GCF_000092785___418,Negative,0.9837,0.0161,0.9837,0.0002,414
GCF_000092785___419,Negative,0.9948,0.0007,0.0046,0.9948,326
GCF_000092785___420,Negative,0.2936,0.0011,0.2936,0.7053,1463
GCF_000092785___421,Negative,0.9686,0.0,0.9686,0.0314,281
GCF_000092785___422,Negative,0.981,0.0,0.981,0.019,354
GCF_000092785___423,Negative,0.9137,0.0127,0.0736,0.9137,118
GCF_000092785___424,Inc-protein,0.9984,0.9984,0.0,0.0016,268
GCF_000092785___425,Negative,0.9936,0.0,0.9936,0.0063,288
GCF_000092785___426,Negative,0.9984,0.0,0.9984,0.0016,604
GCF_000092785___427,Negative,0.284,0.0272,0.284,0.6888,242
GCF_000092785___428,Negative,0.5108,0.0014,0.5108,0.4877,169
GCF_000092785___429,Negative,0.8551,0.0004,0.8551,0.1445,563
GCF_000092785___430,Negative,0.9914,0.0,0.9914,0.0086,518
GCF_000092785___431,Negative,0.9556,1e-04,0.9556,0.0443,59
GCF_000092785___432,Negative,0.9989,0.0,0.9989,0.0011,446
GCF_000092785___433,Negative,0.9203,0.0,0.9203,0.0797,116
GCF_000092785___434,Negative,0.9592,0.0005,0.9592,0.0403,253
GCF_000092785___435,Negative,0.9924,0.0,0.9924,0.0076,283
GCF_000092785___436,Negative,0.9467,1e-04,0.0532,0.9467,1736
GCF_000092785___437,Negative,0.3113,0.0022,0.3113,0.6864,92
GCF_000092785___438,Negative,0.9985,1e-04,0.9985,0.0014,220
GCF_000092785___439,Negative,0.9937,0.0,0.9937,0.0063,156
GCF_000092785___440,Negative,0.9979,0.0,0.9979,0.0021,89
GCF_000092785___441,Negative,0.9289,0.0002,0.9289,0.0708,474
GCF_000092785___442,Negative,0.9783,1e-04,0.9783,0.0216,137
GCF_000092785___443,Negative,0.99,0.0,0.99,0.01,1032
GCF_000092785___444,Negative,0.3001,1e-04,0.3001,0.6998,396
GCF_000092785___445,Negative,0.9757,0.0003,0.9757,0.024,360
GCF_000092785___446,Negative,0.9997,0.0,0.9997,0.0003,324
GCF_000092785___447,Negative,0.9481,0.0,0.9481,0.0519,383
GCF_000092785___448,Negative,0.7527,1e-04,0.7527,0.2472,115
GCF_000092785___449,Negative,0.9938,0.0,0.9938,0.0062,412
GCF_000092785___450,Negative,0.6997,0.0008,0.6997,0.2995,332
GCF_000092785___451,Negative,0.9171,0.0018,0.0811,0.9171,155
GCF_000092785___452,Negative,0.9483,1e-04,0.9483,0.0516,329
GCF_000092785___453,Negative,0.811,0.0009,0.188,0.811,100
GCF_000092785___454,Negative,0.8395,0.001,0.8395,0.1595,391
GCF_000092785___455,Negative,0.7539,0.0209,0.7539,0.2251,114
GCF_000092785___456,Negative,0.8689,1e-04,0.8689,0.131,144
GCF_000092785___457,Negative,0.3763,0.0003,0.3763,0.6233,228
GCF_000092785___458,Negative,0.9992,0.0006,0.9992,0.0002,763
GCF_000092785___459,Inc-protein,0.8559,0.8559,0.144,0.0002,232
GCF_000092785___460,Negative,0.8148,0.0003,0.8148,0.1849,217
GCF_000092785___461,Negative,0.9627,0.0,0.9627,0.0373,416
GCF_000092785___462,Negative,0.9853,0.0147,0.9853,0.0,281
GCF_000092785___463,Negative,0.9915,0.0085,0.9915,0.0,121
GCF_000092785___464,Negative,0.9964,0.0036,0.9964,0.0,209
GCF_000092785___465,Negative,0.9985,0.0015,0.9985,0.0,656
GCF_000092785___466,Negative,0.9986,0.0014,0.9986,0.0,296
GCF_000092785___467,Negative,0.9999,1e-04,0.0,0.9999,687
GCF_000092785___468,Negative,0.7459,0.0002,0.7459,0.2539,986
GCF_000092785___469,Negative,0.9874,0.0126,0.9874,0.0,247
GCF_000092785___470,Negative,0.6066,0.0002,0.6066,0.3933,205
GCF_000092785___471,Negative,0.9907,0.0091,0.9907,0.0002,223
GCF_000092785___472,Negative,0.8545,0.1449,0.8545,0.0006,743
GCF_000092785___473,Negative,0.7216,0.2783,0.7216,1e-04,435
GCF_000092785___474,Negative,0.9967,0.0006,0.0027,0.9967,253
GCF_000092785___475,Negative,0.8123,0.0002,0.8123,0.1875,391
GCF_000092785___476,Negative,0.4407,0.0023,0.4407,0.557,57
GCF_000092785___477,Negative,0.5194,0.0019,0.5194,0.4788,151
GCF_000092785___478,Negative,0.759,0.2408,0.759,1e-04,91
GCF_000092785___479,Negative,0.6602,0.0,0.6602,0.3398,411
GCF_000092785___480,Negative,0.9832,0.0,0.0168,0.9832,249
GCF_000092785___481,Negative,0.9935,0.0,0.9935,0.0065,433
GCF_000092785___482,Negative,0.9975,0.0,0.9975,0.0025,439
GCF_000092785___483,Negative,0.9864,0.0135,0.9864,0.0,292
GCF_000092785___484,Negative,0.9995,0.0,0.9995,0.0005,400
GCF_000092785___485,Negative,0.8029,1e-04,0.8029,0.197,126
GCF_000092785___486,Negative,0.997,0.0029,0.997,1e-04,586
GCF_000092785___487,Negative,0.9963,0.0,0.9963,0.0037,517
GCF_000092785___488,Negative,0.9258,0.0,0.9258,0.0741,122
GCF_000092785___489,Negative,0.9963,0.0,0.9963,0.0037,263
GCF_000092785___490,Negative,0.9993,0.0,0.9993,0.0007,350
GCF_000092785___491,Negative,0.9951,0.0,0.9951,0.0049,271
GCF_000092785___492,Negative,0.9692,0.0307,0.9692,1e-04,268
GCF_000092785___493,Negative,0.9989,0.0,0.9989,0.0011,542
GCF_000092785___494,Negative,0.9959,0.0,0.9959,0.0041,510
GCF_000092785___495,Negative,0.9977,0.0,0.9977,0.0023,336
GCF_000092785___496,Negative,0.9903,0.0014,0.0083,0.9903,249
GCF_000092785___497,Negative,0.9987,0.0,0.9987,0.0013,325
GCF_000092785___498,Negative,0.9722,0.0002,0.0276,0.9722,346
GCF_000092785___499,Negative,0.9932,0.0066,0.0003,0.9932,621
GCF_000092785___500,Negative,0.9823,0.0,0.9823,0.0177,410
GCF_000092785___501,Negative,0.986,0.0004,0.0137,0.986,218
GCF_000092785___502,Negative,0.9067,0.0,0.9067,0.0933,229
GCF_000092785___503,Negative,0.9871,0.0,0.9871,0.0129,226
GCF_000092785___504,Negative,0.9744,0.0002,0.9744,0.0254,139
GCF_000092785___505,Negative,0.8715,0.0,0.8715,0.1285,229
GCF_000092785___506,Negative,0.9974,1e-04,0.9974,0.0025,40
GCF_000092785___507,Negative,0.9982,0.0,0.9982,0.0018,1037
GCF_000092785___508,Negative,0.9694,0.0007,0.9694,0.0299,78
GCF_000092785___509,Negative,0.9882,0.0,0.9882,0.0117,302
GCF_000092785___510,Negative,0.8078,0.0946,0.8078,0.0976,626
GCF_000092785___511,Negative,0.993,0.0012,0.0058,0.993,249
GCF_000092785___512,Negative,0.9979,0.0,0.9979,0.0021,344
GCF_000092785___513,Negative,0.9971,0.0,0.9971,0.0029,490
GCF_000092785___514,Negative,0.9922,0.0,0.9922,0.0078,210
GCF_000092785___515,Negative,0.8543,1e-04,0.8543,0.1456,129
GCF_000092785___516,Negative,0.9994,0.0,0.9994,0.0006,85
GCF_000092785___517,Negative,0.9948,0.0,0.9948,0.0052,201
GCF_000092785___518,Negative,0.9926,0.0002,0.9926,0.0071,251
GCF_000092785___519,Negative,0.9983,1e-04,0.9983,0.0017,145
GCF_000092785___520,Negative,0.9952,0.0,0.9952,0.0048,46
GCF_000092785___521,Negative,0.9646,0.0,0.9646,0.0353,253
GCF_000092785___522,Negative,0.997,0.0004,0.997,0.0026,92
GCF_000092785___523,Negative,0.7668,0.0035,0.7668,0.2298,294
GCF_000092785___524,Negative,0.5243,0.0003,0.5243,0.4754,184
GCF_000092785___525,Negative,0.9663,0.0,0.9663,0.0337,417
GCF_000092785___526,Negative,0.8882,0.0005,0.1113,0.8882,594
GCF_000092785___527,Inc-protein,0.9642,0.9642,0.0101,0.0257,243
GCF_000092785___528,Negative,0.9761,0.0,0.9761,0.0238,202
GCF_000092785___529,Negative,0.9826,0.0,0.9826,0.0174,593
GCF_000092785___530,Negative,0.9513,0.0,0.9513,0.0487,302
GCF_000092785___531,Negative,0.9981,0.0019,0.9981,0.0,406
GCF_000092785___532,Negative,0.9829,0.0,0.9829,0.0171,223
GCF_000092785___533,Negative,0.9807,0.0192,0.9807,1e-04,341
GCF_000092785___534,Negative,0.9944,0.0,0.9944,0.0056,475
GCF_000092785___535,Negative,0.7643,0.0004,0.7643,0.2353,193
GCF_000092785___536,Negative,0.909,0.0,0.909,0.091,167
GCF_000092785___537,Negative,0.769,1e-04,0.769,0.2309,160
GCF_000092785___538,Negative,0.9898,0.0,0.9898,0.0102,337
GCF_000092785___539,Negative,0.6076,0.0011,0.6076,0.3912,108
GCF_000092785___540,Negative,0.8461,0.0271,0.1268,0.8461,266
GCF_000092785___541,Negative,0.9659,0.0032,0.0309,0.9659,237
GCF_000092785___542,Negative,0.4231,0.0015,0.4231,0.5754,708
GCF_000092785___543,Negative,0.9982,0.0018,0.9982,0.0,138
GCF_000092785___544,Negative,0.6066,1e-04,0.6066,0.3933,296
GCF_000092785___545,Negative,0.9967,0.0,0.9967,0.0033,111
GCF_000092785___546,Negative,0.9867,1e-04,0.9867,0.0132,190
GCF_000092785___547,Negative,0.9844,0.0015,0.014,0.9844,567
GCF_000092785___548,Negative,0.9971,0.0028,0.9971,1e-04,516
GCF_000092785___549,Negative,0.9997,1e-04,0.0002,0.9997,862
GCF_000092785___550,Negative,0.7798,0.0004,0.7798,0.2198,232
GCF_000092785___551,Negative,0.9599,0.0,0.9599,0.0401,396
GCF_000092785___552,Negative,0.9967,0.0033,0.9967,1e-04,422
GCF_000092785___553,Negative,0.8296,0.0,0.8296,0.1704,143
GCF_000092785___554,Negative,0.9982,0.0,0.9982,0.0018,72
GCF_000092785___555,Negative,0.9996,0.0,0.9996,0.0004,394
GCF_000092785___556,Negative,0.9702,0.0296,0.9702,0.0002,92
GCF_000092785___557,Negative,0.9892,0.0,0.9892,0.0108,180
GCF_000092785___558,Negative,0.9999,0.0,0.9999,1e-04,141
GCF_000092785___559,Negative,0.9998,0.0,0.9998,0.0002,232
GCF_000092785___560,Negative,0.9446,0.0,0.9446,0.0554,174
GCF_000092785___561,Negative,0.9803,0.0002,0.9803,0.0194,130
GCF_000092785___562,Negative,0.9969,0.0,0.9969,0.0031,1256
GCF_000092785___563,Negative,0.9991,0.0,0.9991,0.0009,1387
GCF_000092785___564,Negative,0.9979,0.0018,0.0003,0.9979,521
GCF_000092785___565,Negative,0.8318,0.1644,0.8318,0.0037,463
GCF_000092785___566,Negative,0.9964,0.0,0.9964,0.0036,315
GCF_000092785___567,Negative,0.2156,1e-04,0.2156,0.7843,123
GCF_000092785___568,Negative,0.9954,0.0027,0.0019,0.9954,628
GCF_000092785___569,Negative,0.697,0.1793,0.697,0.1237,79
GCF_000092785___570,Negative,0.9966,0.0009,0.0026,0.9966,169
GCF_000092785___571,Negative,0.8675,0.0015,0.8675,0.131,85
GCF_000092785___572,Negative,0.2328,0.0023,0.2328,0.7649,173
GCF_000092785___573,Negative,0.7707,0.0002,0.7707,0.229,209
GCF_000092785___574,Negative,0.8713,0.0002,0.1285,0.8713,258
GCF_000092785___575,Negative,0.9843,0.0,0.9843,0.0157,596
GCF_000092785___576,Negative,0.9893,0.0,0.9893,0.0107,417
GCF_000092785___577,Negative,0.8615,0.0102,0.8615,0.1283,205
GCF_000092785___578,Negative,0.9857,0.0138,0.9857,0.0005,638
GCF_000092785___579,Negative,0.9987,0.0013,0.9987,0.0,140
GCF_000092785___580,Negative,0.9986,0.0,0.9986,0.0014,461
GCF_000092785___581,Inc-protein,0.8045,0.8045,0.1093,0.0862,105
GCF_000092785___582,Negative,0.9995,0.0002,0.0003,0.9995,691
GCF_000092785___583,Negative,0.985,0.0002,0.0148,0.985,1186
GCF_000092785___584,Negative,0.9955,0.0038,0.0007,0.9955,393
GCF_000092785___585,Negative,0.9815,1e-04,0.9815,0.0184,231
GCF_000092785___586,Negative,0.8493,0.0004,0.1503,0.8493,153
GCF_000092785___587,Negative,0.9874,0.0,0.9874,0.0126,65
GCF_000092785___588,Negative,0.9991,0.0009,0.9991,0.0,146
GCF_000092785___589,Negative,0.9656,1e-04,0.0343,0.9656,1719
GCF_000092785___590,Negative,0.9856,0.0,0.9856,0.0144,161
GCF_000092785___591,Negative,0.999,1e-04,0.999,0.0009,53
GCF_000092785___592,Negative,0.9962,0.0005,0.9962,0.0033,92
GCF_000092785___593,Negative,0.9646,0.0,0.9646,0.0353,253
GCF_000092785___594,Negative,0.9952,0.0,0.9952,0.0048,46
GCF_000092785___595,Negative,0.8884,0.0025,0.8884,0.1091,85
GCF_000092785___596,Negative,0.9862,0.0,0.9862,0.0138,280
GCF_000092785___597,Negative,0.9973,0.0004,0.9973,0.0023,87
GCF_000092785___598,Negative,0.8301,0.0006,0.1694,0.8301,122
GCF_000092785___599,Negative,0.9981,0.0,0.9981,0.0018,300
GCF_000092785___600,Negative,0.388,0.0011,0.388,0.6109,166
GCF_000092785___601,Negative,0.9844,0.0002,0.9844,0.0154,377
GCF_000092785___602,Negative,0.9705,0.0,0.9705,0.0295,202
GCF_000092785___603,Negative,0.9986,0.0,0.9986,0.0014,94
GCF_000092785___604,Negative,0.9505,1e-04,0.9505,0.0494,185
GCF_000092785___605,Negative,0.9702,0.0,0.9702,0.0298,417
GCF_000092785___606,Negative,0.9118,0.0003,0.9118,0.0879,277
GCF_000092785___607,Negative,0.9735,1e-04,0.9735,0.0265,121
GCF_000092785___608,Negative,0.9999,0.0,0.0,0.9999,4396
GCF_000092785___609,Negative,0.9895,1e-04,0.9895,0.0105,233
GCF_000092785___610,Negative,0.9708,0.0003,0.029,0.9708,453
GCF_000092785___611,Negative,0.8537,1e-04,0.1462,0.8537,286
GCF_000092785___612,Negative,0.9978,0.0,0.9978,0.0022,298
GCF_000092785___613,Negative,0.872,0.0013,0.872,0.1267,314
GCF_000092785___614,Negative,0.9991,0.0,0.9991,0.0009,316
GCF_000092785___615,Negative,0.9961,0.0,0.9961,0.0039,129
GCF_000092785___616,Negative,0.8562,0.0007,0.1431,0.8562,321
GCF_000092785___617,Negative,0.9713,0.0017,0.9713,0.027,220
GCF_000092785___618,Negative,0.989,0.0109,0.989,1e-04,88
GCF_000092785___619,Negative,0.8929,0.0,0.8929,0.107,230
GCF_000092785___620,Negative,0.9999,0.0,0.9999,1e-04,356
GCF_000092785___621,Negative,0.9901,0.0054,0.9901,0.0046,61
GCF_000092785___622,Negative,0.9746,1e-04,0.9746,0.0253,260
GCF_000092785___623,Negative,0.9997,0.0,0.9997,0.0003,185
GCF_000092785___624,Negative,0.754,1e-04,0.754,0.2459,202
GCF_000092785___625,Negative,0.9998,0.0,0.9998,0.0002,484
GCF_000092785___626,Negative,0.9715,0.0,0.9715,0.0285,417
GCF_000092785___627,Negative,0.8907,0.0002,0.8907,0.1091,225
GCF_000092785___628,Negative,0.9996,0.0,0.9996,0.0004,41
GCF_000092785___629,Negative,0.9952,0.0,0.9952,0.0048,46
GCF_000092785___630,Negative,0.9646,0.0,0.9646,0.0353,253
GCF_000092785___631,Negative,0.997,0.0004,0.997,0.0026,92
GCF_000092785___632,Negative,0.9141,0.0041,0.9141,0.0818,229
GCF_000092785___633,Negative,0.9607,0.0,0.9607,0.0393,202
GCF_000092785___634,Negative,0.6419,1e-04,0.6419,0.358,168
GCF_000092785___635,Negative,0.9711,0.0,0.9711,0.0289,362
GCF_000092785___636,Negative,0.3783,0.0144,0.3783,0.6073,53
GCF_000092785___637,Negative,0.9941,1e-04,0.9941,0.0058,76
GCF_000092785___638,Negative,0.9251,0.0,0.9251,0.0749,196
GCF_000092785___639,Negative,0.9955,0.0,0.9955,0.0045,96
GCF_000092785___640,Negative,0.9997,0.0003,0.9997,0.0,152
GCF_000092785___641,Negative,0.7532,0.0005,0.7532,0.2463,302
GCF_000092785___642,Negative,0.5696,0.4296,0.5696,0.0008,146
GCF_000092785___643,Negative,0.9999,0.0,0.9999,1e-04,499
GCF_000092785___644,Negative,0.9999,0.0,0.9999,1e-04,143
GCF_000092785___645,Negative,0.7846,0.0,0.7846,0.2154,627
GCF_000092785___646,Negative,0.9105,1e-04,0.9105,0.0894,85
GCF_000092785___647,Negative,0.9966,0.0,0.9966,0.0034,77
GCF_000092785___648,Negative,0.9672,0.0002,0.0327,0.9672,319
GCF_000092785___649,Negative,0.9415,1e-04,0.9415,0.0584,367
GCF_000092785___650,Negative,0.2868,0.0358,0.2868,0.6774,139
GCF_000092785___651,Negative,0.9869,0.0012,0.0119,0.9869,741
GCF_000092785___652,Negative,0.9388,0.0002,0.9388,0.061,517
GCF_000092785___653,Negative,0.5116,0.0003,0.5116,0.4881,813
GCF_000092785___654,Negative,0.9951,0.0002,0.0048,0.9951,361
GCF_000092785___655,Negative,0.9327,0.0649,0.9327,0.0024,359
GCF_000092785___656,Negative,0.9635,0.0358,0.9635,0.0006,371
GCF_000092785___657,Inc-protein,0.9724,0.9724,0.027,0.0006,111
GCF_000092785___658,Negative,0.2336,0.0002,0.2336,0.7662,438
GCF_000092785___659,Negative,0.9982,0.0005,0.9982,0.0013,920
GCF_000092785___660,Negative,0.9998,0.0,0.0002,0.9998,363
GCF_000092785___661,Negative,0.9973,0.0,0.9973,0.0027,698
GCF_000092785___662,Negative,0.9852,1e-04,0.9852,0.0148,89
GCF_000092785___663,Negative,0.529,0.0003,0.529,0.4707,81
GCF_000092785___664,Negative,0.9939,0.0,0.9939,0.0061,176
GCF_000092785___665,Negative,0.4764,0.0021,0.4764,0.5215,76
GCF_000092785___666,Inc-protein,0.9995,0.9995,0.0002,0.0003,210
GCF_000092785___667,Negative,0.8334,0.1664,0.8334,0.0002,306
GCF_000092785___668,Negative,0.9996,0.0,0.9996,0.0004,87
GCF_000092785___669,Negative,0.99,1e-04,0.99,0.01,354
GCF_000092785___670,Negative,0.9652,0.0,0.9652,0.0348,283
GCF_000092785___671,Negative,0.995,0.0002,0.995,0.0048,442
GCF_000092785___672,Negative,0.9949,0.0,0.9949,0.0051,109
GCF_000092785___673,Negative,0.9965,0.0,0.9965,0.0035,228
GCF_000092785___674,Negative,0.9744,0.0,0.9744,0.0256,171
GCF_000092785___675,Negative,0.9777,0.0,0.9777,0.0223,219
GCF_000092785___676,Negative,0.9724,0.0,0.9724,0.0275,912
GCF_000092785___677,Negative,0.9998,1e-04,1e-04,0.9998,660
GCF_000092785___678,Negative,1.0,0.0,0.0,1.0,4637
GCF_000092785___679,Negative,0.6024,0.0002,0.6024,0.3975,293
GCF_000092785___680,Negative,0.9848,0.0,0.9848,0.0152,202
GCF_000092785___681,Negative,0.7656,1e-04,0.7656,0.2343,109
GCF_000092785___682,Negative,0.2621,0.7372,0.2621,0.0007,209
GCF_000092785___683,Negative,0.99,0.0,0.99,0.0099,674
GCF_000092785___684,Negative,0.9996,0.0,0.9996,0.0004,90
GCF_000092785___685,Negative,0.3539,0.0002,0.3539,0.6459,732
GCF_000092785___686,Negative,0.9901,0.0002,0.0098,0.9901,144
GCF_000092785___687,Negative,0.9824,0.0,0.9824,0.0176,465
GCF_000092785___688,Inc-protein,0.9876,0.9876,0.0116,0.0008,154
GCF_000092785___689,Negative,0.9892,0.0,0.9892,0.0107,92
GCF_000092785___690,Inc-protein,0.9325,0.9325,1e-04,0.0674,267
GCF_000092785___691,Negative,0.8941,0.0027,0.1032,0.8941,244
GCF_000092785___692,Negative,0.9997,0.0,0.9997,0.0003,533
GCF_000092785___693,Negative,0.9999,0.0,0.9999,1e-04,427
GCF_000092785___694,Negative,0.9459,0.0509,0.9459,0.0032,299
GCF_000092785___695,Negative,0.9758,0.0,0.9758,0.0241,317
GCF_000092785___696,Negative,0.9956,0.0,0.9956,0.0044,232
GCF_000092785___697,Negative,0.4054,0.0,0.4054,0.5946,496
GCF_000092785___698,Negative,0.9813,1e-04,0.0186,0.9813,295
GCF_000092785___699,Negative,0.9979,0.0,0.9979,0.0021,67
GCF_000092785___700,Negative,0.987,0.013,0.987,0.0,692
GCF_000092785___701,Negative,0.9873,0.0,0.9873,0.0127,518
GCF_000092785___702,Negative,0.9161,0.0005,0.0834,0.9161,169
GCF_000092785___703,Negative,0.967,0.0,0.967,0.033,292
GCF_000092785___704,Inc-protein,0.9952,0.9952,0.0036,0.0012,142
GCF_000092785___705,Negative,0.9848,0.0,0.9848,0.0152,168
GCF_000092785___706,Negative,0.9964,0.0,0.9964,0.0036,193
GCF_000092785___707,Negative,0.9998,0.0,0.9998,0.0002,188
GCF_000092785___708,Negative,0.9471,0.0004,0.9471,0.0525,156
GCF_000092785___709,Negative,0.9978,0.0,0.9978,0.0022,254
GCF_000092785___710,Negative,0.8937,0.0,0.8937,0.1062,321
GCF_000092785___711,Negative,0.9895,0.0,0.9895,0.0105,489
GCF_000092785___712,Negative,0.9942,1e-04,0.9942,0.0057,484
GCF_000092785___713,Negative,0.9938,0.0,0.9938,0.0062,99
GCF_000092785___714,Negative,0.9999,1e-04,0.0,0.9999,611
GCF_000092785___715,Negative,0.9984,0.0,0.9984,0.0016,193
GCF_000092785___716,Negative,0.9938,0.0,0.9938,0.0062,300
GCF_000092785___717,Negative,0.9362,0.0638,0.9362,1e-04,624
GCF_000092785___718,Negative,0.9973,0.0,0.9973,0.0027,167
GCF_000092785___719,Negative,0.8053,0.0005,0.8053,0.1941,225
GCF_000092785___720,Negative,0.9909,0.0,0.9909,0.0091,258
GCF_000092785___721,Negative,0.9872,0.0,0.9872,0.0128,327
GCF_000092785___722,Negative,0.7095,0.0007,0.7095,0.2898,163
GCF_000092785___723,Negative,0.0009,0.2119,0.0009,0.7872,645
GCF_000092785___724,Negative,0.9375,0.0003,0.9375,0.0622,534
GCF_000092785___725,Negative,0.9702,0.0025,0.9702,0.0273,147
GCF_000092785___726,Negative,0.941,0.0,0.941,0.059,303
GCF_000092785___727,Negative,0.5518,0.4481,0.5518,1e-04,135
GCF_000092785___728,Negative,0.9999,0.0,0.9999,0.0,398
GCF_000092785___729,Negative,0.9909,0.0,0.9909,0.0091,254
GCF_000092785___730,Negative,0.9994,0.0006,0.9994,0.0,195
GCF_000092785___731,Negative,0.9985,0.0015,0.9985,0.0,194
GCF_000092785___732,Inc-protein,0.9941,0.9941,0.0004,0.0055,154
GCF_000092785___733,Negative,0.8466,0.0,0.1533,0.8466,537
GCF_000092785___734,Negative,0.9987,0.0,0.9987,0.0013,326
GCF_000092785___735,Negative,0.9919,0.0,0.9919,0.0081,219
GCF_000092785___736,Negative,0.9987,0.0,0.9987,0.0013,397
GCF_000092785___737,Negative,0.9877,0.0,0.9877,0.0123,292
GCF_000092785___738,Negative,0.9996,0.0,0.9996,0.0004,217
GCF_000092785___739,Negative,0.9753,0.0003,0.9753,0.0244,504
GCF_000092785___740,Negative,0.9525,0.0474,0.9525,1e-04,122
GCF_000092785___741,Negative,0.5394,0.0005,0.5394,0.4601,242
GCF_000092785___742,Negative,0.9411,0.0037,0.0551,0.9411,339
GCF_000092785___743,Negative,0.9947,0.0,0.9947,0.0053,724
GCF_000092785___744,Negative,0.9859,0.0027,0.0115,0.9859,83
GCF_000092785___745,Negative,0.897,0.0004,0.1026,0.897,305
GCF_000092785___746,Negative,0.2634,1e-04,0.2634,0.7365,595
GCF_000092785___747,Negative,0.9882,0.0005,0.9882,0.0113,136
GCF_000092785___748,Negative,0.9569,0.0026,0.0405,0.9569,295
GCF_000092785___749,Negative,0.7062,0.0002,0.7062,0.2936,374
GCF_000092785___750,Negative,0.3298,0.0157,0.3298,0.6546,258
GCF_000092785___751,Negative,0.9548,0.0063,0.039,0.9548,248
GCF_000092785___752,Negative,0.9916,0.0,0.9916,0.0084,396
GCF_000092785___753,Negative,0.874,0.0004,0.874,0.1257,241
GCF_000092785___754,Negative,0.3472,0.002,0.3472,0.6508,415
GCF_000092785___755,Negative,0.9284,0.0715,0.9284,1e-04,267
GCF_000092785___756,Negative,0.9989,0.0,0.9989,0.001,277
GCF_000092785___757,Negative,0.999,0.0009,0.999,0.0,459
GCF_000092785___758,Negative,0.9985,0.0015,0.9985,0.0,343
GCF_000092785___759,Negative,0.9005,0.0004,0.9005,0.0991,335
GCF_000092785___760,Negative,0.0014,0.4899,0.0014,0.5087,1043
GCF_000092785___761,Negative,0.9583,0.0,0.9583,0.0417,232
GCF_000092785___762,Negative,0.9643,0.0,0.9643,0.0357,359
GCF_000092785___763,Negative,0.8348,0.0,0.8348,0.1652,354
GCF_000092785___764,Negative,0.9616,0.0,0.9616,0.0384,273
GCF_000092785___765,Negative,0.9981,0.0,0.9981,0.0019,295
GCF_000092785___766,Negative,0.7921,1e-04,0.7921,0.2078,142
GCF_000092785___767,Negative,0.5594,0.0004,0.5594,0.4402,127
GCF_000092785___768,Negative,0.9393,0.0,0.9393,0.0607,207
GCF_000092785___769,Negative,0.9824,0.0,0.9824,0.0176,204
GCF_000092785___770,Negative,0.9946,0.0054,0.9946,0.0,385
GCF_000092785___771,Inc-protein,0.9166,0.9166,0.0833,1e-04,168
GCF_000092785___772,Negative,0.8992,0.0006,0.8992,0.1002,158
GCF_000092785___773,Negative,0.6541,0.3441,0.6541,0.0019,136
GCF_000092785___774,Negative,0.9958,0.0,0.9958,0.0042,101
GCF_000092785___775,Negative,0.9992,0.0,0.9992,0.0008,45
GCF_000092785___776,Negative,0.9999,0.0,0.9999,0.0,46
GCF_000092785___777,Negative,0.959,0.0,0.959,0.041,83
GCF_000092785___778,Negative,0.9355,0.0007,0.0638,0.9355,339
GCF_000092785___779,Negative,0.8791,1e-04,0.8791,0.1208,162
GCF_000092785___780,Negative,0.9842,0.0156,0.9842,0.0002,452
GCF_000092785___781,Negative,0.8811,0.0003,0.8811,0.1186,325
GCF_000092785___782,Negative,0.8957,0.1041,0.8957,0.0002,197
GCF_000092785___783,Negative,0.9986,1e-04,0.0014,0.9986,527
GCF_000092785___784,Negative,0.9975,0.0,0.9975,0.0025,329
GCF_000092785___785,Negative,0.9906,0.0,0.9906,0.0094,186
GCF_000092785___786,Negative,0.9986,0.0,0.9986,0.0014,206
GCF_000092785___787,Negative,0.8014,1e-04,0.8014,0.1985,114
GCF_000092785___788,Negative,0.9999,0.0,0.9999,1e-04,88
GCF_000092785___789,Negative,0.9928,0.0,0.9928,0.0072,167
GCF_000092785___790,Negative,0.9983,0.0,0.9983,0.0017,326
GCF_000092785___791,Negative,0.9862,0.0,0.9862,0.0137,425
GCF_000092785___792,Negative,0.9997,0.0002,1e-04,0.9997,570
GCF_000092785___793,Negative,0.9962,0.0005,0.9962,0.0033,92
GCF_000092785___794,Negative,0.9646,0.0,0.9646,0.0353,253
GCF_000092785___795,Negative,0.9952,0.0,0.9952,0.0048,46
GCF_000092785___796,Negative,0.9964,0.0,0.0036,0.9964,441
GCF_000092785___797,Negative,0.8419,0.0009,0.1572,0.8419,312
GCF_000092785___798,Negative,0.9409,0.0016,0.0575,0.9409,307
GCF_000092785___799,Negative,0.9947,0.0,0.9947,0.0053,916
GCF_000092785___800,Negative,0.9881,0.0,0.9881,0.0119,451
GCF_000092785___801,Negative,0.9958,0.0,0.9958,0.0042,469
GCF_000092785___802,Negative,0.968,0.0,0.968,0.032,362
GCF_000092785___803,Negative,0.4656,0.0,0.4656,0.5344,342
GCF_000092785___804,Negative,0.9641,1e-04,0.9641,0.0357,447
GCF_000092785___805,Negative,0.9535,0.0,0.9535,0.0465,404
GCF_000092785___806,Negative,0.999,1e-04,0.999,0.0009,53
GCF_000092785___807,Negative,0.8884,0.0025,0.8884,0.1091,85
GCF_000092785___808,Negative,0.9904,1e-04,0.0096,0.9904,390
GCF_000092785___809,Negative,0.9241,0.0002,0.9241,0.0757,74
GCF_000092785___810,Inc-protein,0.9879,0.9879,0.0113,0.0007,291
GCF_000092785___811,Negative,0.7812,0.0006,0.7812,0.2183,152
GCF_000092785___812,Negative,0.9826,0.0,0.9826,0.0174,869
GCF_000092785___813,Negative,0.9997,0.0003,1e-04,0.9997,474
GCF_000092785___814,Negative,0.9919,0.0,0.9919,0.0081,193
GCF_000092785___815,Negative,0.9842,0.0003,0.0156,0.9842,509
GCF_000092785___816,Negative,0.5498,1e-04,0.5498,0.4502,331
GCF_000092785___817,Negative,0.9998,0.0,0.9998,0.0002,351
GCF_000092785___818,Negative,0.9892,0.0018,0.009,0.9892,415
GCF_000092785___819,Negative,0.7063,0.0002,0.7063,0.2935,157
GCF_000092785___820,Negative,0.9993,1e-04,0.0006,0.9993,399
GCF_000092785___821,Negative,0.9977,0.0023,0.9977,0.0,729
GCF_000092785___822,Negative,0.5761,0.4234,0.5761,0.0005,375
GCF_000092785___823,Negative,0.9763,0.0,0.9763,0.0237,365
GCF_000092785___824,Negative,0.9692,0.0007,0.9692,0.0301,161
GCF_000092785___825,Inc-protein,0.9377,0.9377,0.0614,0.0009,148
GCF_000092785___826,Negative,0.9934,0.0004,0.0062,0.9934,494
GCF_000092785___827,Negative,0.9387,0.0,0.9387,0.0613,318
GCF_000092785___828,Negative,0.9995,0.0,0.9995,0.0005,190
GCF_000092785___829,Negative,0.9988,0.0,0.9988,0.0012,130
GCF_000092785___830,Negative,0.9115,0.0004,0.9115,0.088,852
GCF_000092785___831,Negative,0.9763,1e-04,0.9763,0.0236,424
GCF_000092785___832,Negative,0.9497,0.0,0.9497,0.0503,568
GCF_000092785___833,Negative,0.8916,1e-04,0.8916,0.1083,176
GCF_000092785___834,Negative,0.9804,0.0,0.9804,0.0195,236
GCF_000092785___835,Negative,0.9988,1e-04,0.0011,0.9988,652
GCF_000092785___836,Negative,0.9988,0.0011,0.9988,0.0,389
GCF_000092785___837,Negative,0.9995,0.0,0.9995,0.0005,234
GCF_000092785___838,Negative,0.897,1e-04,0.897,0.1028,185
GCF_000092785___839,Negative,0.9977,0.0,0.9977,0.0023,160
GCF_000092785___840,Negative,0.9987,0.0,0.9987,0.0013,457
GCF_000092785___841,Negative,0.2981,0.0004,0.2981,0.7015,257
GCF_000092785___842,Negative,0.641,0.0094,0.641,0.3496,83
GCF_000092785___843,Negative,0.9999,0.0,0.9999,1e-04,226
GCF_000092785___844,Negative,0.3099,0.0002,0.3099,0.6898,303
GCF_000092785___845,Negative,0.9947,0.0052,0.9947,0.0,312
GCF_000092785___846,Inc-protein,0.9616,0.9616,0.0,0.0384,580
GCF_000092785___847,Negative,0.994,0.0,0.994,0.006,203
GCF_000092785___848,Negative,0.9996,0.0,0.9996,0.0004,266
GCF_000092785___849,Negative,0.9655,0.0,0.0345,0.9655,611
GCF_000092785___850,Negative,0.9994,0.0,0.9994,0.0006,284
GCF_000092785___851,Negative,0.9115,0.0,0.9115,0.0884,244
GCF_000092785___852,Negative,0.9406,1e-04,0.9406,0.0593,110
GCF_000092785___853,Negative,0.9835,0.0165,0.9835,1e-04,125
GCF_000092785___854,Negative,0.9678,0.0,0.9678,0.0322,223
GCF_000092785___855,Negative,0.9989,0.0,0.9989,0.0011,285
GCF_000092785___856,Negative,0.9826,0.0,0.9826,0.0174,353
GCF_000092785___857,Negative,0.9827,0.0171,0.9827,0.0002,150
GCF_000092785___858,Negative,0.9772,0.0044,0.0184,0.9772,247
GCF_000092785___859,Negative,0.9984,0.0,0.9984,0.0016,952
GCF_000092785___860,Negative,0.992,0.0,0.992,0.008,165
GCF_000092785___861,Negative,0.9955,0.0018,0.0027,0.9955,169
GCF_000092785___862,Negative,0.3613,1e-04,0.3613,0.6386,342
GCF_000092785___863,Negative,0.9924,0.0075,0.9924,1e-04,220
GCF_000092785___864,Negative,0.9969,0.0031,0.9969,0.0,81
GCF_000092785___865,Negative,0.9978,0.0,0.9978,0.0022,209
GCF_000092785___866,Negative,0.922,1e-04,0.922,0.078,599
GCF_000092785___867,Negative,0.4812,0.0008,0.4812,0.518,143
GCF_000092785___868,Negative,0.9086,0.0029,0.0884,0.9086,298
GCF_000092785___869,Negative,0.995,0.0,0.995,0.005,268
GCF_000092785___870,Negative,0.9355,0.0,0.9355,0.0645,530
GCF_000092785___871,Negative,0.9979,0.002,0.9979,0.0,340
GCF_000092785___872,Negative,0.9966,0.0,0.9966,0.0034,145
GCF_000092785___873,Negative,0.7807,0.0038,0.7807,0.2155,288
GCF_000092785___874,Negative,0.6838,1e-04,0.6838,0.316,169
GCF_000092785___875,Negative,0.9999,0.0,1e-04,0.9999,826
GCF_000092785___876,Negative,0.3527,0.0002,0.3527,0.6471,528
GCF_000092785___877,Negative,0.9713,1e-04,0.9713,0.0286,603
GCF_000092785___878,Negative,0.9998,0.0,0.0002,0.9998,439
GCF_000092785___879,Negative,0.8413,1e-04,0.1586,0.8413,454
GCF_000092785___880,Negative,0.9998,0.0,0.9998,0.0002,144
GCF_000092785___881,Negative,1.0,0.0,1.0,0.0,65
GCF_000092785___882,Negative,0.9982,1e-04,0.9982,0.0018,118
GCF_000092785___883,Negative,0.9964,0.0,0.9964,0.0036,342
GCF_000092785___884,Negative,0.8201,1e-04,0.8201,0.1798,287
GCF_000092785___885,Negative,0.6853,0.0002,0.6853,0.3145,341
GCF_000092785___886,Negative,0.9884,1e-04,0.9884,0.0115,664
GCF_000092785___887,Negative,0.8554,0.0008,0.8554,0.1438,339
GCF_000092785___888,Negative,0.9969,0.003,0.9969,1e-04,257
GCF_000092785___889,Negative,0.9885,0.0107,0.9885,0.0008,287
GCF_000092785___890,Negative,0.9984,0.0,0.9984,0.0016,368
GCF_000092785___891,Negative,0.995,0.0,0.995,0.005,362
GCF_000092785___892,Negative,0.9985,0.0,0.9985,0.0015,364
GCF_000092785___893,Negative,0.8314,0.0,0.8314,0.1686,156
GCF_000092785___894,Negative,0.7883,0.0015,0.7883,0.2102,102
GCF_000092785___895,Negative,0.9998,0.0,0.9998,0.0002,69
GCF_000092785___896,Negative,0.8926,1e-04,0.8926,0.1073,76
GCF_000092785___897,Negative,0.8697,1e-04,0.8697,0.1302,159
GCF_000092785___898,Negative,0.725,0.0,0.725,0.275,383
GCF_000092785___899,Negative,0.6488,0.0065,0.6488,0.3448,305
GCF_000092785___900,Negative,0.2309,0.0003,0.2309,0.7688,629
GCF_000092785___901,Negative,0.7469,1e-04,0.7469,0.253,176
GCF_000092785___902,Negative,0.968,1e-04,0.968,0.0319,217
GCF_000092785___903,Negative,0.383,0.0006,0.383,0.6164,374
GCF_000092785___904,Negative,0.8751,0.0011,0.1238,0.8751,372
GCF_000092785___905,Negative,0.981,0.0002,0.0188,0.981,265
GCF_000092785___906,Negative,0.9929,0.0024,0.0047,0.9929,191
GCF_000092785___907,Negative,0.9321,0.0006,0.0673,0.9321,183
GCF_000092785___908,Negative,0.9935,0.0,0.0065,0.9935,1829
GCF_000092785___909,Negative,0.9734,0.0002,0.9734,0.0264,155
GCF_000092785___910,Negative,0.9841,0.0002,0.9841,0.0157,270
GCF_000092785___911,Negative,0.8711,0.1275,0.8711,0.0014,221
GCF_000092785___912,Negative,0.8981,0.0,0.8981,0.1018,256
GCF_000092785___913,Negative,0.9987,0.0,0.9987,0.0013,382
GCF_000092785___914,Negative,0.9676,0.0324,0.9676,0.0,410
GCF_000092785___915,Negative,0.8281,0.1718,0.8281,1e-04,418
GCF_000092785___916,Negative,0.9891,0.0094,0.9891,0.0015,105
GCF_000092785___917,Negative,0.8796,0.0011,0.8796,0.1193,167
GCF_000092785___918,Negative,0.4576,0.0016,0.4576,0.5408,437
GCF_000092785___919,Negative,0.0,0.686,0.0,0.314,388
GCF_000092785___920,Negative,0.9623,0.0003,0.0374,0.9623,800
GCF_000092785___921,Negative,0.9939,0.0,0.9939,0.0061,691
GCF_000092785___922,Negative,0.972,0.0009,0.0271,0.972,685
GCF_000092785___923,Negative,0.8916,0.1082,0.8916,0.0002,486
GCF_000092785___924,Negative,0.9887,0.0,0.9887,0.0112,225
GCF_000092785___925,Inc-protein,0.9913,0.9913,0.0021,0.0067,220
GCF_000092785___926,Inc-protein,0.9861,0.9861,0.0004,0.0135,267
GCF_000092785___927,Negative,0.9982,0.0,0.9982,0.0018,156
GCF_000092785___928,Negative,0.9667,0.0021,0.0313,0.9667,176
GCF_000092785___929,Negative,0.9958,0.0042,0.9958,0.0,453
GCF_000092785___930,Negative,0.9979,0.0,0.9979,0.0021,332
GCF_000092785___931,Negative,0.636,0.0003,0.636,0.3637,280
GCF_000092785___932,Negative,0.9904,0.0,0.9904,0.0096,341
GCF_000092785___933,Negative,0.5687,0.0003,0.5687,0.4311,168
GCF_000092785___934,Negative,0.8975,0.1011,0.0015,0.8975,283
GCF_000092785___935,Negative,0.9682,0.0,0.9682,0.0318,139
GCF_000092785___936,Negative,0.9857,0.0,0.9857,0.0143,488
GCF_000092785___937,Negative,0.9959,0.0,0.9959,0.0041,339
GCF_000092785___938,Negative,0.8295,0.001,0.1695,0.8295,380
GCF_000092785___939,Negative,0.8907,0.0,0.1093,0.8907,49
GCF_000092785___940,Negative,0.9991,0.0,0.9991,0.0009,350
GCF_000092785___941,Negative,0.9961,0.0,0.9961,0.0039,310
GCF_000092785___942,Negative,0.635,1e-04,0.635,0.3648,180
GCF_000092785___943,Negative,0.9491,1e-04,0.9491,0.0508,309
GCF_000092785___944,Negative,0.9103,0.0008,0.9103,0.0888,337
GCF_000092785___945,Negative,0.9994,0.0,0.9994,0.0006,235
GCF_000092785___946,Negative,0.8869,0.0,0.1131,0.8869,609
GCF_000092785___947,Negative,0.7352,1e-04,0.7352,0.2647,370
GCF_000092785___948,Negative,0.9559,0.0008,0.0433,0.9559,155
GCF_000092785___949,Negative,0.9518,1e-04,0.9518,0.0481,129
GCF_000092785___950,Negative,0.9845,0.0,0.9845,0.0155,107
GCF_000092785___951,Negative,0.6699,0.0155,0.6699,0.3146,718
GCF_000092785___952,Negative,0.9998,0.0,0.9998,0.0002,317
GCF_000092785___953,Negative,0.9981,0.0002,0.9981,0.0016,268
GCF_000092785___954,Negative,0.9899,0.0097,0.9899,0.0004,538
GCF_000092785___955,Negative,0.4146,1e-04,0.4146,0.5853,590
GCF_000092785___956,Negative,0.9998,0.0002,0.0,0.9998,812
GCF_000092785___957,Negative,0.9982,0.0,0.0017,0.9982,622
GCF_000092785___958,Negative,0.9607,0.0262,0.9607,0.013,652
GCF_000092785___959,Negative,0.9884,0.0009,0.0107,0.9884,198
GCF_000092785___960,Negative,0.9656,0.0,0.9656,0.0344,269
GCF_000092785___961,Negative,0.9843,0.0,0.9843,0.0156,904
GCF_000092785___962,Negative,0.9681,0.0,0.9681,0.0319,371
GCF_000092785___963,Negative,0.9927,1e-04,0.9927,0.0072,458
GCF_000092785___964,Negative,0.9692,1e-04,0.9692,0.0307,188
GCF_000092785___965,Negative,0.9996,0.0,0.9996,0.0004,88
GCF_000092785___966,Negative,0.9992,0.0008,1e-04,0.9992,878
GCF_000092785___967,Negative,0.9753,0.0244,0.9753,0.0003,369
GCF_000092785___968,Negative,0.9995,0.0,0.9995,0.0005,440
GCF_000092785___969,Negative,0.2537,1e-04,0.2537,0.7462,466
GCF_000092785___970,Negative,0.9937,0.0057,0.9937,0.0005,822
GCF_000092785___971,Negative,0.7326,0.0,0.7326,0.2674,599
GCF_000092785___972,Negative,0.9547,0.0002,0.9547,0.0452,154
GCF_000092785___973,Negative,0.8596,1e-04,0.8596,0.1403,113
GCF_000092785___974,Negative,0.9988,0.0,0.9988,0.0012,822
GCF_000092785___975,Negative,0.9992,0.0,0.9992,0.0008,820
GCF_000092785___976,Negative,0.6889,0.0055,0.6889,0.3055,53
GCF_000092785___977,Negative,0.996,0.0002,0.996,0.0038,199
GCF_000092785___978,Negative,0.8308,0.0,0.8308,0.1691,307
GCF_000092785___979,Negative,0.9919,0.0,0.9919,0.0081,314
GCF_000092785___980,Negative,0.9974,0.0,0.9974,0.0026,161
GCF_000092785___981,Negative,0.87,0.106,0.87,0.024,112
GCF_000092785___982,Negative,0.32,0.0032,0.32,0.6768,78
GCF_000092785___983,Negative,0.9992,1e-04,0.9992,0.0007,159
GCF_000092785___984,Negative,0.9504,0.0,0.9504,0.0496,100
GCF_000092785___985,Negative,0.9875,0.0089,0.9875,0.0036,194
GCF_000092785___986,Negative,0.8055,1e-04,0.8055,0.1944,82
GCF_000092785___987,Negative,0.9648,0.0023,0.033,0.9648,1641
GCF_000092785___988,Negative,0.9925,0.0,0.9925,0.0075,327
GCF_000092785___989,Negative,0.9837,0.0138,0.9837,0.0025,168
GCF_000092785___990,Negative,1.0,0.0,1.0,0.0,277
GCF_000092785___991,Negative,0.9922,0.0078,0.9922,0.0,290
GCF_000092785___992,Negative,0.4273,0.0008,0.4273,0.5719,291
GCF_000092785___993,Negative,0.9957,0.0,0.9957,0.0043,362
GCF_000092785___994,Inc-protein,0.9941,0.9941,0.0,0.0059,535
GCF_000092785___995,Negative,0.7866,0.0002,0.7866,0.2132,359
GCF_000092785___996,Negative,0.9657,0.0,0.9657,0.0343,239
GCF_000092785___997,Negative,0.4471,0.0,0.4471,0.5529,635
GCF_000092785___998,Negative,0.9621,0.0371,0.9621,0.0007,509
GCF_000092785___999,Negative,0.3532,0.6461,0.3532,0.0006,432
GCF_000092785___1000,Negative,0.9991,0.0,0.9991,0.0008,69
GCF_000092785___1001,Negative,0.9844,0.0004,0.9844,0.0152,52
GCF_000092785___1002,Negative,0.849,0.0004,0.849,0.1506,58
GCF_000092785___1003,Negative,0.9972,0.0026,0.0002,0.9972,502
GCF_000092785___1004,Negative,0.7619,1e-04,0.7619,0.238,137
GCF_000092785___1005,Negative,0.9378,0.0621,0.9378,1e-04,226
GCF_000092785___1006,Negative,0.9836,0.0164,0.9836,0.0,216
GCF_000092785___1007,Negative,0.8837,0.0958,0.0205,0.8837,131
GCF_000092785___1008,Negative,0.2641,0.0004,0.2641,0.7355,709
GCF_000092785___1009,Negative,0.991,0.0,0.991,0.009,855
GCF_000092785___1010,Negative,0.4137,0.0,0.4137,0.5863,294
GCF_000092785___1011,Negative,0.986,0.0,0.986,0.014,279
GCF_000092785___1012,Negative,0.9938,0.0002,0.9938,0.006,64
GCF_000092785___1013,Negative,0.9993,0.0007,0.0,0.9993,972
GCF_000092785___1014,Negative,0.6603,0.011,0.6603,0.3287,100
GCF_000092785___1015,Negative,0.9946,0.0,0.9946,0.0054,351
GCF_000092785___1016,Negative,0.9962,0.0037,0.0,0.9962,783
GCF_000092785___1017,Negative,0.999,0.0,0.999,0.001,307
GCF_000092785___1018,Negative,0.9789,1e-04,0.9789,0.021,407
GCF_000092785___1019,Negative,0.9998,0.0,0.9998,0.0002,555
GCF_000092785___1020,Negative,0.9959,0.0,0.9959,0.0041,494
GCF_000092785___1021,Negative,0.9667,0.0038,0.0295,0.9667,128
GCF_000092785___1022,Negative,0.9323,0.0014,0.0663,0.9323,113
GCF_000092785___1023,Negative,0.9582,1e-04,0.9582,0.0417,150
GCF_000092785___1024,Negative,0.9969,0.0,0.9969,0.003,339
GCF_000092785___1025,Negative,0.9958,0.0,0.9958,0.0042,675
GCF_000092785___1026,Negative,0.934,0.0595,0.0065,0.934,319
GCF_000092785___1027,Negative,0.9964,0.0,0.9964,0.0036,86
GCF_000092785___1028,Negative,0.9971,0.0,0.9971,0.0029,310
GCF_000092785___1029,Negative,0.9134,0.0004,0.9134,0.0862,204
GCF_000092785___1030,Negative,0.9988,0.0,0.9988,0.0012,223
GCF_000092785___1031,Negative,0.966,0.034,0.966,0.0,105
GCF_000092785___1032,Negative,0.9724,0.0002,0.9724,0.0273,244
GCF_000092785___1033,Negative,0.9207,0.0002,0.9207,0.079,137
GCF_000092785___1034,Negative,0.9306,0.0041,0.9306,0.0653,702
GCF_000092785___1035,Negative,0.9344,0.0029,0.9344,0.0627,417
GCF_000092785___1036,Negative,0.9887,1e-04,0.0112,0.9887,504
GCF_000092785___1037,Negative,0.9992,0.0007,1e-04,0.9992,635
GCF_000092785___1038,Negative,0.999,0.0,0.999,0.001,456
GCF_000092785___1039,Negative,0.6478,0.0002,0.6478,0.352,264
GCF_000092785___1040,Negative,0.8683,0.0,0.8683,0.1317,548
GCF_000092785___1041,Negative,0.7195,0.0015,0.7195,0.279,201
GCF_000092785___1042,Negative,0.9823,0.0011,0.0166,0.9823,194
GCF_000092785___1043,Negative,0.9996,0.0,0.9996,0.0004,165
GCF_000092785___1044,Negative,0.9948,0.0,0.9948,0.0052,399
GCF_000092785___1045,Negative,0.8691,0.008,0.8691,0.1228,849
GCF_000092785___1046,Negative,0.9924,0.0075,0.9924,1e-04,414
GCF_000092785___1047,Negative,0.9941,0.0,0.9941,0.0059,113
GCF_000092785___1048,Negative,0.3673,1e-04,0.3673,0.6326,212
GCF_000092785___1049,Negative,0.8562,0.0,0.8562,0.1438,413
GCF_000092785___1050,Negative,0.8123,0.0002,0.8123,0.1875,391
GCF_000092785___1051,Negative,0.9995,0.0,0.9995,0.0005,124
GCF_000092785___1052,Negative,0.8928,0.0004,0.8928,0.1068,146
GCF_000092785___1053,Negative,0.9995,1e-04,0.9995,0.0004,48
GCF_000092785___1054,Negative,0.9985,1e-04,0.9985,0.0014,254
GCF_000092785___1055,Negative,0.9991,0.0008,0.9991,0.0,498
GCF_000092785___1056,Negative,0.9857,0.0143,0.9857,0.0,194
GCF_000092785___1057,Inc-protein,0.8459,0.8459,0.154,1e-04,328
GCF_000092785___1058,Negative,0.9995,0.0005,0.9995,0.0,150
GCF_000092785___1059,Negative,0.9952,0.0045,0.0004,0.9952,494
GCF_000092785___1060,Negative,0.9951,1e-04,0.0048,0.9951,320
GCF_000092785___1061,Negative,0.968,0.032,0.968,0.0,313
GCF_000092785___1062,Negative,0.9968,0.0,0.9968,0.0032,245
GCF_000092785___1063,Negative,0.9989,0.0,0.9989,0.0011,538
GCF_000092785___1064,Negative,0.9991,0.0,0.9991,0.0009,148
GCF_000092785___1065,Negative,0.855,0.0002,0.855,0.1448,149
GCF_000092785___1066,Negative,0.7539,0.0,0.7539,0.246,272
GCF_000092785___1067,Negative,0.9235,1e-04,0.9235,0.0765,301
GCF_000092785___1068,Negative,0.972,0.0,0.972,0.028,417
GCF_000092785___1069,Negative,0.9529,0.0,0.9529,0.0471,432
GCF_000092785___1070,Negative,0.9989,0.0,0.9989,0.0011,355
GCF_000092785___1071,Negative,0.9346,0.0,0.9346,0.0654,411
GCF_000092785___1072,Negative,0.9784,0.0,0.9784,0.0216,311
GCF_000092785___1073,Negative,0.6897,0.0006,0.6897,0.3097,283
GCF_000092785___1074,Negative,0.9164,0.0002,0.9164,0.0834,302
GCF_000092785___1075,Negative,0.9593,0.0406,0.9593,0.0,72
GCF_000092785___1076,Negative,0.9945,0.0055,0.9945,0.0,272
GCF_000092785___1077,Negative,0.9966,0.0034,0.9966,0.0,77
GCF_000092785___1078,Negative,0.7579,0.242,0.7579,0.0,159
GCF_000092785___1079,Negative,0.9316,0.0,0.0683,0.9316,182
GCF_000092785___1080,Negative,0.989,0.0,0.989,0.011,507
GCF_000092785___1081,Negative,0.9419,0.0014,0.9419,0.0567,280
GCF_000092785___1082,Negative,0.9973,0.0,0.9973,0.0027,465
GCF_000092785___1083,Negative,0.9358,1e-04,0.9358,0.0641,134
GCF_000092785___1084,Negative,0.9991,0.0008,0.0,0.9991,261
GCF_000092785___1085,Negative,0.9996,0.0003,0.0,0.9996,646
GCF_000092785___1086,Negative,0.9971,0.0,0.9971,0.0029,515
GCF_000092785___1087,Negative,0.3395,0.0,0.3395,0.6604,325
GCF_000092785___1088,Negative,0.9982,0.0,0.9982,0.0018,253
GCF_000092785___1089,Negative,0.9967,0.0,0.9967,0.0033,239
GCF_000092785___1090,Negative,0.9999,1e-04,0.9999,0.0,1005
GCF_000092785___1091,Negative,0.9953,0.0,0.9953,0.0047,131
GCF_000092785___1092,Negative,0.9997,0.0,0.9997,0.0002,339
GCF_000092785___1093,Negative,0.9997,0.0,0.9997,0.0003,51
GCF_000092785___1094,Negative,0.9998,1e-04,0.9998,1e-04,680
GCF_000092785___1095,Negative,0.9431,0.0002,0.9431,0.0567,223
GCF_000092785___1096,Negative,0.9755,0.0,0.9755,0.0245,482
GCF_000092785___1097,Negative,0.9772,0.0223,0.9772,0.0005,347
GCF_000092785___1098,Negative,0.9991,0.0,0.9991,0.0009,324
GCF_000092785___1099,Negative,0.9981,0.0,0.9981,0.0019,382
GCF_000092785___1100,Negative,0.8577,0.0,0.8577,0.1423,463
GCF_000092785___1101,Negative,0.9999,0.0,0.9999,1e-04,397
GCF_000092785___1102,Negative,0.9996,0.0,0.9996,0.0004,340
GCF_000092785___1103,Negative,0.2497,0.7459,0.2497,0.0044,121
GCF_000092785___1104,Negative,0.9961,0.0,0.9961,0.0039,130
GCF_000092785___1105,Negative,0.828,0.1719,0.828,1e-04,778
GCF_000092785___1106,Negative,0.9956,0.0,0.0044,0.9956,406
GCF_000092785___1107,Negative,0.5516,1e-04,0.5516,0.4483,174
GCF_000092785___1108,Negative,0.9727,0.0273,0.9727,0.0,96
GCF_000092785___1109,Negative,0.9997,0.0,0.9997,0.0003,254
GCF_000092785___1110,Negative,0.9971,0.0,0.9971,0.0029,457
GCF_000092785___1111,Negative,0.9867,1e-04,0.9867,0.0133,82
GCF_000092785___1112,Negative,0.9716,0.0,0.9716,0.0284,280
GCF_000092785___1113,Negative,0.9306,0.0012,0.9306,0.0682,40
GCF_000092785___1114,Negative,0.5232,0.0002,0.5232,0.4766,520
GCF_000092785___1115,Negative,0.9787,0.0,0.9787,0.0213,240
GCF_000092785___1116,Negative,0.7631,0.0009,0.7631,0.236,121
GCF_000092785___1117,Negative,0.9347,0.0,0.9347,0.0653,193
GCF_000092785___1118,Negative,0.9922,0.0006,0.0072,0.9922,555
GCF_000092785___1119,Negative,0.9567,0.0009,0.9567,0.0424,698
GCF_000092785___1120,Negative,0.9976,0.0,0.9976,0.0024,449
GCF_000092785___1121,Negative,0.9069,1e-04,0.9069,0.093,294
GCF_000092785___1122,Negative,0.9515,0.0485,0.9515,0.0,214
GCF_000092785___1123,Negative,0.9839,0.016,0.9839,1e-04,172
GCF_000092785___1124,Negative,0.8464,0.0032,0.1504,0.8464,172
GCF_000092785___1125,Negative,0.9965,0.0,0.9965,0.0035,282
GCF_000092785___1126,Negative,0.935,0.0,0.935,0.065,291
GCF_000092785___1127,Negative,0.9354,1e-04,0.9354,0.0645,167
GCF_000092785___1128,Negative,0.8743,0.0056,0.1201,0.8743,86
GCF_000092785___1129,Negative,0.8424,0.0011,0.1565,0.8424,113
GCF_000092785___1130,Negative,0.2168,1e-04,0.2168,0.7831,464
GCF_000092785___1131,Negative,0.8519,1e-04,0.8519,0.148,346
GCF_000092785___1132,Negative,0.9292,0.0,0.9292,0.0708,373
GCF_000092785___1133,Negative,0.996,0.0,0.996,0.004,160
GCF_000092785___1134,Negative,0.9736,0.0,0.9736,0.0264,141
GCF_000092785___1135,Negative,0.2024,0.7972,0.2024,0.0004,154
GCF_000092785___1136,Negative,0.7323,0.2675,0.7323,0.0002,368
GCF_000092785___1137,Negative,0.9914,0.0,0.9914,0.0086,122
GCF_000092785___1138,Negative,0.965,0.0,0.965,0.0349,77
GCF_000092785___1139,Negative,0.9978,0.0,0.9978,0.0022,250
GCF_000092785___1140,Negative,0.9963,0.0,0.9963,0.0037,316
GCF_000092785___1141,Negative,0.9994,0.0,0.9994,0.0006,331
GCF_000092785___1142,Negative,0.9929,1e-04,0.9929,0.007,200
GCF_000092785___1143,Negative,0.9261,0.0005,0.9261,0.0733,818
GCF_000092785___1144,Negative,0.5548,0.0025,0.5548,0.4427,182
GCF_000092785___1145,Negative,0.9046,1e-04,0.9046,0.0954,347
GCF_000092785___1146,Negative,0.6998,0.0151,0.6998,0.2851,93
GCF_000092785___1147,Negative,0.2665,0.0013,0.2665,0.7322,87
GCF_000092785___1148,Negative,0.9711,0.0,0.9711,0.0289,362
GCF_000092785___1149,Negative,0.9383,0.0,0.9383,0.0617,232
GCF_000092785___1150,Negative,0.0114,0.3308,0.0114,0.6578,267
GCF_000092785___1151,Negative,0.9316,1e-04,0.9316,0.0683,431
GCF_000092785___1152,Negative,0.9998,0.0,0.9998,0.0002,327
GCF_000092785___1153,Negative,0.9939,0.0002,0.9939,0.0059,342
GCF_000092785___1154,Negative,0.5427,0.0008,0.5427,0.4565,213
GCF_000092785___1155,Negative,0.9965,0.0035,0.9965,0.0,411
GCF_000092785___1156,Negative,0.9997,1e-04,1e-04,0.9997,930
GCF_000092785___1157,Negative,0.9993,0.0,0.9993,0.0007,121
GCF_000092785___1158,Negative,0.9189,0.001,0.0801,0.9189,86
GCF_000092785___1159,Negative,0.9958,0.0,0.9958,0.0042,225
GCF_000092785___1160,Negative,0.9546,0.0012,0.9546,0.0441,144
GCF_000092785___1161,Negative,0.7871,0.2128,0.7871,0.0,341
GCF_000092785___1162,Negative,0.6694,0.3306,0.6694,0.0,154
GCF_000092785___1163,Negative,0.964,0.0326,0.964,0.0034,735
GCF_000092785___1164,Negative,0.9975,0.0,0.9975,0.0025,429
GCF_000092785___1165,Negative,0.9879,0.0005,0.9879,0.0116,579
GCF_000092785___1166,Negative,0.9707,0.0016,0.9707,0.0277,767
GCF_000092785___1167,Negative,0.9838,0.0035,0.0127,0.9838,491
GCF_000092785___1168,Negative,0.3349,1e-04,0.3349,0.665,626
GCF_000092785___1169,Negative,0.9151,0.0004,0.0844,0.9151,376
GCF_000092785___1170,Negative,0.9891,0.0106,0.9891,0.0003,274
GCF_000092785___1171,Negative,0.9992,0.0,0.9992,0.0008,252
GCF_000092785___1172,Negative,0.9977,0.0002,0.9977,0.0021,371
GCF_000092785___1173,Negative,0.8852,0.0023,0.8852,0.1125,189
GCF_000092785___1174,Negative,0.9987,0.0,0.9987,0.0013,128
GCF_000092785___1175,Negative,0.9998,0.0,0.9998,0.0002,151
GCF_000092785___1176,Negative,0.9926,0.0,0.9926,0.0074,439
GCF_000092785___1177,Negative,0.8913,1e-04,0.8913,0.1087,205
GCF_000092785___1178,Negative,0.9255,0.0,0.9255,0.0745,665
GCF_000092785___1179,Negative,0.9561,0.0038,0.0401,0.9561,322
GCF_000092785___1180,Negative,0.9878,0.0,0.9878,0.0122,433
GCF_000092785___1181,Negative,0.4543,0.0005,0.4543,0.5452,400
GCF_000092785___1182,Negative,0.8555,0.1438,0.8555,0.0007,135
GCF_000092785___1183,Negative,0.9804,0.0,0.9804,0.0196,231
GCF_000092785___1184,Negative,0.9387,0.0004,0.9387,0.0609,434
GCF_000092785___1185,Negative,0.986,0.0,0.986,0.014,246
GCF_000092785___1186,Negative,0.9972,0.0003,0.9972,0.0025,184
GCF_000092785___1187,Negative,0.3492,1e-04,0.3492,0.6508,329
GCF_000092785___1188,Negative,0.9956,0.0044,0.0,0.9956,543
GCF_000092785___1189,Inc-protein,0.9435,0.9435,0.0548,0.0017,278
GCF_000092785___1190,Negative,0.9974,0.0,0.9974,0.0025,388
GCF_000092785___1191,Negative,0.9988,0.0,0.9988,0.0011,329
GCF_000092785___1192,Negative,0.995,0.0,0.995,0.005,228
GCF_000092785___1193,Negative,0.9981,0.0,0.9981,0.0019,212
GCF_000092785___1194,Negative,0.929,0.0002,0.0708,0.929,394
GCF_000092785___1195,Negative,0.9967,1e-04,0.0033,0.9967,466
GCF_000092785___1196,Negative,0.983,0.0028,0.0142,0.983,284
GCF_000092785___1197,Negative,0.9992,0.0008,0.0,0.9992,327
GCF_000092785___1198,Negative,0.985,0.0,0.985,0.015,87
GCF_000092785___1199,Negative,0.9993,0.0006,1e-04,0.9993,370
GCF_000092785___1200,Negative,0.9986,0.0,0.9986,0.0014,221
GCF_000092785___1201,Negative,0.4434,0.0948,0.4434,0.4618,237
GCF_000092785___1202,Inc-protein,0.9543,0.9543,0.0037,0.042,181
GCF_000092785___1203,Negative,0.9995,0.0003,0.0002,0.9995,436
GCF_000092785___1204,Negative,0.9656,0.0078,0.0266,0.9656,122
GCF_000092785___1205,Negative,0.9815,0.0,0.9815,0.0184,81
GCF_000092785___1206,Negative,0.9271,0.0136,0.9271,0.0593,59
GCF_000092785___1207,Negative,0.9646,0.0,0.9646,0.0354,204
GCF_000092785___1208,Negative,0.9885,0.0,0.9885,0.0115,306
GCF_000092785___1209,Negative,0.9984,0.0016,0.9984,0.0,475
GCF_000092785___1210,Negative,0.9987,0.0012,0.9987,0.0,695
GCF_000092785___1211,Negative,0.9907,0.0093,0.9907,1e-04,471
GCF_000092785___1212,Negative,0.9963,1e-04,0.0037,0.9963,303
GCF_000092785___1213,Negative,0.9966,0.0,0.9966,0.0033,194
GCF_000092785___1214,Negative,0.9984,1e-04,0.9984,0.0014,142
GCF_000092785___1215,Inc-protein,0.9932,0.9932,0.0,0.0068,501
GCF_000092785___1216,Negative,0.9056,1e-04,0.0942,0.9056,621
GCF_000092785___1217,Negative,0.7476,0.2523,0.7476,0.0,48
GCF_000092785___1218,Negative,0.9772,0.0,0.9772,0.0228,62
GCF_000092785___1219,Negative,0.9542,1e-04,0.9542,0.0457,635
GCF_000092785___1220,Negative,0.6639,0.0002,0.6639,0.336,341
GCF_000092785___1221,Negative,0.3438,0.0002,0.3438,0.6559,333
GCF_000092785___1222,Negative,0.9964,0.0,0.9964,0.0036,714
GCF_000092785___1223,Negative,0.9981,0.0,0.9981,0.0019,425
GCF_000092785___1224,Negative,0.9258,0.0002,0.9258,0.0741,587
GCF_000092785___1225,Negative,0.9994,0.0002,0.0004,0.9994,197
GCF_000092785___1226,Negative,0.9711,0.0,0.9711,0.0289,362
GCF_000092785___1227,Negative,0.9979,0.0021,0.9979,0.0,403
GCF_000092785___1228,Negative,0.492,0.0136,0.492,0.4944,79
GCF_000092785___1229,Negative,0.6985,0.0014,0.6985,0.3001,275
GCF_000092785___1230,Negative,0.8842,0.0,0.8842,0.1158,1010
GCF_000092785___1231,Negative,0.9962,0.0,0.9962,0.0038,588
GCF_000092785___1232,Negative,0.9376,0.0005,0.062,0.9376,191
GCF_000092785___1233,Negative,0.9992,0.0002,0.0006,0.9992,922
GCF_000092785___1234,Negative,0.9775,0.0002,0.0223,0.9775,187
GCF_000092785___1235,Negative,0.9486,0.0002,0.0512,0.9486,176
GCF_000092785___1236,Negative,0.9918,0.0058,0.0024,0.9918,157
GCF_000092785___1237,Negative,0.8672,0.0002,0.1326,0.8672,415
GCF_000092785___1238,Negative,0.9697,1e-04,0.0301,0.9697,557
GCF_000092785___1239,Negative,0.9966,0.0,0.9966,0.0034,1910
GCF_000092785___1240,Negative,0.9963,0.0007,0.0031,0.9963,389
GCF_000092785___1241,Negative,1.0,0.0,0.0,1.0,440
GCF_000092785___1242,Negative,0.9993,0.0006,0.0002,0.9993,494
GCF_000092785___1243,Negative,0.9989,0.0,0.9989,0.0011,480
GCF_000092785___1244,Negative,0.9926,0.0,0.0073,0.9926,272
GCF_000092785___1245,Negative,0.8415,0.0,0.1584,0.8415,292
GCF_000092785___1246,Negative,0.8342,0.0003,0.8342,0.1655,247
GCF_000092785___1247,Inc-protein,0.9409,0.9409,0.0574,0.0016,532
GCF_000092785___1248,Negative,0.9805,0.0,0.9805,0.0195,380
GCF_000092785___1249,Negative,0.6318,0.0015,0.6318,0.3667,148
GCF_000092785___1250,Negative,0.9984,0.0,0.9984,0.0016,405
GCF_000092785___1251,Negative,0.959,0.0,0.959,0.041,170
GCF_000092785___1252,Negative,0.9983,0.0,0.9983,0.0017,343
GCF_000092785___1253,Negative,0.8843,0.0,0.8843,0.1157,456
GCF_000092785___1254,Negative,0.9546,0.0007,0.9546,0.0447,178
GCF_000092785___1255,Negative,0.842,0.1579,0.842,0.0,117
GCF_000092785___1256,Negative,0.4122,0.0024,0.4122,0.5854,139
GCF_000092785___1257,Negative,0.9896,0.0,0.0104,0.9896,956
GCF_000092785___1258,Negative,0.8918,0.0,0.8918,0.1081,269
GCF_000092785___1259,Inc-protein,0.9988,0.9988,1e-04,0.0011,432
GCF_000092785___1260,Negative,0.9703,0.0002,0.0295,0.9703,570
GCF_000092785___1261,Negative,0.9989,1e-04,0.001,0.9989,646
GCF_000092785___1262,Negative,0.9843,1e-04,0.9843,0.0157,948
GCF_000092785___1263,Negative,0.8227,0.0002,0.1771,0.8227,343
GCF_000092785___1264,Negative,0.9957,0.0043,0.9957,0.0,462
GCF_000092785___1265,Negative,0.9989,0.0011,0.9989,0.0,455
GCF_000092785___1266,Negative,0.9906,0.0093,0.9906,0.0,106
GCF_000092785___1267,Negative,0.9977,0.0023,0.9977,0.0,91
GCF_000092785___1268,Negative,1.0,0.0,1.0,0.0,108
GCF_000092785___1269,Negative,0.9977,0.0023,0.9977,0.0,492
GCF_000092785___1270,Negative,0.9996,0.0004,0.9996,0.0,111
GCF_000092785___1271,Negative,0.9993,0.0007,0.9993,0.0,905
GCF_000092785___1272,Negative,0.2093,0.0006,0.2093,0.7901,493
GCF_000092785___1273,Negative,0.9693,0.0,0.9693,0.0307,365
GCF_000092785___1274,Negative,0.7801,0.0004,0.7801,0.2195,148
GCF_000092785___1275,Negative,0.9995,0.0,0.0005,0.9995,461
GCF_000092785___1276,Negative,0.9981,0.0,0.9981,0.0019,228
GCF_000092785___1277,Negative,0.8871,0.1114,0.8871,0.0015,664
GCF_000092785___1278,Negative,0.9992,0.0,0.9992,0.0008,108
GCF_000092785___1279,Negative,0.97,1e-04,0.97,0.03,341
GCF_000092785___1280,Negative,0.2282,0.0009,0.2282,0.7708,331
GCF_000092785___1281,Negative,0.9873,0.0,0.9873,0.0127,110
GCF_000092785___1282,Negative,0.9946,0.0,0.9946,0.0054,427
GCF_000092785___1283,Negative,0.3236,0.0004,0.3236,0.676,109
GCF_000092785___1284,Negative,0.9975,0.0,0.9975,0.0025,251
GCF_000092785___1285,Negative,0.9988,0.0,0.9988,0.0012,231
GCF_000092785___1286,Negative,0.9993,0.0,0.9993,0.0007,137
GCF_000092785___1287,Negative,0.9878,0.0,0.9878,0.0122,99
GCF_000092785___1288,Negative,0.9577,1e-04,0.9577,0.0423,602
GCF_000092785___1289,Negative,0.9952,0.0,0.9952,0.0048,106
GCF_000092785___1290,Negative,0.9996,0.0,0.9996,0.0004,541
GCF_000092785___1291,Negative,0.2718,0.0041,0.2718,0.7241,251
GCF_000092785___1292,Negative,0.3579,0.0005,0.3579,0.6417,152
GCF_000092785___1293,Negative,0.9999,0.0,0.9999,1e-04,40
GCF_000092785___1294,Negative,0.9987,0.0003,0.9987,0.001,45
GCF_000092785___1295,Negative,0.9986,0.0,0.9986,0.0014,100
GCF_000092785___1296,Negative,0.9722,0.0009,0.9722,0.0269,114
GCF_000092785___1297,Negative,0.9659,0.0317,0.0024,0.9659,240
GCF_000092785___1298,Negative,0.6328,0.0004,0.6328,0.3668,125
GCF_000092785___1299,Negative,0.9697,0.0063,0.0239,0.9697,308
GCF_000092785___1300,Negative,0.9771,0.0,0.9771,0.0229,841
GCF_000092785___1301,Negative,0.9964,1e-04,0.9964,0.0035,81
GCF_000092785___1302,Negative,0.9639,0.002,0.9639,0.034,195
GCF_000092785___1303,Negative,0.9671,0.0101,0.0228,0.9671,248
GCF_000092785___1304,Negative,0.9958,0.0,0.0041,0.9958,230
GCF_000092785___1305,Negative,0.9341,0.0,0.9341,0.0659,743
GCF_000092785___1306,Negative,0.9948,0.0051,0.9948,1e-04,58
GCF_000092785___1307,Negative,0.9936,0.0,0.9936,0.0064,525
GCF_000092785___1308,Negative,0.8114,0.0045,0.8114,0.1841,236
GCF_000092785___1309,Negative,0.2064,0.0013,0.2064,0.7922,118
GCF_000092785___1310,Negative,0.3018,0.0014,0.3018,0.6968,183
GCF_000092785___1311,Negative,0.4799,0.0,0.4799,0.5201,1495
GCF_000092785___1312,Negative,0.9604,1e-04,0.9604,0.0394,107
GCF_000092785___1313,Negative,0.8194,0.1779,0.8194,0.0028,550
GCF_000092785___1314,Negative,0.9758,0.0,0.9758,0.0242,481
GCF_000092785___1315,Negative,0.9706,0.0,0.9706,0.0293,914
GCF_000092785___1316,Negative,0.9751,0.0004,0.0245,0.9751,146
GCF_000092785___1317,Negative,0.7137,1e-04,0.7137,0.2863,139
GCF_000092785___1318,Negative,0.9966,0.0,0.9966,0.0034,416
GCF_000092785___1319,Negative,0.998,0.0,0.998,0.002,114
GCF_000092785___1320,Negative,0.9002,1e-04,0.9002,0.0997,200
GCF_000092785___1321,Negative,0.9408,0.0,0.9408,0.0592,729
GCF_000092785___1322,Negative,0.996,0.0,0.996,0.004,122
GCF_000092785___1323,Negative,0.9996,0.0002,0.0002,0.9996,516
GCF_000092785___1324,Negative,0.8268,0.0005,0.8268,0.1727,345
GCF_000092785___1325,Negative,0.9891,1e-04,0.9891,0.0108,329
GCF_000092785___1326,Negative,0.831,0.0,0.831,0.169,129
GCF_000092785___1327,Negative,0.9782,1e-04,0.9782,0.0217,108
GCF_000092785___1328,Negative,0.9383,0.0177,0.9383,0.044,256
GCF_000092785___1329,Negative,0.9939,0.0,0.9939,0.0061,447
GCF_000092785___1330,Negative,0.8846,1e-04,0.8846,0.1153,349
GCF_000092785___1331,Negative,0.9955,0.0042,0.9955,0.0003,371
GCF_000092785___1332,Negative,0.9902,0.0002,0.9902,0.0096,232
GCF_000092785___1333,Negative,0.9976,0.0,0.9976,0.0023,415
GCF_000092785___1334,Negative,0.9925,0.0072,0.9925,0.0003,401
GCF_000092785___1335,Negative,0.9603,0.0397,0.9603,0.0,377
GCF_000092785___1336,Negative,0.9997,0.0,0.9997,0.0003,299
GCF_000092785___1337,Negative,0.817,0.0008,0.817,0.1822,418
GCF_000092785___1338,Negative,0.9875,1e-04,0.9875,0.0124,284
GCF_000092785___1339,Negative,0.9908,0.0,0.9908,0.0092,531
GCF_000092785___1340,Negative,0.4003,0.0035,0.4003,0.5961,424
GCF_000092785___1341,Negative,0.9767,0.0221,0.9767,0.0012,338
GCF_000092785___1342,Negative,0.992,0.0,0.992,0.0079,245
GCF_000092785___1343,Inc-protein,0.989,0.989,0.0,0.011,484
GCF_000092785___1344,Negative,0.6463,0.0007,0.6463,0.3529,53
GCF_000092785___1345,Negative,0.9664,0.0042,0.0294,0.9664,401
GCF_000092785___1346,Negative,0.8247,0.0,0.8247,0.1753,122
GCF_000092785___1347,Negative,0.9978,0.0022,0.9978,0.0,460
GCF_000092785___1348,Negative,0.9999,0.0,0.9999,1e-04,259
GCF_000092785___1349,Negative,0.8693,0.0,0.8693,0.1306,577
GCF_000092785___1350,Negative,0.94,0.0,0.94,0.06,390
GCF_000092785___1351,Negative,0.2195,0.004,0.2195,0.7766,145
GCF_000092785___1352,Negative,0.2348,0.0009,0.2348,0.7644,288
GCF_000092785___1353,Negative,0.9495,0.0006,0.9495,0.0499,265
GCF_000092785___1354,Negative,0.9418,0.0531,0.9418,0.0051,723
GCF_000092785___1355,Negative,0.9855,0.0,0.9855,0.0145,322
GCF_000092785___1356,Negative,0.3003,0.0019,0.3003,0.6979,231
GCF_000092785___1357,Negative,0.9906,0.0,0.9906,0.0093,99
GCF_000092785___1358,Negative,0.9952,0.0,0.9952,0.0048,46
GCF_000092785___1359,Negative,0.9646,0.0,0.9646,0.0353,253
GCF_000092785___1360,Negative,0.997,0.0004,0.997,0.0026,92
GCF_000092785___1361,Negative,0.997,0.0002,0.997,0.0028,86
GCF_000092785___1362,Negative,0.1377,0.1672,0.1377,0.695,156
GCF_000092785___1363,Negative,0.9773,0.0,0.9773,0.0227,452
GCF_000092785___1364,Negative,0.9472,1e-04,0.9472,0.0527,104
GCF_000092785___1365,Negative,0.3153,0.0004,0.3153,0.6843,572
GCF_000092785___1366,Negative,0.9926,0.0,0.9926,0.0074,89
GCF_000092785___1367,Negative,0.9118,0.0,0.9118,0.0882,324
GCF_000092785___1368,Negative,0.8531,1e-04,0.1468,0.8531,269
GCF_000092785___1369,Negative,0.8772,0.0013,0.1214,0.8772,209
GCF_000092785___1370,Negative,0.5917,0.3758,0.5917,0.0324,479
GCF_000092785___1371,Negative,0.996,0.004,0.996,0.0,259
GCF_000092785___1372,Negative,0.8425,0.1541,0.8425,0.0034,827
GCF_000092785___1373,Negative,0.9625,0.0,0.9625,0.0375,258
GCF_000092785___1374,Negative,0.9953,1e-04,0.9953,0.0046,382
GCF_000092785___1375,Negative,0.9991,0.0,0.9991,0.0009,57
GCF_000092785___1376,Negative,0.9994,0.0,0.9994,0.0006,213
GCF_000092785___1377,Negative,0.6385,0.0007,0.6385,0.3607,393
GCF_000092785___1378,Negative,0.0011,0.7775,0.0011,0.2214,722
GCF_000092785___1379,Negative,0.9952,0.004,0.0008,0.9952,497
GCF_000092785___1380,Negative,0.9998,0.0,0.9998,0.0002,830
GCF_000092785___1381,Negative,0.9298,0.0,0.9298,0.0702,172
GCF_000092785___1382,Negative,0.7978,0.1839,0.7978,0.0184,387
GCF_000092785___1383,Negative,0.9861,1e-04,0.9861,0.0138,227
GCF_000092785___1384,Negative,0.9831,0.0,0.9831,0.0169,301
GCF_000092785___1385,Negative,0.9447,0.0018,0.9447,0.0535,335
GCF_000092785___1386,Negative,0.8528,0.0115,0.8528,0.1357,328
GCF_000092785___1387,Negative,0.9981,0.0,0.9981,0.0019,526
GCF_000092785___1388,Negative,0.4374,0.0004,0.4374,0.5622,239
GCF_000092785___1389,Negative,0.9819,0.0004,0.9819,0.0177,221
GCF_000092785___1390,Negative,0.9915,0.0,0.9915,0.0085,366
GCF_000092785___1391,Negative,0.9596,0.0,0.9596,0.0404,414
GCF_000092785___1392,Negative,0.9923,0.0,0.9923,0.0077,254
GCF_000092785___1393,Negative,0.9995,0.0,0.9995,0.0005,334
GCF_000092785___1394,Negative,0.2917,0.0122,0.2917,0.6962,258
GCF_000092785___1395,Negative,0.8987,1e-04,0.8987,0.1012,494
GCF_000092785___1396,Negative,0.9997,0.0,0.9997,0.0003,196
GCF_000092785___1397,Negative,0.9966,0.0,0.9966,0.0034,284
GCF_000092785___1398,Negative,0.9995,0.0,0.0004,0.9995,403
GCF_000092785___1399,Negative,0.9667,0.0,0.9667,0.0333,139
GCF_000092785___1400,Inc-protein,0.9523,0.9523,0.0463,0.0014,159
GCF_000092785___1401,Negative,0.9986,0.0011,0.9986,0.0003,138
GCF_000092785___1402,Negative,0.9914,0.0,0.9914,0.0085,365
GCF_000092785___1403,Negative,0.9407,0.0003,0.9407,0.059,307
GCF_000092785___1404,Negative,0.9508,1e-04,0.9508,0.0492,334
GCF_000092785___1405,Negative,0.9989,0.0,0.9989,0.0011,274
GCF_000092785___1406,Negative,0.9911,0.0086,0.9911,0.0003,483
GCF_000092785___1407,Negative,0.9876,1e-04,0.0123,0.9876,567
GCF_000092785___1408,Negative,0.9334,1e-04,0.9334,0.0665,408
GCF_000092785___1409,Negative,0.8272,0.0002,0.8272,0.1726,444
GCF_000092785___1410,Negative,0.9959,0.0,0.9959,0.0041,257
GCF_000092785___1411,Negative,0.9986,0.0,0.9986,0.0014,272
GCF_000092785___1412,Negative,0.9931,0.0,0.9931,0.0069,376
GCF_000092785___1413,Negative,0.9771,0.0,0.9771,0.0229,484
GCF_000092785___1414,Negative,0.8596,0.1397,0.8596,0.0008,455
GCF_000092785___1415,Negative,0.9997,0.0,0.0003,0.9997,257
GCF_000092785___1416,Negative,0.9995,0.0,0.9995,0.0005,340
GCF_000092785___1417,Negative,0.9881,0.0002,0.0118,0.9881,91
GCF_000092785___1418,Negative,0.9496,1e-04,0.9496,0.0503,142
GCF_000092785___1419,Negative,0.9953,0.0,0.9953,0.0046,370
GCF_000092785___1420,Negative,0.9999,0.0,0.9999,1e-04,134
GCF_000092785___1421,Negative,0.9999,0.0,0.9999,1e-04,122
GCF_000092785___1422,Negative,0.9984,0.0016,0.9984,0.0,456
GCF_000092785___1423,Negative,0.9996,0.0,0.9996,0.0004,154
GCF_000092785___1424,Negative,1.0,0.0,1.0,0.0,162
GCF_000092785___1425,Negative,0.9888,0.0,0.9888,0.0112,123
GCF_000092785___1426,Negative,0.9994,0.0,0.9994,0.0006,180
GCF_000092785___1427,Negative,0.9994,0.0,0.9994,0.0006,133
GCF_000092785___1428,Negative,0.9968,0.0,0.9968,0.0032,185
GCF_000092785___1429,Negative,0.9624,0.0,0.9624,0.0376,117
GCF_000092785___1430,Negative,0.9995,0.0,0.9995,0.0005,122
GCF_000092785___1431,Negative,0.9995,0.0,0.9995,0.0005,83
GCF_000092785___1432,Negative,0.7482,0.0002,0.7482,0.2515,66
GCF_000092785___1433,Negative,1.0,0.0,1.0,0.0,139
GCF_000092785___1434,Negative,0.9992,0.0,0.9992,0.0008,215
GCF_000092785___1435,Negative,0.9989,0.0,0.9989,0.0011,116
GCF_000092785___1436,Negative,1.0,0.0,1.0,0.0,88
GCF_000092785___1437,Negative,0.9964,0.0,0.9964,0.0036,281
GCF_000092785___1438,Negative,0.9775,1e-04,0.9775,0.0224,111
GCF_000092785___1439,Negative,0.9988,0.0,0.9988,0.0012,227
GCF_000092785___1440,Negative,0.9999,0.0,0.9999,1e-04,220
GCF_000092785___1441,Negative,0.9994,0.0003,0.9994,0.0003,106
GCF_000092785___1442,Inc-protein,0.9961,0.9961,0.0003,0.0036,368
GCF_000092785___1443,Inc-protein,0.9825,0.9825,0.0027,0.0148,259
GCF_000092785___1444,Inc-protein,0.9989,0.9989,0.0004,0.0007,212
GCF_000092785___1445,Negative,0.961,1e-04,0.961,0.039,307
GCF_000092785___1446,Negative,0.8901,0.0004,0.8901,0.1095,291
GCF_000092785___1447,Negative,0.999,0.0,0.999,0.001,155
GCF_000092785___1448,Negative,0.9987,0.0,0.9987,0.0013,293
GCF_000092785___1449,Negative,0.9983,0.001,0.9983,0.0007,569
GCF_000092785___1450,Negative,0.3662,1e-04,0.3662,0.6337,153
GCF_000092785___1451,Negative,0.9312,0.0009,0.0679,0.9312,418
GCF_000092785___1452,Negative,0.9634,0.0007,0.0359,0.9634,272
GCF_000092785___1453,Negative,0.6937,0.0,0.6937,0.3063,393
GCF_000092785___1454,Negative,0.3967,0.0013,0.3967,0.602,349
GCF_000092785___1455,Negative,0.9864,0.0,0.9864,0.0136,283
GCF_000092785___1456,Negative,0.9975,0.0014,0.0011,0.9975,417
GCF_000092785___1457,Negative,0.4739,0.0191,0.4739,0.507,426
GCF_000092785___1458,Negative,0.3112,1e-04,0.3112,0.6887,144
GCF_000092785___1459,Negative,0.7715,1e-04,0.7715,0.2284,192
GCF_000092785___1460,Negative,0.5426,0.001,0.5426,0.4564,347
GCF_000092785___1461,Negative,0.9968,0.0,0.9968,0.0032,1236
GCF_000092785___1462,Negative,0.9983,0.0017,0.9983,0.0,450
GCF_000092785___1463,Negative,0.9072,0.0587,0.0341,0.9072,774
GCF_000092785___1464,Negative,0.9551,0.0,0.9551,0.0449,480
GCF_000092785___1465,Negative,0.9985,0.0,0.9985,0.0014,592
GCF_000092785___1466,Negative,0.6051,0.0013,0.6051,0.3936,250
GCF_000092785___1467,Negative,0.9989,0.0,0.9989,0.0011,154
GCF_000092785___1468,Negative,0.9585,0.0,0.9585,0.0415,108
GCF_000092785___1469,Negative,0.841,0.0035,0.1555,0.841,284
GCF_000092785___1470,Negative,0.8505,0.0,0.8505,0.1495,327
GCF_000092785___1471,Negative,0.9951,0.0034,0.9951,0.0015,103
GCF_000092785___1472,Negative,0.3865,1e-04,0.3865,0.6134,277
GCF_000092785___1473,Negative,0.9294,0.0013,0.9294,0.0694,59
GCF_000092785___1474,Negative,0.1425,0.4391,0.1425,0.4184,446
GCF_000092785___1475,Negative,0.8066,0.0088,0.1846,0.8066,55
GCF_000092785___1476,Negative,0.2476,1e-04,0.2476,0.7523,169
GCF_000092785___1477,Negative,0.2831,1e-04,0.2831,0.7168,326
GCF_000092785___1478,Negative,0.9916,0.0,0.9916,0.0084,797
GCF_000092785___1479,Negative,0.9975,0.0,0.9975,0.0025,143
GCF_000092785___1480,Negative,0.9941,0.0,0.9941,0.0059,190
GCF_000092785___1481,Negative,0.9954,0.0003,0.9954,0.0043,158
GCF_000092785___1482,Negative,0.9748,0.0,0.9748,0.0252,202
GCF_000092785___1483,Negative,0.9977,0.0,0.9977,0.0023,243
GCF_000092785___1484,Negative,0.2224,0.0021,0.2224,0.7755,408
GCF_000092785___1485,Negative,0.9998,0.0,0.9998,0.0002,275
GCF_000092785___1486,Negative,0.8816,1e-04,0.8816,0.1183,168
GCF_000092785___1487,Negative,0.9981,0.0002,0.0018,0.9981,121
GCF_000092785___1488,Negative,0.9982,0.0,0.9982,0.0018,91
GCF_000092785___1489,Negative,0.9978,0.0,0.9978,0.0022,148
GCF_000092785___1490,Negative,0.9373,0.0029,0.0597,0.9373,281
GCF_000092785___1491,Negative,0.9856,0.0,0.9856,0.0143,310
GCF_000092785___1492,Negative,0.348,0.0007,0.348,0.6513,98
GCF_000092785___1493,Negative,0.9586,0.0,0.0414,0.9586,99
GCF_000092785___1494,Negative,0.2029,0.0012,0.2029,0.7959,201
GCF_000092785___1495,Negative,0.9884,0.0,0.9884,0.0116,633
GCF_000092785___1496,Negative,0.9982,0.0,0.9982,0.0018,605
GCF_000092785___1497,Negative,0.9998,0.0,0.9998,0.0002,337
GCF_000092785___1498,Negative,0.8023,0.0,0.8023,0.1977,342
GCF_000092785___1499,Negative,0.8186,0.0034,0.178,0.8186,296
GCF_000092785___1500,Negative,0.9977,0.0,0.9977,0.0023,467
GCF_000092785___1501,Negative,0.9905,0.0,0.9905,0.0095,309
GCF_000092785___1502,Negative,0.9081,0.0912,0.9081,0.0007,449
GCF_000092785___1503,Negative,0.9944,0.0055,1e-04,0.9944,1268
GCF_000092785___1504,Negative,0.9888,0.0,0.9888,0.0112,206
GCF_000092785___1505,Negative,0.5484,0.0021,0.5484,0.4495,212
GCF_000092785___1506,Negative,0.9765,1e-04,0.9765,0.0234,461
GCF_000092785___1507,Negative,0.2731,0.0162,0.2731,0.7107,164
GCF_000092785___1508,Negative,0.9672,0.0,0.9672,0.0328,362
GCF_000092785___1509,Negative,0.9954,0.0,0.9954,0.0046,170
GCF_000092785___1510,Negative,0.9844,0.0154,0.0002,0.9844,415
GCF_000092785___1511,Negative,0.9857,0.0047,0.0096,0.9857,419
GCF_000092785___1512,Negative,0.9711,0.0,0.9711,0.0289,362
GCF_000092785___1513,Negative,0.7808,0.0,0.7808,0.2192,625
GCF_000092785___1514,Negative,0.517,0.0,0.517,0.483,914
GCF_000092785___1515,Negative,0.4226,0.0,0.4226,0.5774,1031
GCF_000092785___1516,Negative,0.9942,0.0004,0.0054,0.9942,140
GCF_000092785___1517,Negative,0.9408,0.0,0.9408,0.0592,102
GCF_000092785___1518,Negative,0.9814,0.0,0.9814,0.0186,212
GCF_000092785___1519,Negative,0.869,1e-04,0.1309,0.869,250
GCF_000092785___1520,Negative,0.2593,0.7398,0.2593,0.0009,259
GCF_000092785___1521,Negative,0.9825,0.0,0.9825,0.0175,918
GCF_000092785___1522,Negative,0.9959,0.0,0.9959,0.0041,344
GCF_000092785___1523,Negative,0.9881,0.0,0.9881,0.0119,604
GCF_000092785___1524,Negative,0.9919,0.0,0.9919,0.0081,363
GCF_000092785___1525,Negative,0.9133,0.0,0.9133,0.0866,1156
GCF_000092785___1526,Negative,0.2685,1e-04,0.2685,0.7314,440
GCF_000092785___1527,Negative,0.9948,0.0,0.9948,0.0052,215
GCF_000092785___1528,Negative,0.9987,0.0,0.9987,0.0013,415
GCF_000092785___1529,Negative,0.9492,0.0004,0.0504,0.9492,314
GCF_000092785___1530,Negative,0.989,0.0091,0.0019,0.989,1179
GCF_000092785___1531,Negative,0.884,0.0117,0.1043,0.884,415
GCF_000092785___1532,Negative,0.9643,0.0073,0.0283,0.9643,397
GCF_000092785___1533,Negative,0.9783,0.0,0.9783,0.0217,202
GCF_000092785___1534,Negative,0.9238,0.0166,0.0596,0.9238,1019
GCF_000092785___1535,Negative,0.9219,0.0,0.9219,0.078,220
GCF_000092785___1536,Inc-protein,0.9533,0.9533,1e-04,0.0466,346
GCF_000092785___1537,Negative,0.8726,0.1235,0.0039,0.8726,313
GCF_000092785___1538,Negative,0.0015,0.783,0.0015,0.2155,276
GCF_000092785___1539,Negative,0.4653,0.0002,0.4653,0.5345,125
GCF_000092785___1540,Negative,0.9191,0.0015,0.9191,0.0794,596
GCF_000092785___1541,Negative,0.9551,0.0008,0.044,0.9551,79
GCF_000092785___1542,Negative,0.7928,0.0072,0.7928,0.2,96
GCF_000092785___1543,Negative,0.3795,0.0008,0.3795,0.6198,149
GCF_000092785___1544,Negative,0.985,0.0013,0.0137,0.985,220
GCF_000092785___1545,Negative,0.9807,0.0,0.9807,0.0193,438
GCF_000092785___1546,Negative,0.9431,0.0031,0.9431,0.0538,165
GCF_000092785___1547,Negative,0.9979,0.0,0.0021,0.9979,372
GCF_000092785___1548,Negative,0.2452,1e-04,0.2452,0.7547,281
GCF_000092785___1549,Negative,0.4571,1e-04,0.4571,0.5428,165
GCF_000092785___1550,Negative,0.9704,0.0,0.0295,0.9704,524
GCF_000092785___1551,Negative,0.9485,0.0019,0.0496,0.9485,1109
GCF_000092785___1552,Negative,0.4678,0.1082,0.4678,0.424,335
GCF_000092785___1553,Negative,0.5146,0.0026,0.5146,0.4828,120
GCF_000092785___1554,Negative,0.9839,0.0153,0.9839,0.0009,610
GCF_000092785___1555,Negative,0.9902,0.0,0.9902,0.0097,454
GCF_000092785___1556,Negative,0.8263,1e-04,0.8263,0.1736,1204
GCF_000092785___1557,Negative,0.9974,0.0,0.9974,0.0026,369
GCF_000092785___1558,Negative,0.4684,0.0,0.4684,0.5315,1232
GCF_000092785___1559,Negative,0.993,1e-04,0.993,0.0069,423
GCF_000092785___1560,Negative,0.9799,0.0002,0.0199,0.9799,347
GCF_000092785___1561,Negative,0.8384,0.1529,0.0087,0.8384,445
GCF_000092785___1562,Negative,0.2511,0.7482,0.2511,0.0008,250
GCF_000092785___1563,Negative,0.3305,0.6692,0.3305,0.0003,663
GCF_000092785___1564,Negative,0.9629,0.0,0.9629,0.037,1021
GCF_000092785___1565,Negative,0.7528,0.0,0.7528,0.2472,389
GCF_000092785___1566,Negative,0.9699,0.0002,0.9699,0.0298,180
GCF_000092785___1567,Negative,0.9999,0.0,0.9999,1e-04,644
GCF_000092785___1568,Negative,0.9982,0.0,0.9982,0.0018,558
GCF_000092785___1569,Negative,1e-04,0.369,1e-04,0.6309,3644
GCF_000092785___1570,Negative,0.939,0.0004,0.939,0.0606,341
GCF_000092785___1571,Negative,0.863,0.137,0.863,0.0,109
GCF_000092785___1572,Negative,0.8784,0.0004,0.8784,0.1212,256
GCF_000092785___1573,Negative,0.9971,0.0,0.9971,0.0029,346
GCF_000092785___1574,Negative,0.9423,1e-04,0.9423,0.0576,882
GCF_000092785___1575,Negative,0.973,0.0005,0.973,0.0266,203
GCF_000092785___1576,Negative,0.996,0.0,0.996,0.004,451
GCF_000092785___1577,Negative,0.5282,0.0187,0.5282,0.4531,279
GCF_000092785___1578,Negative,0.9967,0.0,0.9967,0.0033,328
GCF_000092785___1579,Negative,1.0,0.0,1.0,0.0,81
GCF_000092785___1580,Negative,0.9965,0.0,0.9965,0.0035,127
GCF_000092785___1581,Negative,0.5807,0.0004,0.5807,0.419,326
GCF_000092785___1582,Negative,0.9966,1e-04,0.0033,0.9966,256
GCF_000092785___1583,Negative,0.9898,0.0,0.9898,0.0102,522
GCF_000092785___1584,Negative,0.3448,0.0004,0.3448,0.6549,549
GCF_000092785___1585,Negative,0.9988,0.0,0.0012,0.9988,243
GCF_000092785___1586,Negative,0.999,0.0,0.001,0.999,827
GCF_000092785___1587,Negative,0.9596,0.0,0.9596,0.0404,532
GCF_000092785___1588,Negative,0.845,1e-04,0.845,0.1549,274
GCF_000092785___1589,Negative,0.2398,1e-04,0.2398,0.7601,116
GCF_000092785___1590,Negative,0.7501,1e-04,0.7501,0.2498,163
GCF_000092785___1591,Negative,0.7156,0.0002,0.7156,0.2842,663
GCF_000092785___1592,Negative,0.7511,0.0,0.7511,0.2489,248
GCF_000092785___1593,Negative,0.8967,0.0,0.8967,0.1033,191
GCF_000092785___1594,Negative,0.9985,0.0015,0.9985,0.0,424
GCF_000092785___1595,Negative,0.9936,0.0061,0.9936,0.0003,319
GCF_000092785___1596,Negative,0.9961,0.0035,0.9961,0.0004,449
GCF_000092785___1597,Negative,0.9998,0.0,0.9998,0.0002,257
GCF_000092785___1598,Negative,0.539,0.0006,0.539,0.4604,327
GCF_000092785___1599,Negative,0.9997,0.0,0.9997,0.0003,96
GCF_000092785___1600,Negative,0.9998,0.0,0.9998,0.0002,281
GCF_000092785___1601,Negative,0.9894,0.0004,0.0102,0.9894,165
GCF_000092785___1602,Negative,0.9949,0.0049,0.9949,1e-04,515
GCF_000092785___1603,Negative,0.8637,0.0247,0.8637,0.1116,1525
GCF_000092785___1604,Negative,0.9207,0.0,0.9207,0.0793,587
GCF_000092785___1605,Negative,0.7492,0.0,0.7492,0.2508,142
GCF_000092785___1606,Negative,0.491,0.0002,0.491,0.5089,650
GCF_000092785___1607,Negative,0.9471,0.0,0.9471,0.0529,507
GCF_000092785___1608,Negative,0.2287,0.0002,0.2287,0.7711,631
GCF_000092785___1609,Negative,0.9985,0.0015,0.9985,0.0,212
GCF_000092785___1610,Negative,0.9874,0.0126,0.9874,0.0,170
GCF_000092785___1611,Negative,0.9705,0.0,0.9705,0.0295,417
GCF_000092785___1612,Negative,0.9967,0.0,0.9967,0.0033,410
GCF_000092785___1613,Negative,0.9025,0.0,0.9025,0.0974,246
GCF_000092785___1614,Negative,0.9937,0.0,0.9937,0.0063,273
GCF_000092785___1615,Negative,0.9973,0.0004,0.9973,0.0023,87
GCF_000092785___1616,Negative,0.9862,0.0,0.9862,0.0138,280
GCF_000092785___1617,Inc-protein,0.9968,0.9968,0.0004,0.0028,152
GCF_000092785___1618,Negative,0.9996,0.0002,0.9996,0.0003,43
GCF_000092785___1619,Negative,0.8751,0.0,0.8751,0.1249,126
GCF_000092785___1620,Negative,0.9728,0.0265,0.9728,0.0007,518
GCF_000092785___1621,Negative,0.9825,0.0171,0.9825,0.0004,531
GCF_000092785___1622,Negative,0.9983,0.0,0.9983,0.0017,399
GCF_000092785___1623,Negative,0.9799,0.0,0.9799,0.0201,178
GCF_000092785___1624,Negative,0.9999,0.0,0.9999,1e-04,297
GCF_000092785___1625,Negative,0.932,1e-04,0.932,0.0678,249
GCF_000092785___1626,Negative,0.9706,0.0,0.9706,0.0293,198
GCF_000092785___1627,Negative,0.9865,1e-04,0.9865,0.0134,144
GCF_000092785___1628,Negative,0.9992,0.0,0.0008,0.9992,240
GCF_000092785___1629,Negative,0.9937,0.0,0.9937,0.0063,369
GCF_000092785___1630,Negative,0.9097,1e-04,0.9097,0.0902,576
GCF_000092785___1631,Negative,0.9355,0.0645,0.9355,1e-04,702
GCF_000092785___1632,Negative,0.9274,0.0,0.9274,0.0725,262
GCF_000092785___1633,Negative,0.5138,0.373,0.5138,0.1132,255
GCF_000092785___1634,Negative,0.9662,1e-04,0.9662,0.0336,61
GCF_000092785___1635,Negative,0.998,0.0,0.998,0.0019,854
GCF_000092785___1636,Negative,0.9533,0.0009,0.0458,0.9533,159
GCF_000092785___1637,Negative,0.5421,0.0091,0.5421,0.4487,475
GCF_000092785___1638,Negative,0.9988,0.0011,0.9988,0.0,369
GCF_000092785___1639,Negative,0.999,0.0009,0.999,0.0,372
GCF_000092785___1640,Negative,0.9987,0.0,0.9987,0.0013,567
GCF_000092785___1641,Negative,0.9866,0.0003,0.9866,0.0131,296
GCF_000092785___1642,Negative,0.9656,0.0078,0.0266,0.9656,122
GCF_000092785___1643,Negative,0.9203,1e-04,0.9203,0.0796,81
GCF_000092785___1644,Negative,0.9271,0.0136,0.9271,0.0593,59
GCF_000092785___1645,Negative,0.1276,0.5236,0.1276,0.3488,275
GCF_000092785___1646,Negative,0.9998,0.0002,0.9998,0.0,505
GCF_000092785___1647,Negative,0.999,0.001,0.999,0.0,324
GCF_000092785___1648,Negative,0.9847,0.015,0.9847,0.0002,642
GCF_000092785___1649,Negative,0.1923,0.0587,0.1923,0.749,74
GCF_000092785___1650,Inc-protein,0.9999,0.9999,1e-04,0.0,180
GCF_000092785___1651,Negative,0.977,0.0,0.977,0.023,323
GCF_000092785___1652,Negative,0.9978,0.0,0.9978,0.0022,486
GCF_000092785___1653,Negative,0.9972,0.0028,0.9972,0.0,410
GCF_000092785___1654,Negative,0.9884,0.0038,0.9884,0.0078,367
GCF_000092785___1655,Negative,0.9873,0.0,0.9873,0.0127,204
GCF_000092785___1656,Negative,0.9987,0.001,0.0003,0.9987,730
GCF_000092785___1657,Inc-protein,0.9549,0.9549,0.0424,0.0028,412
GCF_000092785___1658,Negative,0.9955,0.0,0.9955,0.0045,294
GCF_000092785___1659,Negative,0.8642,1e-04,0.8642,0.1357,298
GCF_000092785___1660,Negative,0.9949,0.0,0.9949,0.0051,386
GCF_000092785___1661,Negative,0.9167,0.0002,0.9167,0.0831,132
GCF_000092785___1662,Negative,0.9909,0.0002,0.0089,0.9909,77
GCF_000092785___1663,Negative,0.9471,0.0004,0.9471,0.0525,156
GCF_000092785___1664,Negative,1e-04,0.2373,1e-04,0.7625,551
GCF_000092785___1665,Negative,0.97,0.0,0.97,0.03,214
GCF_000092785___1666,Negative,0.9616,0.0,0.9616,0.0384,272
GCF_000092785___1667,Negative,0.9955,0.0,0.9955,0.0045,268
GCF_000092785___1668,Negative,0.997,0.0,0.997,0.003,412
GCF_000092785___1669,Negative,0.4485,0.0023,0.4485,0.5493,220
GCF_000092785___1670,Negative,0.9962,0.0037,0.9962,0.0002,187
GCF_000092785___1671,Negative,0.9987,0.0,0.9987,0.0013,121
GCF_000092785___1672,Negative,0.9873,0.0,0.9873,0.0126,151
GCF_000092785___1673,Negative,1.0,0.0,0.0,1.0,940
GCF_000092785___1674,Negative,0.9933,0.0,0.9933,0.0067,341
GCF_000092785___1675,Negative,0.8749,0.125,0.8749,0.0,170
GCF_000092785___1676,Negative,0.8249,0.0008,0.8249,0.1743,112
GCF_000092785___1677,Negative,0.9995,0.0004,1e-04,0.9995,366
GCF_000092785___1678,Negative,0.2868,0.0003,0.2868,0.7129,1029
GCF_000092785___1679,Negative,0.9957,0.0,0.9957,0.0043,258
GCF_000092785___1680,Negative,0.866,0.0,0.134,0.866,284
GCF_000092785___1681,Negative,0.9977,0.0023,0.9977,0.0,129
GCF_000092785___1682,Negative,0.8867,0.1128,0.8867,0.0004,56
GCF_000092785___1683,Negative,0.8139,0.0018,0.1843,0.8139,82
GCF_000092785___1684,Negative,0.9072,0.0002,0.9072,0.0926,462
GCF_000092785___1685,Inc-protein,0.9036,0.9036,0.0905,0.0059,378
GCF_000092785___1686,Negative,0.8436,0.0003,0.8436,0.1561,225
GCF_000092785___1687,Negative,0.9853,0.0,0.9853,0.0147,269
GCF_000092785___1688,Negative,0.9987,0.0,0.9987,0.0013,156
GCF_000092785___1689,Negative,0.3995,0.0036,0.3995,0.5969,309
GCF_000092785___1690,Negative,0.9946,0.0,0.9946,0.0054,238
GCF_000092785___1691,Negative,0.9989,0.001,0.9989,1e-04,286
GCF_000092785___1692,Negative,0.9994,0.0,0.9994,0.0006,380
GCF_000092785___1693,Negative,0.9729,0.0,0.9729,0.0271,483
GCF_000092785___1694,Negative,0.9982,0.0,0.9982,0.0018,613
GCF_000092785___1695,Negative,0.9938,0.0,0.9938,0.0062,238
GCF_000092785___1696,Negative,0.9236,1e-04,0.9236,0.0763,242
GCF_000092785___1697,Negative,0.9765,0.0008,0.0227,0.9765,225
GCF_000092785___1698,Negative,0.9546,0.0003,0.0451,0.9546,264
GCF_000092785___1699,Negative,0.9678,0.0318,0.9678,0.0004,481
GCF_000092785___1700,Negative,0.9996,0.0,0.9996,0.0004,255
GCF_000092785___1701,Negative,0.9891,0.0,0.9891,0.0109,634
GCF_000092785___1702,Negative,0.9986,0.0014,0.9986,0.0,326
GCF_000092785___1703,Negative,0.869,0.0,0.869,0.1309,452
GCF_000092785___1704,Negative,0.998,0.0,0.998,0.002,204
GCF_000092785___1705,Negative,0.9749,0.0,0.9749,0.0251,202
GCF_000092785___1706,Negative,0.999,0.0,0.999,0.001,159
GCF_000092785___1707,Negative,0.9983,0.0002,0.0016,0.9983,510
GCF_000092785___1708,Negative,0.8557,1e-04,0.8557,0.1442,355
GCF_000092785___1709,Negative,0.859,0.0,0.859,0.141,446
GCF_000092785___1710,Negative,0.9678,0.0002,0.032,0.9678,474
GCF_000092785___1711,Negative,0.9968,0.0,0.9968,0.0032,332
GCF_000092785___1712,Negative,0.9994,0.0,0.0006,0.9994,427
GCF_000092785___1713,Negative,0.7162,0.2833,0.7162,0.0005,129
GCF_000092785___1714,Negative,0.919,1e-04,0.919,0.0809,502
GCF_000092785___1715,Negative,0.204,0.0071,0.204,0.7889,412
GCF_000092785___1716,Negative,0.8709,0.0007,0.8709,0.1284,387
GCF_000092785___1717,Negative,0.9883,1e-04,0.9883,0.0115,252
GCF_000092785___1718,Negative,0.6809,0.0002,0.6809,0.3189,440
GCF_000092785___1719,Negative,0.9764,0.0004,0.0232,0.9764,168
GCF_000092785___1720,Negative,0.9819,0.0007,0.0173,0.9819,303
GCF_000092785___1721,Negative,0.6209,0.0004,0.6209,0.3787,423
GCF_000092785___1722,Negative,0.838,1e-04,0.838,0.1619,285
GCF_000092785___1723,Negative,0.5637,0.4297,0.5637,0.0067,390
GCF_000092785___1724,Negative,0.9862,0.0,0.9862,0.0138,280
GCF_000092785___1725,Negative,0.9973,0.0004,0.9973,0.0023,87
GCF_000092785___1726,Negative,0.6966,0.0028,0.6966,0.3006,426
GCF_000092785___1727,Negative,0.5811,1e-04,0.5811,0.4188,603
GCF_000092785___1728,Negative,0.9998,1e-04,1e-04,0.9998,1805
GCF_000092785___1729,Negative,0.9973,0.0016,0.0011,0.9973,1105
GCF_000092785___1730,Negative,0.9997,0.0003,0.9997,0.0,1014
GCF_000092785___1731,Negative,0.9453,0.0005,0.9453,0.0541,359
GCF_000092785___1732,Negative,0.9628,0.0002,0.9628,0.037,483
GCF_000092785___1733,Negative,0.8399,0.1596,0.8399,0.0005,432
GCF_000092785___1734,Negative,0.9845,1e-04,0.9845,0.0155,119
GCF_000092785___1735,Negative,0.9732,1e-04,0.9732,0.0267,115
GCF_000092785___1736,Negative,0.7708,0.0003,0.7708,0.2289,413
GCF_000092785___1737,Negative,0.9982,0.0,0.9982,0.0018,440
GCF_000092785___1738,Negative,0.9883,0.0,0.9883,0.0117,364
GCF_000092785___1739,Negative,0.9742,0.0,0.9742,0.0258,542
GCF_000092785___1740,Negative,0.8479,1e-04,0.8479,0.1521,868
GCF_000092785___1741,Negative,0.9709,0.0016,0.9709,0.0275,478
GCF_000092785___1742,Negative,0.9999,1e-04,0.9999,0.0,1039
GCF_000092785___1743,Negative,0.9966,0.0,0.9966,0.0034,369
GCF_000092785___1744,Negative,0.6536,0.0003,0.6536,0.3461,122
GCF_000092785___1745,Negative,0.8615,0.0003,0.8615,0.1382,277
GCF_000092785___1746,Negative,0.295,0.0006,0.295,0.7045,162
GCF_000092785___1747,Negative,0.4891,0.0012,0.4891,0.5097,183
GCF_000092785___1748,Negative,0.9884,0.0,0.0116,0.9884,1741
GCF_000092785___1749,Negative,0.9985,0.0,0.9985,0.0014,125
GCF_000092785___1750,Negative,0.9995,0.0,0.9995,0.0005,317
GCF_000092785___1751,Negative,0.0023,0.2716,0.0023,0.7261,349
GCF_000092785___1752,Negative,0.9589,0.0,0.9589,0.0411,454
GCF_000092785___1753,Negative,0.9222,0.0004,0.0774,0.9222,223
GCF_000092785___1754,Negative,0.9883,0.0041,0.0076,0.9883,565
GCF_000092785___1755,Negative,0.9127,0.0005,0.9127,0.0869,481
GCF_000092785___1756,Negative,0.9951,0.0048,0.9951,0.0,455
GCF_000092785___1757,Negative,0.5133,0.001,0.5133,0.4857,298
GCF_000092785___1758,Negative,0.8026,0.0006,0.8026,0.1968,304
GCF_000092785___1759,Negative,0.965,0.0,0.965,0.035,712
GCF_000092785___1760,Negative,0.9673,0.0,0.9673,0.0326,1205
GCF_000092785___1761,Negative,0.9778,1e-04,0.9778,0.0221,413
GCF_000092785___1762,Negative,0.9523,1e-04,0.9523,0.0476,103
GCF_000092785___1763,Negative,0.999,0.0,0.999,0.001,559
GCF_000092785___1764,Negative,0.9771,0.0012,0.9771,0.0217,78
GCF_000092785___1765,Negative,0.9999,1e-04,0.0,0.9999,724
GCF_000092785___1766,Negative,0.7361,0.0,0.7361,0.2638,89
GCF_000092785___1767,Negative,0.9075,0.0,0.9075,0.0925,175
GCF_000092785___1768,Negative,0.9993,0.0006,0.9993,1e-04,550
GCF_000092785___1769,Negative,0.9795,0.0,0.9795,0.0205,454
GCF_000092785___1770,Negative,0.9903,0.0,0.0097,0.9903,1679
GCF_000092785___1771,Negative,0.9919,0.0,0.9919,0.0081,165
GCF_000092785___1772,Negative,0.8503,0.0002,0.8503,0.1495,211
GCF_000092785___1773,Negative,0.9971,0.0,0.9971,0.0028,197
GCF_000092785___1774,Negative,0.9391,0.002,0.0589,0.9391,142
GCF_000092785___1775,Negative,0.999,0.0,0.999,0.001,431
GCF_000092785___1776,Negative,0.7835,1e-04,0.7835,0.2164,391
GCF_000092785___1777,Negative,0.4952,1e-04,0.4952,0.5047,211
GCF_000092785___1778,Negative,0.9916,0.0,0.0084,0.9916,266
GCF_000092785___1779,Negative,0.9731,1e-04,0.9731,0.0268,243
GCF_000092785___1780,Negative,0.9694,0.0,0.9694,0.0306,403
GCF_000092785___1781,Negative,0.4568,0.0,0.4568,0.5432,582
GCF_000092785___1782,Negative,0.8672,0.0,0.8672,0.1328,358
GCF_000092785___1783,Negative,0.9376,0.0566,0.9376,0.0057,586
GCF_000092785___1784,Negative,0.9998,0.0,0.9998,0.0002,327
GCF_000092785___1785,Negative,0.9968,0.0,0.9968,0.0032,293
GCF_000092785___1786,Negative,0.1643,0.4039,0.1643,0.4317,334
GCF_000092785___1787,Negative,0.6358,0.0008,0.6358,0.3634,279
GCF_000092785___1788,Negative,0.9916,0.0,0.9916,0.0084,574
GCF_000092785___1789,Negative,0.993,0.0,0.993,0.007,649
GCF_000092785___1790,Negative,0.9942,0.0,0.9942,0.0058,1076
GCF_000092785___1791,Negative,0.9827,0.0,0.9827,0.0173,630
GCF_000092785___1792,Negative,0.996,0.0009,0.0031,0.996,403
GCF_000092785___1793,Negative,1.0,0.0,1.0,0.0,125
GCF_000092785___1794,Negative,0.9973,0.0004,0.9973,0.0023,87
GCF_000092785___1795,Negative,0.9955,0.0,0.9955,0.0045,233
GCF_000092785___1796,Negative,0.9909,0.0,0.9909,0.0091,258
GCF_000092785___1797,Negative,0.9872,0.0,0.9872,0.0128,327
GCF_000092785___1798,Negative,0.9725,0.0,0.9725,0.0275,148
GCF_000092785___1799,Negative,0.9829,0.0,0.9829,0.0171,223
GCF_000092785___1800,Negative,0.5575,0.001,0.5575,0.4415,83
GCF_000092785___1801,Negative,0.9632,0.0007,0.9632,0.036,95
GCF_000092785___1802,Negative,0.7536,0.0,0.7536,0.2464,653
GCF_000092785___1803,Negative,0.6908,0.0,0.6908,0.3092,877
GCF_000092785___1804,Negative,0.9983,0.0,0.0017,0.9983,525
GCF_000092785___1805,Negative,0.8123,0.0002,0.8123,0.1875,391
GCF_000092785___1806,Negative,0.9768,0.0,0.9768,0.0232,46
GCF_000092785___1807,Negative,0.9634,1e-04,0.9634,0.0366,253
GCF_000092785___1808,Negative,0.9962,0.0005,0.9962,0.0033,92
GCF_000092785___1809,Negative,0.999,1e-04,0.999,0.0009,53
GCF_000092785___1810,Negative,0.9989,0.0,0.9989,0.0011,118
GCF_000092785___1811,Negative,0.9885,1e-04,0.9885,0.0114,175
GCF_000092785___1812,Negative,0.9705,0.0,0.9705,0.0295,417
GCF_000092785___1813,Negative,0.8822,0.0011,0.8822,0.1167,53
GCF_000092785___1814,Negative,0.6817,0.0,0.6817,0.3183,668
GCF_000092785___1815,Negative,0.9418,0.006,0.9418,0.0522,287
GCF_000092785___1816,Negative,0.9587,0.001,0.9587,0.0403,238
GCF_000092785___1817,Negative,0.7554,0.0162,0.7554,0.2284,168
GCF_000092785___1818,Negative,0.823,0.0032,0.1738,0.823,191
GCF_000092785___1819,Negative,0.9073,0.0011,0.9073,0.0916,124
GCF_000092785___1820,Negative,0.9942,0.0009,0.0049,0.9942,503
GCF_000092785___1821,Negative,0.9822,0.0003,0.0175,0.9822,336
GCF_000092785___1822,Negative,0.9866,0.0133,0.9866,0.0,394
GCF_000092785___1823,Negative,0.9989,0.0,0.9989,0.0011,541
GCF_000092785___1824,Negative,0.4704,0.0071,0.4704,0.5225,865
GCF_000092785___1825,Negative,0.5926,0.0083,0.5926,0.3992,490
GCF_000092785___1826,Inc-protein,0.9371,0.9371,0.0591,0.0038,142
GCF_000092785___1827,Negative,0.3819,0.0,0.3819,0.6181,231
GCF_000092785___1828,Negative,0.9969,0.0,0.9969,0.0031,463
GCF_000092785___1829,Negative,0.9835,0.0165,0.9835,0.0,361
GCF_000092785___1830,Negative,0.5134,0.0003,0.5134,0.4862,262
GCF_000092785___1831,Negative,0.7129,0.0005,0.7129,0.2866,259
GCF_000092785___1832,Inc-protein,0.8803,0.8803,0.001,0.1187,175
GCF_000092785___1833,Negative,0.9842,0.0,0.9842,0.0158,510
GCF_000092785___1834,Negative,0.994,0.0012,0.0047,0.994,224
GCF_000092785___1835,Negative,0.9988,0.0,0.9988,0.0012,284
GCF_000092785___1836,Negative,0.644,0.0003,0.644,0.3557,87
GCF_000092785___1837,Negative,0.7133,0.0002,0.7133,0.2866,476
GCF_000092785___1838,Negative,0.9811,0.0,0.9811,0.0189,361
GCF_000092785___1839,Negative,0.9914,0.0,0.9914,0.0085,1117
GCF_000092785___1840,Negative,0.9907,0.0,0.9907,0.0093,275
GCF_000092785___1841,Negative,0.9054,0.0002,0.9054,0.0945,278
GCF_000092785___1842,Negative,0.9985,0.0,0.9985,0.0015,224
GCF_000092785___1843,Negative,0.9897,0.0,0.9897,0.0103,183
GCF_000092785___1844,Negative,0.7532,0.0,0.7532,0.2468,184
GCF_000092785___1845,Negative,0.8624,1e-04,0.1375,0.8624,355
GCF_000092785___1846,Negative,0.9655,0.0,0.9655,0.0345,510
GCF_000092785___1847,Negative,0.9678,0.0062,0.0259,0.9678,149
GCF_000092785___1848,Negative,0.9969,1e-04,0.9969,0.003,95
GCF_000092785___1849,Negative,0.955,0.0,0.955,0.0449,284
GCF_000092785___1850,Negative,0.6808,0.0477,0.6808,0.2714,144
GCF_000092785___1851,Negative,0.9258,0.0,0.9258,0.0742,300
GCF_000092785___1852,Inc-protein,0.9962,0.9962,0.0033,0.0005,382
GCF_000092785___1853,Negative,0.8688,0.0,0.8688,0.1312,267
GCF_000092785___1854,Negative,0.9002,0.0,0.9002,0.0998,555
GCF_000092785___1855,Negative,0.7862,0.0,0.7862,0.2138,710
GCF_000092785___1856,Inc-protein,0.9962,0.9962,0.0,0.0038,338
GCF_000092785___1857,Negative,0.8192,0.0006,0.8192,0.1802,83
GCF_000092785___1858,Negative,0.9401,0.0,0.9401,0.0599,525
GCF_000092785___1859,Negative,0.9988,0.0,0.9988,0.0011,95
GCF_000092785___1860,Negative,0.9998,0.0,0.9998,0.0002,63
GCF_000092785___1861,Negative,1.0,0.0,1.0,0.0,72
GCF_000092785___1862,Negative,0.9962,0.0038,0.9962,0.0,84
GCF_000092785___1863,Negative,0.9357,0.0643,0.9357,0.0,57
GCF_000092785___1864,Negative,0.9997,1e-04,0.9997,0.0002,430
GCF_000092785___1865,Negative,0.9964,0.0035,0.9964,0.0,474
GCF_000092785___1866,Negative,0.9998,0.0,0.9998,0.0002,1291
GCF_000092785___1867,Negative,0.9992,0.0008,0.9992,0.0,441
GCF_000092785___1868,Negative,0.9994,1e-04,0.9994,0.0005,170
GCF_000092785___1869,Negative,0.991,0.009,0.991,0.0,43
GCF_000092785___1870,Negative,0.9983,0.0,0.9983,0.0017,611
GCF_000092785___1871,Negative,0.9802,0.0,0.9802,0.0197,93
GCF_000092785___1872,Negative,0.9871,0.0,0.9871,0.0129,326
GCF_000092785___1873,Negative,0.9971,0.0029,0.9971,0.0,86
GCF_000092785___1874,Negative,0.0539,0.7291,0.0539,0.2171,572
GCF_000092785___1875,Negative,0.9274,0.0671,0.9274,0.0055,206
GCF_000092785___1876,Negative,0.5702,0.0,0.5702,0.4298,426
GCF_000092785___1877,Negative,0.9652,1e-04,0.9652,0.0347,178
GCF_000092785___1878,Negative,0.9987,0.0,0.9987,0.0013,350
GCF_000092785___1879,Negative,0.6124,0.3868,0.6124,0.0007,74
GCF_000092785___1880,Negative,0.9635,0.0004,0.9635,0.0361,320
GCF_000092785___1881,Negative,0.7776,0.0035,0.7776,0.2189,100
GCF_000092785___1882,Negative,0.9669,0.0004,0.9669,0.0327,109
GCF_000092785___1883,Negative,0.7364,1e-04,0.7364,0.2635,102
GCF_000092785___1884,Negative,0.9748,0.0,0.9748,0.0252,202
GCF_000092785___1885,Negative,0.4379,0.0012,0.4379,0.5609,121
GCF_000092785___1886,Negative,0.9929,0.0,0.9929,0.0071,78
GCF_000092785___1887,Negative,0.9965,0.0009,0.0026,0.9965,296
GCF_000092785___1888,Negative,0.9844,0.0004,0.0152,0.9844,166
GCF_000092785___1889,Negative,0.9965,0.0,0.9965,0.0035,72
GCF_000092785___1890,Negative,0.9977,0.0,0.9977,0.0023,145
GCF_000092785___1891,Negative,0.3317,0.0078,0.3317,0.6605,652
GCF_000092785___1892,Negative,0.8665,0.0,0.8665,0.1335,525
GCF_000092785___1893,Negative,0.6331,0.0008,0.6331,0.3661,219
GCF_000092785___1894,Negative,0.5593,0.0014,0.5593,0.4394,97
GCF_000092785___1895,Negative,0.8747,1e-04,0.1251,0.8747,327
GCF_000092785___1896,Negative,0.8439,0.0,0.8439,0.1561,99
GCF_000092785___1897,Negative,0.9913,0.0,0.9913,0.0087,218
GCF_000092785___1898,Negative,0.7499,1e-04,0.7499,0.25,188
GCF_000092785___1899,Negative,0.2312,0.0019,0.2312,0.7669,81
GCF_000092785___1900,Negative,0.9991,0.0,0.9991,0.0009,121
GCF_000092785___1901,Negative,0.2475,0.5161,0.2475,0.2364,132
