UMAP1,UMAP2,name,predicted_inc,inc.prob,sec.prob
-1.6845744,2.2392113,GCF_000092785___0,Negative,0.0,0.0298
2.9423087,1.5304805,GCF_000092785___1,Negative,0.0002,0.1861
2.3946035,-2.189212,GCF_000092785___2,Negative,0.0001,0.022
7.705429,-1.5447834,GCF_000092785___3,Inc-protein,0.9684,0.0118
9.7808485,-1.6065338,GCF_000092785___4,Inc-protein,0.8919,0.0001
2.8193624,-0.81102175,GCF_000092785___5,Negative,0.0056,0.7266
-1.6222064,2.3564692,GCF_000092785___6,Negative,0.0,0.0015
2.8581674,-0.5172148,GCF_000092785___7,Negative,0.0001,0.026
0.91589403,1.1256986,GCF_000092785___8,Negative,0.001,0.1594
-1.7699205,2.3371136,GCF_000092785___9,Negative,0.0,0.0583
2.8398952,-2.0287964,GCF_000092785___10,Negative,0.0001,0.9627
2.9724824,3.5734975,GCF_000092785___11,Negative,0.0005,0.3572
1.1791945,3.3101323,GCF_000092785___12,Negative,0.0,0.0658
10.918548,-2.2515035,GCF_000092785___13,Negative,0.3552,0.0003
9.8281555,1.8197557,GCF_000092785___14,Negative,0.0001,0.0943
2.0637608,4.407646,GCF_000092785___15,Negative,0.0,0.0212
2.744574,0.42071274,GCF_000092785___16,Negative,0.0,0.6165
10.869602,-2.3746676,GCF_000092785___17,Negative,0.0308,0.0006
10.737666,-3.1093917,GCF_000092785___18,Negative,0.014,0.0
0.66555446,5.528897,GCF_000092785___19,Negative,0.0,0.0043
3.3973522,0.9865456,GCF_000092785___20,Negative,0.0001,0.859
1.6287869,5.2733765,GCF_000092785___21,Negative,0.0,0.0002
0.40893272,4.5464106,GCF_000092785___22,Negative,0.0,0.0063
3.6684058,-0.86532074,GCF_000092785___23,Negative,0.0001,0.984
11.096165,1.826657,GCF_000092785___24,Negative,0.0007,0.9959
10.349084,1.7219605,GCF_000092785___25,Negative,0.0012,0.8433
0.92233366,4.7440615,GCF_000092785___26,Negative,0.0,0.0086
10.851844,-2.3072517,GCF_000092785___27,Negative,0.0399,0.0003
1.7798036,2.3874571,GCF_000092785___28,Negative,0.0,0.742
1.2957835,3.4907997,GCF_000092785___29,Negative,0.0,0.1055
3.600694,2.6175075,GCF_000092785___30,Negative,0.0001,0.7
11.024982,2.099187,GCF_000092785___31,Negative,0.0019,0.9967
10.997639,2.1164773,GCF_000092785___32,Negative,0.0007,0.9983
9.631818,1.625759,GCF_000092785___33,Negative,0.0003,0.0017
0.11624674,5.908846,GCF_000092785___34,Negative,0.0,0.0006
0.9872779,2.969146,GCF_000092785___35,Negative,0.0001,0.4895
5.0934196,-0.60937166,GCF_000092785___36,Negative,0.0002,0.9983
4.175183,-1.3028407,GCF_000092785___37,Negative,0.2603,0.7348
1.8897567,2.863873,GCF_000092785___38,Negative,0.001,0.0213
1.3032358,4.546113,GCF_000092785___39,Negative,0.0001,0.0224
3.181679,1.4804211,GCF_000092785___40,Negative,0.0001,0.8634
4.211794,-0.77287745,GCF_000092785___41,Negative,0.0002,0.998
4.8250365,-0.12358431,GCF_000092785___42,Negative,0.0004,0.9689
11.469442,-3.3202693,GCF_000092785___43,Negative,0.0014,0.0
-1.5540663,2.3088436,GCF_000092785___44,Negative,0.0,0.0014
-1.8275888,2.4275954,GCF_000092785___45,Negative,0.0,0.0016
1.9184144,4.6069446,GCF_000092785___46,Negative,0.0,0.0006
3.2492418,0.1250644,GCF_000092785___47,Negative,0.0005,0.8947
11.106381,-2.1626527,GCF_000092785___48,Negative,0.0991,0.0004
1.5611705,2.1139596,GCF_000092785___49,Negative,0.0001,0.0468
11.233489,1.5702649,GCF_000092785___50,Negative,0.0003,0.5112
1.4273322,2.8680766,GCF_000092785___51,Negative,0.0001,0.0562
0.07707556,5.448099,GCF_000092785___52,Negative,0.0,0.0008
10.546967,2.0766058,GCF_000092785___53,Negative,0.0002,0.9966
10.879491,2.7468965,GCF_000092785___54,Negative,0.0009,0.7893
9.844387,-2.3014357,GCF_000092785___55,Negative,0.4197,0.1566
9.727855,1.6266215,GCF_000092785___56,Negative,0.0061,0.0997
10.877704,2.8636136,GCF_000092785___57,Negative,0.0001,0.2183
10.84417,2.9160175,GCF_000092785___58,Negative,0.0,0.2224
10.876797,2.9019399,GCF_000092785___59,Negative,0.0,0.2055
1.6568785,3.2611341,GCF_000092785___60,Negative,0.0003,0.0126
3.3402388,2.2726963,GCF_000092785___61,Negative,0.0004,0.0785
2.9484057,2.9681025,GCF_000092785___62,Negative,0.0001,0.011
0.70316017,5.505147,GCF_000092785___63,Negative,0.0,0.0012
0.42581734,5.7657843,GCF_000092785___64,Negative,0.0,0.001
11.702093,-2.8772094,GCF_000092785___65,Negative,0.0014,0.0001
2.634436,3.935382,GCF_000092785___66,Negative,0.0002,0.0413
12.21884,-3.0599267,GCF_000092785___67,Negative,0.0009,0.0
12.160737,-3.1119492,GCF_000092785___68,Negative,0.0001,0.0
2.4686174,4.698479,GCF_000092785___69,Negative,0.0001,0.0185
2.4909241,3.185909,GCF_000092785___70,Negative,0.0002,0.1626
8.823934,1.2317743,GCF_000092785___71,Negative,0.0015,0.0027
2.5585868,4.7067566,GCF_000092785___72,Negative,0.0,0.0118
3.9500208,1.2891619,GCF_000092785___73,Negative,0.0001,0.0159
1.671837,3.0779696,GCF_000092785___74,Negative,0.0001,0.1256
3.3303387,1.057182,GCF_000092785___75,Negative,0.0003,0.9648
2.9570935,0.36243182,GCF_000092785___76,Negative,0.0,0.9694
-0.04477496,5.768512,GCF_000092785___77,Negative,0.0,0.0004
0.11848036,4.370329,GCF_000092785___78,Negative,0.0,0.0007
2.9367087,3.6908808,GCF_000092785___79,Negative,0.0,0.2995
0.97161514,5.6021695,GCF_000092785___80,Negative,0.0,0.0002
0.025058106,5.7122965,GCF_000092785___81,Negative,0.0,0.0005
1.450432,2.8831983,GCF_000092785___82,Negative,0.0,0.0216
11.178437,-2.9046671,GCF_000092785___83,Negative,0.0016,0.0001
11.186285,-2.8830974,GCF_000092785___84,Negative,0.0003,0.0
11.287461,-3.112615,GCF_000092785___85,Negative,0.0024,0.0038
3.6862645,2.3241713,GCF_000092785___86,Negative,0.0002,0.3652
3.755812,-0.6005343,GCF_000092785___87,Negative,0.0,0.9992
10.373149,-1.6833955,GCF_000092785___88,Negative,0.3649,0.0755
3.1424208,-1.1125039,GCF_000092785___89,Negative,0.0004,0.6384
4.4235487,-0.03984238,GCF_000092785___90,Negative,0.0172,0.9358
0.46533027,4.9428368,GCF_000092785___91,Negative,0.0,0.0135
0.13470244,3.8795714,GCF_000092785___92,Negative,0.0,0.0085
2.6014197,-1.807149,GCF_000092785___93,Negative,0.0,0.0182
3.2883666,-1.0007252,GCF_000092785___94,Negative,0.0033,0.9518
3.0810993,-0.9357738,GCF_000092785___95,Negative,0.0037,0.8994
9.889182,-2.068782,GCF_000092785___96,Inc-protein,0.979,0.0004
4.7328587,-0.8233038,GCF_000092785___97,Negative,0.0002,0.9995
1.6558715,3.7497523,GCF_000092785___98,Negative,0.0001,0.0098
11.47003,-3.3789902,GCF_000092785___99,Negative,0.0015,0.0
1.3644944,4.3607755,GCF_000092785___100,Negative,0.0002,0.0303
1.2632971,4.4293494,GCF_000092785___101,Negative,0.0,0.0064
6.507113,-1.1354468,GCF_000092785___102,Negative,0.7354,0.2634
11.360531,-2.1786594,GCF_000092785___103,Negative,0.0083,0.0
2.4858859,3.3749187,GCF_000092785___104,Negative,0.0,0.0712
11.259187,1.5536541,GCF_000092785___105,Negative,0.0005,0.8022
4.919183,-0.73132443,GCF_000092785___106,Negative,0.0003,0.999
11.760165,-3.207634,GCF_000092785___107,Negative,0.003,0.0004
10.612025,-2.300458,GCF_000092785___108,Negative,0.1824,0.0005
2.7201233,4.980288,GCF_000092785___109,Negative,0.0002,0.0002
10.901803,-1.9846307,GCF_000092785___110,Negative,0.0126,0.0001
10.241573,1.8981724,GCF_000092785___111,Negative,0.0004,0.8012
4.7847567,-0.50117135,GCF_000092785___112,Negative,0.0001,0.9994
9.547112,1.5839139,GCF_000092785___113,Negative,0.0008,0.1785
9.677981,1.3112607,GCF_000092785___114,Negative,0.0023,0.3663
1.9474887,5.0575294,GCF_000092785___115,Negative,0.0,0.0091
2.2140152,4.2381406,GCF_000092785___116,Negative,0.0,0.0201
10.165652,1.0293208,GCF_000092785___117,Negative,0.1491,0.6507
0.17921795,5.657662,GCF_000092785___118,Negative,0.0,0.0002
1.9799625,3.278404,GCF_000092785___119,Negative,0.0,0.0189
10.468733,1.2297509,GCF_000092785___120,Negative,0.0008,0.6422
11.917222,-2.7936444,GCF_000092785___121,Negative,0.0002,0.0
7.3339467,-1.2376575,GCF_000092785___122,Inc-protein,0.9994,0.0001
10.8263035,2.390787,GCF_000092785___123,Negative,0.0041,0.8676
3.3342977,2.6160269,GCF_000092785___124,Negative,0.0001,0.0252
2.2221656,-0.8324892,GCF_000092785___125,Negative,0.0,0.0004
4.628085,-0.4466989,GCF_000092785___126,Negative,0.0001,0.999
10.590587,-2.8463085,GCF_000092785___127,Negative,0.0114,0.0004
1.7833577,4.7169304,GCF_000092785___128,Negative,0.0,0.0009
2.263779,5.154651,GCF_000092785___129,Negative,0.0,0.0008
5.2331834,-0.88934004,GCF_000092785___130,Negative,0.0001,0.9999
0.8142398,3.6192887,GCF_000092785___131,Negative,0.0,0.0429
0.71902215,3.6238563,GCF_000092785___132,Negative,0.0,0.0174
11.160815,-1.9826828,GCF_000092785___133,Negative,0.0562,0.0002
9.902504,-2.3760808,GCF_000092785___134,Negative,0.6118,0.003
11.113747,1.5161965,GCF_000092785___135,Negative,0.0002,0.2653
5.958181,-1.6240245,GCF_000092785___136,Negative,0.0,1.0
2.8949506,4.185097,GCF_000092785___137,Negative,0.0,0.6892
0.8812471,3.456992,GCF_000092785___138,Negative,0.0,0.0015
2.879598,4.420039,GCF_000092785___139,Negative,0.0,0.0516
2.451001,4.771787,GCF_000092785___140,Negative,0.0,0.013
2.4188368,4.774458,GCF_000092785___141,Negative,0.0001,0.0526
0.39113078,5.6528115,GCF_000092785___142,Negative,0.0,0.0006
1.93809,3.1322267,GCF_000092785___143,Negative,0.0001,0.0189
0.6384745,5.632706,GCF_000092785___144,Negative,0.0,0.0031
11.748913,-2.9875464,GCF_000092785___145,Negative,0.0019,0.0001
10.8468485,2.935374,GCF_000092785___146,Negative,0.0007,0.0211
2.882482,1.4709954,GCF_000092785___147,Negative,0.0,0.5382
11.157494,-2.3355227,GCF_000092785___148,Negative,0.0032,0.0002
4.087293,0.9582839,GCF_000092785___149,Negative,0.0001,0.8694
2.404215,4.726156,GCF_000092785___150,Negative,0.0001,0.0178
6.6737485,-1.1460525,GCF_000092785___151,Negative,0.7507,0.2465
10.353651,-2.5234954,GCF_000092785___152,Negative,0.6049,0.0001
1.11959,4.58217,GCF_000092785___153,Negative,0.0,0.0145
11.088537,-2.416992,GCF_000092785___154,Negative,0.0022,0.0
2.8554993,0.34250975,GCF_000092785___155,Negative,0.0001,0.3708
10.963535,2.3955524,GCF_000092785___156,Negative,0.0012,0.8996
11.529758,-2.5464242,GCF_000092785___157,Negative,0.0055,0.0
1.3110454,3.0284178,GCF_000092785___158,Negative,0.0001,0.1713
10.612096,1.385833,GCF_000092785___159,Negative,0.0004,0.9858
8.273281,-1.295705,GCF_000092785___160,Negative,0.3631,0.2998
-0.3128495,4.5006785,GCF_000092785___161,Negative,0.0,0.0007
0.992104,5.312204,GCF_000092785___162,Negative,0.0,0.0039
1.2783263,4.438463,GCF_000092785___163,Negative,0.0,0.019
3.2937465,2.819269,GCF_000092785___164,Negative,0.0005,0.2349
9.56865,2.8855994,GCF_000092785___165,Negative,0.003,0.9763
2.7061481,-1.93324,GCF_000092785___166,Negative,0.0005,0.4369
6.878991,-2.4876368,GCF_000092785___167,Negative,0.0014,0.0022
2.7389214,-1.331377,GCF_000092785___168,Negative,0.0052,0.4007
4.7420683,-0.9187158,GCF_000092785___169,Negative,0.0,1.0
2.8982072,-1.3664834,GCF_000092785___170,Negative,0.0033,0.7154
6.8260727,-2.4868193,GCF_000092785___171,Negative,0.0,0.0018
2.5725944,-1.6121204,GCF_000092785___172,Negative,0.0003,0.1089
7.4731255,2.0024536,GCF_000092785___173,Negative,0.0005,0.0033
-1.9943893,3.021642,GCF_000092785___174,Negative,0.0,0.0353
2.3963914,-2.7686436,GCF_000092785___175,Negative,0.0,0.0236
0.37251836,3.2203183,GCF_000092785___176,Negative,0.0,0.0045
9.743796,1.7723988,GCF_000092785___177,Negative,0.0019,0.0289
7.813833,-1.5070508,GCF_000092785___178,Inc-protein,0.9999,0.0
3.9749207,-0.71173966,GCF_000092785___179,Negative,0.0001,0.9958
11.778993,-2.9571357,GCF_000092785___180,Negative,0.0002,0.0
11.89957,-3.0056832,GCF_000092785___181,Negative,0.0005,0.0
0.6378035,4.3154755,GCF_000092785___182,Negative,0.0,0.003
1.2295293,5.6069736,GCF_000092785___183,Negative,0.0,0.0068
3.9581413,-1.3181311,GCF_000092785___184,Negative,0.0728,0.8678
6.581689,-1.1005315,GCF_000092785___185,Inc-protein,0.8736,0.1261
4.337855,-1.0408627,GCF_000092785___186,Negative,0.0005,0.999
3.4541297,3.204529,GCF_000092785___187,Negative,0.0001,0.0591
0.7714544,4.3545446,GCF_000092785___188,Negative,0.0,0.0004
10.213357,-1.5527515,GCF_000092785___189,Negative,0.3842,0.0
9.982731,-0.37597314,GCF_000092785___190,Negative,0.3706,0.077
2.66738,4.9912863,GCF_000092785___191,Negative,0.0,0.0002
10.599571,-2.4510872,GCF_000092785___192,Negative,0.0607,0.0003
10.3712015,1.8235903,GCF_000092785___193,Negative,0.0002,0.9876
4.0879617,-0.14957073,GCF_000092785___194,Negative,0.0001,0.4874
2.618603,4.2169867,GCF_000092785___195,Negative,0.0,0.0542
0.39529335,5.863734,GCF_000092785___196,Negative,0.0,0.0005
10.788737,-1.9543153,GCF_000092785___197,Negative,0.0471,0.0012
1.1348178,5.215333,GCF_000092785___198,Negative,0.0,0.0033
0.6856473,2.8993974,GCF_000092785___199,Negative,0.0,0.0134
5.241732,-0.9541645,GCF_000092785___200,Negative,0.0006,0.9991
4.4242163,-0.011004248,GCF_000092785___201,Negative,0.0,0.9925
9.979668,2.2071314,GCF_000092785___202,Negative,0.0011,0.5061
12.0041,-3.1125882,GCF_000092785___203,Negative,0.0028,0.0
12.084085,-3.0981193,GCF_000092785___204,Negative,0.0002,0.0
11.600571,-2.700233,GCF_000092785___205,Negative,0.0072,0.0003
0.92823124,4.359971,GCF_000092785___206,Negative,0.0,0.0112
12.212362,-3.029246,GCF_000092785___207,Negative,0.002,0.0
0.55263674,5.191585,GCF_000092785___208,Negative,0.0,0.0049
2.6774898,-2.0773692,GCF_000092785___209,Negative,0.0015,0.2737
3.124249,-1.3771778,GCF_000092785___210,Negative,0.0013,0.7817
0.8492983,1.0578991,GCF_000092785___211,Negative,0.0002,0.1874
1.9277102,3.929396,GCF_000092785___212,Negative,0.0,0.0312
3.468434,1.2563877,GCF_000092785___213,Negative,0.0001,0.5528
0.43599188,2.2871578,GCF_000092785___214,Negative,0.0,0.0271
7.956522,-1.4917885,GCF_000092785___215,Negative,0.7441,0.2247
2.6379087,4.9800496,GCF_000092785___216,Negative,0.0,0.0122
2.7421403,4.600055,GCF_000092785___217,Negative,0.0,0.0215
-0.258223,3.5072994,GCF_000092785___218,Negative,0.0,0.0005
3.0517304,-1.4511818,GCF_000092785___219,Negative,0.0209,0.1547
1.1799928,1.8189826,GCF_000092785___220,Negative,0.0001,0.0601
1.766863,4.448035,GCF_000092785___221,Negative,0.0,0.0008
2.9631028,0.9711409,GCF_000092785___222,Negative,0.0,0.0811
1.8815142,4.957108,GCF_000092785___223,Negative,0.0,0.0177
1.8612088,4.554632,GCF_000092785___224,Negative,0.0,0.0024
4.467641,-1.2998506,GCF_000092785___225,Negative,0.6353,0.3642
-0.1429308,3.348011,GCF_000092785___226,Negative,0.0,0.0166
11.965065,-3.1990051,GCF_000092785___227,Negative,0.0003,0.0
-0.08536738,5.13649,GCF_000092785___228,Negative,0.0,0.0019
0.52445453,5.887921,GCF_000092785___229,Negative,0.0,0.0001
3.3663242,3.10175,GCF_000092785___230,Negative,0.0002,0.4252
-0.33422792,4.336226,GCF_000092785___231,Negative,0.0,0.0015
4.7265663,-0.89163554,GCF_000092785___232,Negative,0.0,0.9993
2.5268703,3.0872998,GCF_000092785___233,Negative,0.0,0.3902
1.8347934,2.6225405,GCF_000092785___234,Negative,0.0,0.0246
0.33314812,5.7269244,GCF_000092785___235,Negative,0.0,0.0003
0.6899162,4.977205,GCF_000092785___236,Negative,0.0,0.0089
0.8902854,3.1100724,GCF_000092785___237,Negative,0.0001,0.0499
1.9410986,4.408174,GCF_000092785___238,Negative,0.0,0.0164
2.3503213,4.649903,GCF_000092785___239,Negative,0.0,0.0036
1.8571651,2.8137474,GCF_000092785___240,Negative,0.0,0.0116
2.684386,-2.3071835,GCF_000092785___241,Negative,0.0016,0.0703
2.7934496,0.8572299,GCF_000092785___242,Negative,0.0006,0.6572
10.334967,1.8123565,GCF_000092785___243,Negative,0.0002,0.989
10.884688,1.6602226,GCF_000092785___244,Negative,0.0021,0.8969
9.98621,2.0115044,GCF_000092785___245,Negative,0.001,0.8095
6.80315,-1.2369899,GCF_000092785___246,Inc-protein,0.9982,0.0017
5.7566414,-1.4044017,GCF_000092785___247,Negative,0.0,1.0
5.808662,-1.3999274,GCF_000092785___248,Negative,0.0001,0.9999
9.70005,0.5898999,GCF_000092785___249,Negative,0.0003,0.0056
4.2181463,0.86490566,GCF_000092785___250,Negative,0.0,0.0051
0.34583172,4.8168087,GCF_000092785___251,Negative,0.0,0.0058
-0.45085442,4.2916603,GCF_000092785___252,Negative,0.0,0.0015
2.894826,4.6476173,GCF_000092785___253,Negative,0.0,0.0251
0.5520911,5.115866,GCF_000092785___254,Negative,0.0,0.0077
12.146524,-3.0647943,GCF_000092785___255,Negative,0.0001,0.0
12.123598,-3.0794125,GCF_000092785___256,Negative,0.0002,0.0
0.29816276,3.2874248,GCF_000092785___257,Negative,0.0,0.0002
12.285305,-3.1295288,GCF_000092785___258,Negative,0.0003,0.0
9.287231,0.94305253,GCF_000092785___259,Negative,0.0035,0.1295
11.006368,2.1021242,GCF_000092785___260,Negative,0.0011,0.9122
11.468097,-3.1996636,GCF_000092785___261,Negative,0.0039,0.0
2.773741,3.1805055,GCF_000092785___262,Negative,0.0002,0.1086
1.9741478,2.90226,GCF_000092785___263,Negative,0.0001,0.0027
2.907666,3.338139,GCF_000092785___264,Negative,0.0001,0.2356
3.1510506,2.5379286,GCF_000092785___265,Negative,0.0003,0.1853
9.649173,0.6479838,GCF_000092785___266,Negative,0.0061,0.1134
11.207913,-2.8933487,GCF_000092785___267,Negative,0.0029,0.0
2.8217266,0.91172546,GCF_000092785___268,Negative,0.0022,0.4394
0.9819169,3.5526917,GCF_000092785___269,Negative,0.0,0.0094
6.972158,-1.1331161,GCF_000092785___270,Inc-protein,0.9983,0.0011
6.830317,-1.8124735,GCF_000092785___271,Inc-protein,0.8791,0.051
9.62749,0.6608678,GCF_000092785___272,Negative,0.0002,0.0116
11.231862,-2.6312923,GCF_000092785___273,Negative,0.0057,0.0
0.44359285,2.266392,GCF_000092785___274,Negative,0.0,0.0319
11.124088,-2.6104567,GCF_000092785___275,Negative,0.0327,0.0002
10.9717865,2.6530852,GCF_000092785___276,Negative,0.0017,0.8749
10.51596,1.684315,GCF_000092785___277,Negative,0.0026,0.8268
11.9618845,-3.1363657,GCF_000092785___278,Negative,0.0006,0.0
0.64856076,3.572805,GCF_000092785___279,Negative,0.0,0.0012
-0.0224736,4.322656,GCF_000092785___280,Negative,0.0,0.0003
0.17525229,4.1900387,GCF_000092785___281,Negative,0.0001,0.0022
10.769112,-2.1330895,GCF_000092785___282,Negative,0.1415,0.0002
4.3189263,-0.93956906,GCF_000092785___283,Negative,0.0002,0.9998
2.3913913,3.2191215,GCF_000092785___284,Negative,0.0001,0.0387
0.41207984,3.8538888,GCF_000092785___285,Negative,0.0001,0.0419
1.7648953,3.213925,GCF_000092785___286,Negative,0.0,0.0239
0.09688883,3.3783295,GCF_000092785___287,Negative,0.0,0.0016
9.86011,2.088746,GCF_000092785___288,Negative,0.0001,0.0516
2.1099577,4.574128,GCF_000092785___289,Negative,0.0,0.0143
11.463106,-2.888026,GCF_000092785___290,Negative,0.0026,0.0001
4.043262,0.89057887,GCF_000092785___291,Negative,0.0,0.6536
4.8692102,-0.52449083,GCF_000092785___292,Negative,0.0007,0.9963
0.18227684,4.252911,GCF_000092785___293,Negative,0.0,0.0011
-0.593302,4.656504,GCF_000092785___294,Negative,0.0,0.0004
-0.042792022,4.6775036,GCF_000092785___295,Negative,0.0,0.0006
2.67105,-2.3008387,GCF_000092785___296,Negative,0.0013,0.0339
-0.12235456,4.4008374,GCF_000092785___297,Negative,0.0,0.0012
0.72483265,4.1435337,GCF_000092785___298,Negative,0.0,0.0038
7.333576,-1.54017,GCF_000092785___299,Negative,0.3664,0.4708
0.7512387,5.4404573,GCF_000092785___300,Negative,0.0,0.0007
10.860753,-2.1620488,GCF_000092785___301,Negative,0.0424,0.0003
2.0828197,3.0699606,GCF_000092785___302,Negative,0.0001,0.0232
0.8104651,5.3126044,GCF_000092785___303,Negative,0.0,0.0596
-0.5422692,4.8353567,GCF_000092785___304,Negative,0.0,0.0007
3.4063613,2.6865022,GCF_000092785___305,Negative,0.0051,0.1582
1.1748534,4.6210895,GCF_000092785___306,Negative,0.0,0.0089
11.739783,-3.2402802,GCF_000092785___307,Negative,0.0004,0.0
2.087721,4.765828,GCF_000092785___308,Negative,0.0,0.0045
0.0129626915,5.18947,GCF_000092785___309,Negative,0.0,0.0016
0.700411,5.0246315,GCF_000092785___310,Negative,0.0,0.0033
7.287182,-1.2247276,GCF_000092785___311,Inc-protein,0.9951,0.0001
10.459211,-1.7789866,GCF_000092785___312,Negative,0.0045,0.0324
10.218173,-2.1337523,GCF_000092785___313,Negative,0.1956,0.0221
10.558916,1.3992368,GCF_000092785___314,Negative,0.0004,0.994
10.342689,1.1469947,GCF_000092785___315,Negative,0.0087,0.9493
10.680612,-1.8989134,GCF_000092785___316,Negative,0.0989,0.0114
-0.54440665,3.7347493,GCF_000092785___317,Negative,0.0,0.0014
4.462417,-0.035437122,GCF_000092785___318,Negative,0.001,0.9712
0.661484,2.9445677,GCF_000092785___319,Negative,0.0,0.0399
0.8123885,5.43863,GCF_000092785___320,Negative,0.0,0.005
9.561952,-1.5401276,GCF_000092785___321,Inc-protein,0.9456,0.006
0.8393939,3.3633037,GCF_000092785___322,Negative,0.0001,0.1029
2.5727904,4.652202,GCF_000092785___323,Negative,0.0,0.0177
2.1392899,4.7064304,GCF_000092785___324,Negative,0.0,0.0045
2.0626307,4.729774,GCF_000092785___325,Negative,0.0,0.0019
0.5125373,5.1741295,GCF_000092785___326,Negative,0.0,0.0105
2.5789883,4.03457,GCF_000092785___327,Negative,0.0,0.0342
1.7272666,5.2885275,GCF_000092785___328,Negative,0.0,0.0036
10.869753,2.5623074,GCF_000092785___329,Negative,0.0059,0.0111
4.4053802,-1.2340597,GCF_000092785___330,Negative,0.0688,0.9288
0.885968,5.564562,GCF_000092785___331,Negative,0.0,0.0121
4.4521203,-0.06642456,GCF_000092785___332,Negative,0.0002,0.8696
1.3119648,4.3842015,GCF_000092785___333,Negative,0.0001,0.0693
6.8213167,-1.7632748,GCF_000092785___334,Inc-protein,0.9936,0.0045
3.1007657,1.9872222,GCF_000092785___335,Negative,0.0002,0.0432
3.5857096,-0.81074524,GCF_000092785___336,Negative,0.0474,0.8715
2.6651585,4.3060927,GCF_000092785___337,Negative,0.0,0.0649
10.559159,-2.039024,GCF_000092785___338,Negative,0.0222,0.0011
9.580785,0.62395257,GCF_000092785___339,Negative,0.0005,0.0033
1.8897893,4.4551163,GCF_000092785___340,Negative,0.0,0.0256
9.610435,1.6227124,GCF_000092785___341,Negative,0.0007,0.0882
-0.14693318,5.6383133,GCF_000092785___342,Negative,0.0,0.0013
11.452838,-2.9296696,GCF_000092785___343,Negative,0.004,0.0001
4.7358403,-0.15929368,GCF_000092785___344,Negative,0.0021,0.3834
6.197689,-1.2707783,GCF_000092785___345,Negative,0.0004,0.7109
10.261525,-2.6791384,GCF_000092785___346,Negative,0.1669,0.0011
10.335032,-2.6959493,GCF_000092785___347,Negative,0.0861,0.0005
4.1045723,-0.7849148,GCF_000092785___348,Negative,0.0001,0.9993
10.625449,-1.9501988,GCF_000092785___349,Negative,0.3813,0.0014
0.3768756,5.1321883,GCF_000092785___350,Negative,0.0,0.0001
7.1176753,-1.5803425,GCF_000092785___351,Inc-protein,0.8551,0.058
1.0202919,1.6830618,GCF_000092785___352,Negative,0.0001,0.0161
11.084705,1.9268527,GCF_000092785___353,Negative,0.0005,0.9687
4.424263,-1.0075395,GCF_000092785___354,Negative,0.0039,0.9886
10.555356,2.0177903,GCF_000092785___355,Negative,0.0009,0.6609
2.5087247,2.144262,GCF_000092785___356,Negative,0.0,0.2608
0.8155188,5.575044,GCF_000092785___357,Negative,0.0,0.0016
1.857396,1.9525199,GCF_000092785___358,Negative,0.0001,0.5593
1.9359466,1.5287402,GCF_000092785___359,Negative,0.0053,0.1943
2.2625642,2.5914743,GCF_000092785___360,Negative,0.0001,0.065
3.4134772,1.5866016,GCF_000092785___361,Negative,0.0,0.1147
6.93384,-1.6280448,GCF_000092785___362,Inc-protein,0.9536,0.022
11.12783,-3.1797698,GCF_000092785___363,Negative,0.0015,0.0001
-0.55181307,4.302424,GCF_000092785___364,Negative,0.0,0.0003
2.499581,2.0136275,GCF_000092785___365,Negative,0.0,0.04
3.6654296,2.026085,GCF_000092785___366,Negative,0.0002,0.3534
0.80867624,3.2692108,GCF_000092785___367,Negative,0.0,0.0018
2.2620034,4.7559853,GCF_000092785___368,Negative,0.0,0.0592
7.2745633,-1.2376814,GCF_000092785___369,Inc-protein,0.9992,0.0001
7.2191234,-1.2260861,GCF_000092785___370,Inc-protein,0.9995,0.0005
3.2618651,2.195207,GCF_000092785___371,Negative,0.0,0.0439
9.527519,2.9216115,GCF_000092785___372,Negative,0.0,0.9925
6.8614264,-2.458107,GCF_000092785___373,Negative,0.004,0.0022
2.6596751,-1.1477735,GCF_000092785___374,Negative,0.0025,0.1046
6.867588,-2.3540752,GCF_000092785___375,Negative,0.0664,0.0306
0.18757793,4.5828276,GCF_000092785___376,Negative,0.0,0.0036
3.130441,-1.5527053,GCF_000092785___377,Negative,0.003,0.9727
4.7729416,-0.7238912,GCF_000092785___378,Negative,0.0002,0.9997
2.035975,4.310869,GCF_000092785___379,Negative,0.0,0.0274
7.4246364,-1.7216649,GCF_000092785___380,Negative,0.487,0.1467
9.991294,2.0530596,GCF_000092785___381,Negative,0.0002,0.6296
4.2663374,-1.0335038,GCF_000092785___382,Negative,0.0003,0.9993
0.99421716,2.6140642,GCF_000092785___383,Negative,0.0,0.0253
1.7199825,5.0337796,GCF_000092785___384,Negative,0.0,0.0149
4.0262504,-0.6811227,GCF_000092785___385,Negative,0.0002,0.9994
3.2881365,2.1674445,GCF_000092785___386,Negative,0.0,0.0051
-0.2888898,4.6339207,GCF_000092785___387,Negative,0.0,0.0005
2.622691,4.5176463,GCF_000092785___388,Negative,0.0001,0.0684
5.287554,-0.7924441,GCF_000092785___389,Negative,0.0007,0.9984
0.9828171,3.7448037,GCF_000092785___390,Negative,0.0,0.0009
9.858168,-1.665212,GCF_000092785___391,Negative,0.6018,0.001
0.5719042,4.467294,GCF_000092785___392,Negative,0.0,0.0002
1.8743491,3.4859276,GCF_000092785___393,Negative,0.0001,0.0405
0.470504,4.048517,GCF_000092785___394,Negative,0.0001,0.0064
3.289244,0.89502215,GCF_000092785___395,Negative,0.0016,0.9112
2.4925544,3.9238622,GCF_000092785___396,Negative,0.0,0.0973
2.087329,1.7383661,GCF_000092785___397,Negative,0.0006,0.4038
1.4247609,5.027435,GCF_000092785___398,Negative,0.0,0.0058
0.35123035,5.6980205,GCF_000092785___399,Negative,0.0,0.0021
11.954379,-2.839855,GCF_000092785___400,Negative,0.0005,0.0
1.4148958,2.8129067,GCF_000092785___401,Negative,0.0,0.0053
2.794477,-1.0073342,GCF_000092785___402,Negative,0.0006,0.0872
2.354974,4.6657543,GCF_000092785___403,Negative,0.0,0.0021
1.7220345,3.1668048,GCF_000092785___404,Negative,0.0,0.0062
11.230464,1.5546956,GCF_000092785___405,Negative,0.0003,0.0204
1.9819952,4.7779293,GCF_000092785___406,Negative,0.0001,0.0019
-0.0062825168,4.871451,GCF_000092785___407,Negative,0.0,0.0006
0.055049084,5.621259,GCF_000092785___408,Negative,0.0,0.0005
10.372226,-2.7071126,GCF_000092785___409,Negative,0.4917,0.0
7.5084105,-1.3639599,GCF_000092785___410,Inc-protein,0.9499,0.0001
4.403064,-1.1300135,GCF_000092785___411,Negative,0.0175,0.9817
4.8297343,-0.8785539,GCF_000092785___412,Negative,0.0011,0.9975
7.4884624,1.8965995,GCF_000092785___413,Negative,0.0011,0.0095
3.5028028,1.8254806,GCF_000092785___414,Negative,0.0001,0.5115
9.59404,1.6613846,GCF_000092785___415,Negative,0.0,0.0083
2.6174989,3.2391987,GCF_000092785___416,Negative,0.0002,0.0718
9.951353,-2.452013,GCF_000092785___417,Negative,0.7849,0.0004
10.81518,-2.9825354,GCF_000092785___418,Negative,0.0161,0.0002
5.275424,-0.43241006,GCF_000092785___419,Negative,0.0007,0.9948
3.3224952,0.6707683,GCF_000092785___420,Negative,0.0011,0.7051
1.8731672,2.035477,GCF_000092785___421,Negative,0.0,0.0314
1.5549145,4.6434665,GCF_000092785___422,Negative,0.0,0.019
11.031632,2.3369172,GCF_000092785___423,Negative,0.0127,0.9139
6.984482,-1.3533573,GCF_000092785___424,Inc-protein,0.9984,0.0016
0.860504,3.317024,GCF_000092785___425,Negative,0.0,0.0063
-0.15490218,5.158765,GCF_000092785___426,Negative,0.0,0.0016
11.055394,2.4134495,GCF_000092785___427,Negative,0.0272,0.6887
4.440606,-0.1802337,GCF_000092785___428,Negative,0.0014,0.4883
1.7763753,3.277385,GCF_000092785___429,Negative,0.0004,0.145
0.81423676,5.604715,GCF_000092785___430,Negative,0.0,0.0086
2.471128,-2.5174422,GCF_000092785___431,Negative,0.0001,0.0437
1.8462404,4.925423,GCF_000092785___432,Negative,0.0,0.0011
3.4224975,2.0772913,GCF_000092785___433,Negative,0.0,0.0797
2.7071548,3.2765193,GCF_000092785___434,Negative,0.0005,0.0402
1.9289763,4.6752706,GCF_000092785___435,Negative,0.0,0.0077
9.61047,2.8582711,GCF_000092785___436,Negative,0.0001,0.9467
2.9054682,-1.4358331,GCF_000092785___437,Negative,0.0022,0.6866
6.8380957,-2.4654036,GCF_000092785___438,Negative,0.0001,0.0014
6.7937407,-2.4967315,GCF_000092785___439,Negative,0.0,0.0063
-1.3700179,2.695166,GCF_000092785___440,Negative,0.0,0.0021
6.862409,-2.458176,GCF_000092785___441,Negative,0.0002,0.071
2.6713936,2.1943815,GCF_000092785___442,Negative,0.0001,0.0217
-0.0033703565,5.480424,GCF_000092785___443,Negative,0.0,0.01
9.913816,2.4979858,GCF_000092785___444,Negative,0.0001,0.6998
0.19333513,5.1604934,GCF_000092785___445,Negative,0.0003,0.0241
-0.43263417,4.8112154,GCF_000092785___446,Negative,0.0,0.0003
1.8568487,3.6340473,GCF_000092785___447,Negative,0.0,0.0519
2.4577289,2.6748593,GCF_000092785___448,Negative,0.0001,0.2474
0.9185699,3.8279958,GCF_000092785___449,Negative,0.0,0.0062
9.874457,1.7833357,GCF_000092785___450,Negative,0.0008,0.2994
4.4568906,0.031180996,GCF_000092785___451,Negative,0.0018,0.9171
2.681266,4.355528,GCF_000092785___452,Negative,0.0001,0.0515
3.2541971,-1.1355149,GCF_000092785___453,Negative,0.0009,0.8109
0.94047236,1.1458654,GCF_000092785___454,Negative,0.001,0.1594
2.700085,-1.8913865,GCF_000092785___455,Negative,0.0208,0.225
2.9365988,2.4454985,GCF_000092785___456,Negative,0.0001,0.1308
2.1551094,2.180719,GCF_000092785___457,Negative,0.0003,0.6234
12.225096,-3.1343398,GCF_000092785___458,Negative,0.0006,0.0002
10.207303,-1.9745042,GCF_000092785___459,Inc-protein,0.856,0.0002
1.1413332,1.3931943,GCF_000092785___460,Negative,0.0003,0.1847
-1.6707267,2.2846222,GCF_000092785___461,Negative,0.0,0.0373
11.1781435,-2.1369073,GCF_000092785___462,Negative,0.0147,0.0
11.213113,-1.9658761,GCF_000092785___463,Negative,0.0085,0.0
11.418688,-3.3149161,GCF_000092785___464,Negative,0.0036,0.0
12.2431135,-3.1094234,GCF_000092785___465,Negative,0.0015,0.0
11.217783,-1.8774841,GCF_000092785___466,Negative,0.0014,0.0
5.8115077,-1.4012791,GCF_000092785___467,Negative,0.0001,0.9999
3.0360427,3.7514043,GCF_000092785___468,Negative,0.0002,0.2537
10.657843,-2.934932,GCF_000092785___469,Negative,0.0126,0.0
3.1672025,2.2171464,GCF_000092785___470,Negative,0.0002,0.3928
11.5324545,-2.2329476,GCF_000092785___471,Negative,0.0091,0.0002
10.268236,-2.6918464,GCF_000092785___472,Negative,0.1448,0.0006
10.116234,-2.5039437,GCF_000092785___473,Negative,0.2786,0.0001
3.2175336,-1.4890707,GCF_000092785___474,Negative,0.0006,0.9967
0.8586668,1.0741755,GCF_000092785___475,Negative,0.0002,0.1874
4.840145,-0.33381575,GCF_000092785___476,Negative,0.0023,0.5618
3.0523496,-1.2272213,GCF_000092785___477,Negative,0.0019,0.4791
10.207865,-2.4536755,GCF_000092785___478,Negative,0.2407,0.0001
10.171797,2.254757,GCF_000092785___479,Negative,0.0,0.3398
2.8799043,-0.46317953,GCF_000092785___480,Negative,0.0,0.9831
1.4530957,3.755769,GCF_000092785___481,Negative,0.0,0.0065
0.6308404,4.995026,GCF_000092785___482,Negative,0.0,0.0025
11.138394,-2.096055,GCF_000092785___483,Negative,0.0135,0.0
0.42011315,5.6511364,GCF_000092785___484,Negative,0.0,0.0005
2.984636,1.015937,GCF_000092785___485,Negative,0.0001,0.1972
11.773435,-3.0212634,GCF_000092785___486,Negative,0.0029,0.0001
0.8062225,3.7710092,GCF_000092785___487,Negative,0.0,0.0037
9.966382,2.3520815,GCF_000092785___488,Negative,0.0,0.0743
0.4888378,4.1281857,GCF_000092785___489,Negative,0.0,0.0037
0.11350829,4.551718,GCF_000092785___490,Negative,0.0,0.0007
9.761333,1.1523783,GCF_000092785___491,Negative,0.0,0.0049
10.785238,-2.485705,GCF_000092785___492,Negative,0.0307,0.0001
0.75156695,5.7514358,GCF_000092785___493,Negative,0.0,0.0011
1.3900069,4.104423,GCF_000092785___494,Negative,0.0,0.0041
0.43893564,5.5932503,GCF_000092785___495,Negative,0.0,0.0023
10.78824,1.7181028,GCF_000092785___496,Negative,0.0014,0.9903
0.6418437,2.8682487,GCF_000092785___497,Negative,0.0,0.0013
3.309586,0.20343764,GCF_000092785___498,Negative,0.0002,0.9722
4.3646946,-1.1043129,GCF_000092785___499,Negative,0.0066,0.9932
-1.6659434,2.3231475,GCF_000092785___500,Negative,0.0,0.0177
10.955555,2.0857773,GCF_000092785___501,Negative,0.0004,0.986
2.4103665,-2.3027468,GCF_000092785___502,Negative,0.0,0.0931
1.726451,4.2154593,GCF_000092785___503,Negative,0.0,0.0129
1.9955544,3.46519,GCF_000092785___504,Negative,0.0002,0.0254
1.6835401,2.1178753,GCF_000092785___505,Negative,0.0,0.1285
2.610025,-2.228318,GCF_000092785___506,Negative,0.0001,0.0025
-0.21545239,5.0252867,GCF_000092785___507,Negative,0.0,0.0018
2.2549944,2.889674,GCF_000092785___508,Negative,0.0007,0.03
0.75550824,4.6031823,GCF_000092785___509,Negative,0.0,0.0117
10.4592285,-1.7245567,GCF_000092785___510,Negative,0.0948,0.0977
10.574657,1.6093045,GCF_000092785___511,Negative,0.0012,0.993
1.9359459,4.928809,GCF_000092785___512,Negative,0.0,0.0021
0.006696668,5.8383465,GCF_000092785___513,Negative,0.0,0.0029
0.17663841,4.8298445,GCF_000092785___514,Negative,0.0,0.0078
3.4579117,1.9134631,GCF_000092785___515,Negative,0.0001,0.146
1.8354709,4.534502,GCF_000092785___516,Negative,0.0,0.0006
1.0389389,3.9921434,GCF_000092785___517,Negative,0.0,0.0052
0.96042067,3.3051858,GCF_000092785___518,Negative,0.0002,0.0071
-1.3831832,3.2043667,GCF_000092785___519,Negative,0.0001,0.0017
2.3490155,-2.778839,GCF_000092785___520,Negative,0.0,0.0048
-2.0337465,3.0415015,GCF_000092785___521,Negative,0.0,0.0353
7.4867,2.00756,GCF_000092785___522,Negative,0.0004,0.0026
0.8698725,1.1101108,GCF_000092785___523,Negative,0.0035,0.2295
11.165923,1.6995628,GCF_000092785___524,Negative,0.0003,0.4755
-1.657942,2.2690058,GCF_000092785___525,Negative,0.0,0.0337
10.7369795,2.0814433,GCF_000092785___526,Negative,0.0005,0.8881
8.471165,-1.8490382,GCF_000092785___527,Inc-protein,0.9642,0.0257
0.8628974,11.642882,GCF_000092785___528,Negative,0.0,0.0238
2.1153197,3.8676217,GCF_000092785___529,Negative,0.0,0.0174
1.4122492,3.2248938,GCF_000092785___530,Negative,0.0,0.0487
11.819068,-2.8463483,GCF_000092785___531,Negative,0.0019,0.0
2.222537,4.5172267,GCF_000092785___532,Negative,0.0,0.0171
10.738373,-3.0862963,GCF_000092785___533,Negative,0.0192,0.0001
1.7639099,4.9213037,GCF_000092785___534,Negative,0.0,0.0056
4.1458006,0.52503824,GCF_000092785___535,Negative,0.0004,0.2357
2.2571218,2.5461383,GCF_000092785___536,Negative,0.0,0.091
2.4612298,2.0910177,GCF_000092785___537,Negative,0.0001,0.2312
0.48664048,3.9791722,GCF_000092785___538,Negative,0.0,0.0102
2.8367465,-1.2032982,GCF_000092785___539,Negative,0.0011,0.3912
9.938797,0.12221386,GCF_000092785___540,Negative,0.0272,0.846
4.6644855,-0.61145324,GCF_000092785___541,Negative,0.0032,0.9659
3.0065694,-0.8310827,GCF_000092785___542,Negative,0.0015,0.5754
11.494467,-2.7923594,GCF_000092785___543,Negative,0.0018,0.0
2.1773603,2.153189,GCF_000092785___544,Negative,0.0001,0.3927
1.7524545,2.7321417,GCF_000092785___545,Negative,0.0,0.0033
2.560191,4.680211,GCF_000092785___546,Negative,0.0001,0.0132
10.357562,1.7509032,GCF_000092785___547,Negative,0.0015,0.9844
11.302478,-2.8703964,GCF_000092785___548,Negative,0.0028,0.0001
4.396248,-1.1467997,GCF_000092785___549,Negative,0.0001,0.9997
3.5529013,2.6937718,GCF_000092785___550,Negative,0.0004,0.2198
2.6957781,4.354277,GCF_000092785___551,Negative,0.0,0.04
11.652252,-2.6630163,GCF_000092785___552,Negative,0.0033,0.0001
3.337456,2.8567455,GCF_000092785___553,Negative,0.0,0.1705
-0.15542006,3.6430154,GCF_000092785___554,Negative,0.0,0.0018
-0.5657473,4.71096,GCF_000092785___555,Negative,0.0,0.0004
10.453016,-2.7584631,GCF_000092785___556,Negative,0.0296,0.0002
1.6357418,2.110312,GCF_000092785___557,Negative,0.0,0.0108
1.8202003,4.26289,GCF_000092785___558,Negative,0.0,0.0001
-0.11310666,4.551177,GCF_000092785___559,Negative,0.0,0.0002
2.3682628,3.0360746,GCF_000092785___560,Negative,0.0,0.0555
2.399498,2.735216,GCF_000092785___561,Negative,0.0002,0.0194
-0.73613274,4.426912,GCF_000092785___562,Negative,0.0,0.0031
-0.5874731,4.694645,GCF_000092785___563,Negative,0.0,0.0009
4.3931127,-1.0450145,GCF_000092785___564,Negative,0.0018,0.9979
10.842193,-2.736885,GCF_000092785___565,Negative,0.1644,0.0037
0.23047557,4.905968,GCF_000092785___566,Negative,0.0,0.0036
3.9678996,0.5113959,GCF_000092785___567,Negative,0.0001,0.7848
3.8488424,-0.8337535,GCF_000092785___568,Negative,0.0027,0.9954
10.326745,1.878664,GCF_000092785___569,Negative,0.1794,0.1234
10.696157,1.4914953,GCF_000092785___570,Negative,0.0009,0.9966
11.2472,1.5310813,GCF_000092785___571,Negative,0.0015,0.131
10.65251,1.5739408,GCF_000092785___572,Negative,0.0023,0.765
3.6920238,2.5478852,GCF_000092785___573,Negative,0.0002,0.2291
2.7498314,-0.44306788,GCF_000092785___574,Negative,0.0002,0.8713
1.1885359,3.4452348,GCF_000092785___575,Negative,0.0,0.0157
1.3780123,3.642534,GCF_000092785___576,Negative,0.0,0.0107
1.9696951,2.762021,GCF_000092785___577,Negative,0.0102,0.1284
12.146228,-3.0689902,GCF_000092785___578,Negative,0.0138,0.0005
11.338902,-3.1613386,GCF_000092785___579,Negative,0.0013,0.0
0.33022887,5.630431,GCF_000092785___580,Negative,0.0,0.0014
7.1793823,-1.5977161,GCF_000092785___581,Inc-protein,0.8037,0.0865
5.9253445,-1.585904,GCF_000092785___582,Negative,0.0002,0.9995
3.403613,-0.16760172,GCF_000092785___583,Negative,0.0002,0.985
4.5249267,-0.82999414,GCF_000092785___584,Negative,0.0038,0.9955
2.6451316,3.355155,GCF_000092785___585,Negative,0.0001,0.0184
4.082424,0.52698886,GCF_000092785___586,Negative,0.0004,0.8498
1.5813419,2.4340656,GCF_000092785___587,Negative,0.0,0.0126
11.394515,-2.2787838,GCF_000092785___588,Negative,0.0009,0.0
9.600441,2.8625305,GCF_000092785___589,Negative,0.0001,0.9656
3.623619,1.1688765,GCF_000092785___590,Negative,0.0,0.0144
-1.530581,2.9458833,GCF_000092785___591,Negative,0.0001,0.0009
7.4561877,2.020136,GCF_000092785___592,Negative,0.0005,0.0033
-1.9901685,3.0154836,GCF_000092785___593,Negative,0.0,0.0353
2.3912506,-2.7816906,GCF_000092785___594,Negative,0.0,0.0048
0.9181132,1.1399113,GCF_000092785___595,Negative,0.0025,0.1091
-1.4056888,3.2502053,GCF_000092785___596,Negative,0.0,0.0138
7.538043,1.9649589,GCF_000092785___597,Negative,0.0004,0.0023
2.750161,-0.9639872,GCF_000092785___598,Negative,0.0006,0.8309
6.864943,-2.4527059,GCF_000092785___599,Negative,0.0,0.0018
2.771489,-1.2876223,GCF_000092785___600,Negative,0.0011,0.6103
6.8693967,-2.4578614,GCF_000092785___601,Negative,0.0002,0.0154
0.8503267,11.6287155,GCF_000092785___602,Negative,0.0,0.0296
2.5954945,-1.7081112,GCF_000092785___603,Negative,0.0,0.0014
2.6704032,-1.7589363,GCF_000092785___604,Negative,0.0001,0.0494
-1.6812562,2.2523293,GCF_000092785___605,Negative,0.0,0.0298
3.5353143,2.7958827,GCF_000092785___606,Negative,0.0003,0.0878
2.845434,2.9211082,GCF_000092785___607,Negative,0.0001,0.0266
4.9072046,-0.8977156,GCF_000092785___608,Negative,0.0,0.9999
1.0490721,3.3593204,GCF_000092785___609,Negative,0.0001,0.0105
4.2350035,0.5980916,GCF_000092785___610,Negative,0.0003,0.9708
10.030792,2.3343189,GCF_000092785___611,Negative,0.0001,0.8538
-0.09835967,5.5034246,GCF_000092785___612,Negative,0.0,0.0022
9.951011,0.5074499,GCF_000092785___613,Negative,0.0013,0.1265
0.113316566,4.2480345,GCF_000092785___614,Negative,0.0,0.0009
0.3211856,3.746088,GCF_000092785___615,Negative,0.0,0.0039
10.078598,2.4710784,GCF_000092785___616,Negative,0.0007,0.8563
9.626631,1.6864101,GCF_000092785___617,Negative,0.0017,0.027
11.02765,-2.3402796,GCF_000092785___618,Negative,0.0109,0.0001
10.034127,2.2031028,GCF_000092785___619,Negative,0.0,0.107
-0.34299868,5.587499,GCF_000092785___620,Negative,0.0,0.0001
10.660454,-1.518365,GCF_000092785___621,Negative,0.0054,0.0046
3.1221318,2.4730823,GCF_000092785___622,Negative,0.0001,0.0252
-0.6062181,4.985647,GCF_000092785___623,Negative,0.0,0.0003
2.0202904,2.6773534,GCF_000092785___624,Negative,0.0001,0.2462
0.43665203,2.9437315,GCF_000092785___625,Negative,0.0,0.0002
-1.6883289,2.307272,GCF_000092785___626,Negative,0.0,0.0285
9.85574,2.3790781,GCF_000092785___627,Negative,0.0002,0.109
2.4089198,-2.446451,GCF_000092785___628,Negative,0.0,0.0004
2.3943865,-2.7865152,GCF_000092785___629,Negative,0.0,0.0048
-1.9766744,3.008108,GCF_000092785___630,Negative,0.0,0.0353
7.5092416,2.0069966,GCF_000092785___631,Negative,0.0004,0.0026
1.2387849,1.3014383,GCF_000092785___632,Negative,0.0041,0.0815
0.84963673,11.629607,GCF_000092785___633,Negative,0.0,0.0394
2.964066,-0.6975533,GCF_000092785___634,Negative,0.0001,0.3576
0.4608933,2.2530942,GCF_000092785___635,Negative,0.0,0.0289
2.9501274,-1.8061827,GCF_000092785___636,Negative,0.0144,0.6071
1.9475554,2.7800298,GCF_000092785___637,Negative,0.0001,0.0058
3.3602707,1.8423264,GCF_000092785___638,Negative,0.0,0.0749
-0.58638877,3.2290955,GCF_000092785___639,Negative,0.0,0.0045
11.854967,-2.9082763,GCF_000092785___640,Negative,0.0003,0.0
1.9840285,2.0276256,GCF_000092785___641,Negative,0.0005,0.2458
9.853223,-1.6051695,GCF_000092785___642,Negative,0.4299,0.0008
-0.6434394,4.603664,GCF_000092785___643,Negative,0.0,0.0001
-1.4351707,2.519019,GCF_000092785___644,Negative,0.0,0.0001
-1.6002127,2.1710134,GCF_000092785___645,Negative,0.0,0.2156
2.6543605,-2.2274766,GCF_000092785___646,Negative,0.0001,0.0897
3.4611535,2.933129,GCF_000092785___647,Negative,0.0,0.0034
2.8743684,1.106444,GCF_000092785___648,Negative,0.0002,0.967
1.145946,2.7932534,GCF_000092785___649,Negative,0.0001,0.0584
2.8473535,-2.02563,GCF_000092785___650,Negative,0.0358,0.6778
3.3842013,-1.2226195,GCF_000092785___651,Negative,0.0012,0.9869
1.467851,4.7661467,GCF_000092785___652,Negative,0.0002,0.0611
3.4941697,2.7568276,GCF_000092785___653,Negative,0.0003,0.488
10.929854,2.1369925,GCF_000092785___654,Negative,0.0002,0.9951
10.584588,-2.229341,GCF_000092785___655,Negative,0.065,0.0024
10.545835,-2.4025073,GCF_000092785___656,Negative,0.0359,0.0006
9.996905,-1.8946124,GCF_000092785___657,Inc-protein,0.9724,0.0006
3.7412052,2.499915,GCF_000092785___658,Negative,0.0002,0.7661
12.004217,-3.139798,GCF_000092785___659,Negative,0.0005,0.0013
5.723668,-1.4015362,GCF_000092785___660,Negative,0.0,0.9998
0.44039103,4.7226067,GCF_000092785___661,Negative,0.0,0.0026
2.0538917,2.6196873,GCF_000092785___662,Negative,0.0001,0.0148
2.9603128,-1.4897978,GCF_000092785___663,Negative,0.0003,0.4719
1.0030872,4.182582,GCF_000092785___664,Negative,0.0,0.0061
3.450601,-0.20654505,GCF_000092785___665,Negative,0.0021,0.5209
9.287438,-1.8568425,GCF_000092785___666,Inc-protein,0.9995,0.0003
10.240488,-2.6400862,GCF_000092785___667,Negative,0.1665,0.0002
-0.04381478,3.2199953,GCF_000092785___668,Negative,0.0,0.0004
0.92463785,4.249478,GCF_000092785___669,Negative,0.0001,0.01
2.368651,3.3488142,GCF_000092785___670,Negative,0.0,0.0349
1.5302459,4.0396824,GCF_000092785___671,Negative,0.0002,0.0048
1.1285565,3.4728904,GCF_000092785___672,Negative,0.0,0.0051
1.6322416,4.773756,GCF_000092785___673,Negative,0.0,0.0035
1.6970506,2.1748703,GCF_000092785___674,Negative,0.0,0.0257
1.5226604,4.339713,GCF_000092785___675,Negative,0.0,0.0223
1.2863215,3.251426,GCF_000092785___676,Negative,0.0,0.0276
4.3874063,-0.90497375,GCF_000092785___677,Negative,0.0001,0.9998
4.548269,-1.0503705,GCF_000092785___678,Negative,0.0,1.0
2.9891722,2.8841727,GCF_000092785___679,Negative,0.0002,0.3976
0.5730901,3.620361,GCF_000092785___680,Negative,0.0,0.0152
2.24155,1.0795373,GCF_000092785___681,Negative,0.0001,0.2349
9.850231,-1.559629,GCF_000092785___682,Negative,0.7372,0.0007
0.123564914,4.5244555,GCF_000092785___683,Negative,0.0,0.0099
-0.3636086,4.7415676,GCF_000092785___684,Negative,0.0,0.0004
2.2226892,3.2052016,GCF_000092785___685,Negative,0.0002,0.6457
3.116162,-1.6390641,GCF_000092785___686,Negative,0.0002,0.9901
0.31080687,4.403812,GCF_000092785___687,Negative,0.0,0.0175
9.466733,-1.7354301,GCF_000092785___688,Inc-protein,0.9876,0.0008
1.1988122,3.0014932,GCF_000092785___689,Negative,0.0,0.0108
6.767627,-1.3320665,GCF_000092785___690,Inc-protein,0.9326,0.0673
3.6732793,0.2383793,GCF_000092785___691,Negative,0.0027,0.8941
0.0046157115,5.9197216,GCF_000092785___692,Negative,0.0,0.0003
-0.28502885,5.6069736,GCF_000092785___693,Negative,0.0,0.0001
11.127273,-2.0754807,GCF_000092785___694,Negative,0.051,0.0032
-0.75684166,3.959601,GCF_000092785___695,Negative,0.0,0.0241
1.4145576,3.1581993,GCF_000092785___696,Negative,0.0,0.0043
3.7182162,2.5867348,GCF_000092785___697,Negative,0.0,0.5942
4.1336536,0.6893226,GCF_000092785___698,Negative,0.0001,0.9813
2.4910207,-2.5092697,GCF_000092785___699,Negative,0.0,0.0021
11.431243,-3.3093488,GCF_000092785___700,Negative,0.013,0.0
0.13495916,5.4989886,GCF_000092785___701,Negative,0.0,0.0128
3.32013,-0.2634532,GCF_000092785___702,Negative,0.0005,0.916
1.1389687,4.843108,GCF_000092785___703,Negative,0.0,0.0329
6.964415,-1.5683229,GCF_000092785___704,Inc-protein,0.9952,0.0011
2.8821697,2.2904599,GCF_000092785___705,Negative,0.0,0.0152
1.0578637,4.7399955,GCF_000092785___706,Negative,0.0,0.0036
9.602305,0.55555105,GCF_000092785___707,Negative,0.0,0.0002
0.9551404,1.2617893,GCF_000092785___708,Negative,0.0004,0.0526
9.926246,2.040832,GCF_000092785___709,Negative,0.0,0.0022
2.076117,2.1357682,GCF_000092785___710,Negative,0.0,0.1061
0.87238854,5.1678815,GCF_000092785___711,Negative,0.0,0.0105
0.79622006,5.0719566,GCF_000092785___712,Negative,0.0001,0.0057
3.2244055,2.8264837,GCF_000092785___713,Negative,0.0,0.0062
4.7385097,-0.91567653,GCF_000092785___714,Negative,0.0001,0.9999
0.49349853,4.841765,GCF_000092785___715,Negative,0.0,0.0016
1.1609011,3.7916114,GCF_000092785___716,Negative,0.0,0.0062
11.69128,-3.1029088,GCF_000092785___717,Negative,0.0637,0.0001
0.9003782,3.9639008,GCF_000092785___718,Negative,0.0,0.0027
-2.0247228,2.9917135,GCF_000092785___719,Negative,0.0005,0.1938
1.2276545,4.7341,GCF_000092785___720,Negative,0.0,0.0091
-1.2212696,3.512324,GCF_000092785___721,Negative,0.0,0.0128
2.9279616,-1.8696688,GCF_000092785___722,Negative,0.0007,0.2905
6.462657,-1.1268111,GCF_000092785___723,Negative,0.2109,0.7883
3.085214,3.0202477,GCF_000092785___724,Negative,0.0003,0.0621
9.875059,0.38285026,GCF_000092785___725,Negative,0.0025,0.0274
2.5409567,2.7451537,GCF_000092785___726,Negative,0.0,0.0588
10.798482,-2.258138,GCF_000092785___727,Negative,0.4485,0.0001
12.1953,-3.0177927,GCF_000092785___728,Negative,0.0,0.0
2.424847,4.43096,GCF_000092785___729,Negative,0.0,0.0091
11.82526,-2.5837903,GCF_000092785___730,Negative,0.0006,0.0
11.830467,-2.4590733,GCF_000092785___731,Negative,0.0015,0.0
7.135107,-1.4568549,GCF_000092785___732,Inc-protein,0.9941,0.0055
3.0996492,0.9982646,GCF_000092785___733,Negative,0.0,0.8467
2.2819607,5.0008125,GCF_000092785___734,Negative,0.0,0.0013
2.1929789,5.1021295,GCF_000092785___735,Negative,0.0,0.0081
1.2809352,4.3659945,GCF_000092785___736,Negative,0.0,0.0013
1.1208869,4.8880935,GCF_000092785___737,Negative,0.0,0.0123
1.1304139,5.2639823,GCF_000092785___738,Negative,0.0,0.0004
9.71517,1.6997483,GCF_000092785___739,Negative,0.0003,0.0244
10.903714,-3.063926,GCF_000092785___740,Negative,0.0474,0.0001
11.215768,1.6353978,GCF_000092785___741,Negative,0.0005,0.4601
10.17199,1.283401,GCF_000092785___742,Negative,0.0037,0.9411
1.4589893,4.9288826,GCF_000092785___743,Negative,0.0,0.0052
10.643832,1.5471537,GCF_000092785___744,Negative,0.0027,0.9859
10.3663025,1.9842232,GCF_000092785___745,Negative,0.0004,0.8969
3.5637214,2.6328952,GCF_000092785___746,Negative,0.0001,0.7361
0.4447367,4.132794,GCF_000092785___747,Negative,0.0005,0.0113
3.6416686,-0.014754254,GCF_000092785___748,Negative,0.0026,0.9569
2.7091682,1.8270171,GCF_000092785___749,Negative,0.0002,0.2936
11.01008,2.5622015,GCF_000092785___750,Negative,0.0157,0.6544
10.65168,1.515804,GCF_000092785___751,Negative,0.0063,0.9547
1.3598646,3.9837174,GCF_000092785___752,Negative,0.0,0.0084
3.5021625,3.0978816,GCF_000092785___753,Negative,0.0004,0.1257
2.2831454,1.672426,GCF_000092785___754,Negative,0.002,0.6515
10.776263,-2.3903368,GCF_000092785___755,Negative,0.0716,0.0001
0.92254376,5.5829153,GCF_000092785___756,Negative,0.0,0.001
11.960717,-3.1280556,GCF_000092785___757,Negative,0.0009,0.0
11.651469,-3.196194,GCF_000092785___758,Negative,0.0015,0.0
0.4964066,2.1578696,GCF_000092785___759,Negative,0.0004,0.0992
4.6755333,-1.3194816,GCF_000092785___760,Negative,0.4895,0.5091
2.9226186,4.2528305,GCF_000092785___761,Negative,0.0,0.0418
2.4965432,4.607648,GCF_000092785___762,Negative,0.0,0.0357
2.7915733,3.9244444,GCF_000092785___763,Negative,0.0,0.1652
2.8621385,3.8955572,GCF_000092785___764,Negative,0.0,0.0384
2.0949562,4.9491353,GCF_000092785___765,Negative,0.0,0.0019
2.8652446,2.7433887,GCF_000092785___766,Negative,0.0001,0.2075
2.7779324,-1.0507438,GCF_000092785___767,Negative,0.0004,0.4403
2.6191688,3.2413917,GCF_000092785___768,Negative,0.0,0.0607
2.6296873,4.63689,GCF_000092785___769,Negative,0.0,0.0176
11.530778,-2.6462793,GCF_000092785___770,Negative,0.0054,0.0
9.928144,-2.257047,GCF_000092785___771,Inc-protein,0.9165,0.0001
3.266764,1.2740402,GCF_000092785___772,Negative,0.0006,0.1001
11.287558,-3.1343849,GCF_000092785___773,Negative,0.3443,0.0019
-0.033642728,4.65314,GCF_000092785___774,Negative,0.0,0.0042
-0.3667978,3.4402423,GCF_000092785___775,Negative,0.0,0.0008
-0.28941858,4.6646767,GCF_000092785___776,Negative,0.0,0.0
2.4328146,3.5227659,GCF_000092785___777,Negative,0.0,0.0409
10.377415,1.3807871,GCF_000092785___778,Negative,0.0007,0.9355
3.0278125,1.961235,GCF_000092785___779,Negative,0.0001,0.1211
10.962134,-3.0757916,GCF_000092785___780,Negative,0.0156,0.0002
2.6651511,3.7034254,GCF_000092785___781,Negative,0.0003,0.1184
10.743618,-2.3988042,GCF_000092785___782,Negative,0.104,0.0002
5.9705777,-1.6398772,GCF_000092785___783,Negative,0.0001,0.9986
1.7069174,5.126532,GCF_000092785___784,Negative,0.0,0.0025
2.6419806,4.155351,GCF_000092785___785,Negative,0.0,0.0094
1.6861877,4.993367,GCF_000092785___786,Negative,0.0,0.0014
2.7643766,1.669003,GCF_000092785___787,Negative,0.0001,0.1986
-0.32766777,4.117397,GCF_000092785___788,Negative,0.0,0.0001
2.2421646,3.009605,GCF_000092785___789,Negative,0.0,0.0072
-0.053206187,5.247525,GCF_000092785___790,Negative,0.0,0.0017
2.096934,4.772084,GCF_000092785___791,Negative,0.0,0.0137
4.5754547,-1.0293858,GCF_000092785___792,Negative,0.0002,0.9997
7.475483,2.0012696,GCF_000092785___793,Negative,0.0005,0.0033
-1.980683,3.0183372,GCF_000092785___794,Negative,0.0,0.0353
2.3936737,-2.776769,GCF_000092785___795,Negative,0.0,0.0048
3.782335,-0.6207725,GCF_000092785___796,Negative,0.0,0.9964
10.967569,2.6924741,GCF_000092785___797,Negative,0.0009,0.8419
10.993762,2.0244424,GCF_000092785___798,Negative,0.0016,0.9409
0.596387,5.066897,GCF_000092785___799,Negative,0.0,0.0053
0.7423811,2.6069927,GCF_000092785___800,Negative,0.0,0.0118
1.716446,4.670278,GCF_000092785___801,Negative,0.0,0.0042
0.44193032,2.2210305,GCF_000092785___802,Negative,0.0,0.0319
2.6808946,2.084199,GCF_000092785___803,Negative,0.0,0.5343
0.4354519,2.6663723,GCF_000092785___804,Negative,0.0001,0.0358
2.4527655,3.4595814,GCF_000092785___805,Negative,0.0,0.0465
-1.5061175,2.9205856,GCF_000092785___806,Negative,0.0001,0.0009
0.9099727,1.1414094,GCF_000092785___807,Negative,0.0025,0.1091
4.9762535,-0.64394385,GCF_000092785___808,Negative,0.0001,0.9904
2.9905896,-0.5699378,GCF_000092785___809,Negative,0.0002,0.0759
9.420909,-1.8656142,GCF_000092785___810,Inc-protein,0.988,0.0007
10.783918,1.5514168,GCF_000092785___811,Negative,0.0006,0.2184
1.1122051,4.780254,GCF_000092785___812,Negative,0.0,0.0175
5.259011,-0.9775192,GCF_000092785___813,Negative,0.0003,0.9997
0.48234335,5.2032337,GCF_000092785___814,Negative,0.0,0.0082
10.418402,1.7555344,GCF_000092785___815,Negative,0.0003,0.9842
2.1873982,4.544525,GCF_000092785___816,Negative,0.0001,0.4511
-0.4043401,5.1821866,GCF_000092785___817,Negative,0.0,0.0002
10.795776,1.562187,GCF_000092785___818,Negative,0.0018,0.9892
4.1914973,0.7213979,GCF_000092785___819,Negative,0.0002,0.2938
5.3207145,-0.83653784,GCF_000092785___820,Negative,0.0001,0.9993
11.541518,-3.209924,GCF_000092785___821,Negative,0.0023,0.0
10.179149,-2.6486042,GCF_000092785___822,Negative,0.4234,0.0005
0.9162577,4.1566267,GCF_000092785___823,Negative,0.0,0.0237
0.9171563,1.4655354,GCF_000092785___824,Negative,0.0007,0.0303
7.6688223,-1.5742404,GCF_000092785___825,Inc-protein,0.9377,0.0009
4.626947,-0.30979475,GCF_000092785___826,Negative,0.0004,0.9934
2.7072687,4.2258806,GCF_000092785___827,Negative,0.0,0.0611
1.5332761,5.200618,GCF_000092785___828,Negative,0.0,0.0005
1.9848559,3.3796844,GCF_000092785___829,Negative,0.0,0.0012
2.0844557,2.2760568,GCF_000092785___830,Negative,0.0004,0.088
1.8949635,3.050554,GCF_000092785___831,Negative,0.0001,0.0236
1.0481716,2.1583133,GCF_000092785___832,Negative,0.0,0.0502
2.4572475,2.0388577,GCF_000092785___833,Negative,0.0001,0.1082
1.9539129,4.8689723,GCF_000092785___834,Negative,0.0,0.0195
3.832723,-0.7440464,GCF_000092785___835,Negative,0.0001,0.9989
11.253001,-3.1928086,GCF_000092785___836,Negative,0.0011,0.0
0.087991424,5.3160706,GCF_000092785___837,Negative,0.0,0.0005
1.9224721,2.4288208,GCF_000092785___838,Negative,0.0001,0.1028
0.91858286,4.2776146,GCF_000092785___839,Negative,0.0,0.0023
-0.23634282,5.1629376,GCF_000092785___840,Negative,0.0,0.0013
11.074849,1.6885571,GCF_000092785___841,Negative,0.0004,0.7009
6.085613,-1.7162507,GCF_000092785___842,Negative,0.0094,0.3491
0.58454716,5.585294,GCF_000092785___843,Negative,0.0,0.0001
2.9541047,2.0379312,GCF_000092785___844,Negative,0.0002,0.6899
11.461507,-2.6966019,GCF_000092785___845,Negative,0.0052,0.0
6.69805,-1.2477001,GCF_000092785___846,Inc-protein,0.9617,0.0382
9.827075,1.7974583,GCF_000092785___847,Negative,0.0,0.006
0.95390695,5.1085663,GCF_000092785___848,Negative,0.0,0.0004
3.2498674,0.37860054,GCF_000092785___849,Negative,0.0,0.9654
1.327676,4.0063396,GCF_000092785___850,Negative,0.0,0.0006
2.914378,3.383158,GCF_000092785___851,Negative,0.0,0.0883
2.5770028,-0.39554426,GCF_000092785___852,Negative,0.0001,0.0593
11.406059,-2.6415973,GCF_000092785___853,Negative,0.0165,0.0001
2.1854184,4.183345,GCF_000092785___854,Negative,0.0,0.0321
-0.7664369,4.563187,GCF_000092785___855,Negative,0.0,0.0011
0.5832761,4.016846,GCF_000092785___856,Negative,0.0,0.0174
11.166378,-1.9179125,GCF_000092785___857,Negative,0.0171,0.0002
11.1113405,1.9709738,GCF_000092785___858,Negative,0.0044,0.9772
0.06462846,5.7363167,GCF_000092785___859,Negative,0.0,0.0016
2.3203423,4.4781337,GCF_000092785___860,Negative,0.0,0.008
10.641367,1.4583032,GCF_000092785___861,Negative,0.0018,0.9955
10.83528,2.8748777,GCF_000092785___862,Negative,0.0001,0.6389
11.3452635,-2.253196,GCF_000092785___863,Negative,0.0075,0.0001
11.683047,-2.3173687,GCF_000092785___864,Negative,0.0031,0.0
1.3188771,5.25092,GCF_000092785___865,Negative,0.0,0.0022
2.1813104,3.4123995,GCF_000092785___866,Negative,0.0001,0.0781
3.6323986,1.0612395,GCF_000092785___867,Negative,0.0008,0.5189
10.971207,2.0405693,GCF_000092785___868,Negative,0.0029,0.9088
0.6732608,4.5918803,GCF_000092785___869,Negative,0.0,0.0049
0.35270524,4.448664,GCF_000092785___870,Negative,0.0,0.0646
11.281155,-2.48725,GCF_000092785___871,Negative,0.002,0.0
-0.6646552,4.047903,GCF_000092785___872,Negative,0.0,0.0034
10.051715,1.9401994,GCF_000092785___873,Negative,0.0038,0.215
2.9809182,1.7448864,GCF_000092785___874,Negative,0.0001,0.3161
5.569548,-1.1459115,GCF_000092785___875,Negative,0.0,0.9999
10.378046,1.9979583,GCF_000092785___876,Negative,0.0002,0.6472
1.5230895,4.238786,GCF_000092785___877,Negative,0.0001,0.0286
5.117203,-0.82343465,GCF_000092785___878,Negative,0.0,0.9998
2.5600781,2.024248,GCF_000092785___879,Negative,0.0001,0.8413
-0.15020205,4.282736,GCF_000092785___880,Negative,0.0,0.0002
-0.14611958,4.7956333,GCF_000092785___881,Negative,0.0,0.0
0.062276125,4.6391664,GCF_000092785___882,Negative,0.0001,0.0018
1.3760678,4.680158,GCF_000092785___883,Negative,0.0,0.0036
2.849393,1.882535,GCF_000092785___884,Negative,0.0001,0.18
2.4000556,1.9180061,GCF_000092785___885,Negative,0.0002,0.3145
1.1659281,4.1698723,GCF_000092785___886,Negative,0.0001,0.0115
9.595738,1.6565919,GCF_000092785___887,Negative,0.0008,0.1436
11.147786,-2.3817654,GCF_000092785___888,Negative,0.003,0.0001
11.162466,-2.2859614,GCF_000092785___889,Negative,0.0107,0.0008
0.20512193,4.2590694,GCF_000092785___890,Negative,0.0,0.0016
0.7283049,5.134765,GCF_000092785___891,Negative,0.0,0.005
2.0929146,5.076449,GCF_000092785___892,Negative,0.0,0.0015
2.3450553,2.3820038,GCF_000092785___893,Negative,0.0,0.1685
11.227718,1.7854954,GCF_000092785___894,Negative,0.0015,0.2105
-1.152118,2.5613697,GCF_000092785___895,Negative,0.0,0.0002
2.757516,-1.1443017,GCF_000092785___896,Negative,0.0001,0.1072
1.8307347,2.2031498,GCF_000092785___897,Negative,0.0001,0.1305
3.0590017,1.99505,GCF_000092785___898,Negative,0.0,0.2752
2.5073705,1.5016792,GCF_000092785___899,Negative,0.0065,0.3452
2.20592,1.7940861,GCF_000092785___900,Negative,0.0003,0.769
9.995391,2.3858514,GCF_000092785___901,Negative,0.0001,0.2529
2.3416817,3.678632,GCF_000092785___902,Negative,0.0001,0.0319
10.903553,2.7656271,GCF_000092785___903,Negative,0.0006,0.6161
10.962233,2.6511862,GCF_000092785___904,Negative,0.0011,0.8751
11.130032,1.787955,GCF_000092785___905,Negative,0.0002,0.981
11.174152,1.92544,GCF_000092785___906,Negative,0.0024,0.9929
11.271378,1.8341011,GCF_000092785___907,Negative,0.0006,0.9321
9.51783,2.897828,GCF_000092785___908,Negative,0.0,0.9935
2.3394294,2.142686,GCF_000092785___909,Negative,0.0002,0.0264
0.96838355,3.1600165,GCF_000092785___910,Negative,0.0002,0.0157
10.062986,-2.0545032,GCF_000092785___911,Negative,0.1276,0.0014
2.0119286,1.9739491,GCF_000092785___912,Negative,0.0,0.1016
1.381514,5.4020596,GCF_000092785___913,Negative,0.0,0.0013
10.483876,-2.9051688,GCF_000092785___914,Negative,0.0324,0.0
10.2282,-2.7188253,GCF_000092785___915,Negative,0.172,0.0001
10.678675,-2.1077805,GCF_000092785___916,Negative,0.0094,0.0015
2.0593035,1.882224,GCF_000092785___917,Negative,0.0011,0.1191
9.94985,1.8609262,GCF_000092785___918,Negative,0.0016,0.5409
6.5920444,-1.2151567,GCF_000092785___919,Negative,0.6864,0.3136
9.631121,0.67367303,GCF_000092785___920,Negative,0.0003,0.9623
1.3318708,4.9305253,GCF_000092785___921,Negative,0.0,0.0061
3.0751603,0.8291122,GCF_000092785___922,Negative,0.0009,0.972
10.211282,-2.6626205,GCF_000092785___923,Negative,0.1083,0.0002
1.734471,3.5237253,GCF_000092785___924,Negative,0.0,0.0112
6.8405952,-1.712111,GCF_000092785___925,Inc-protein,0.9913,0.0067
6.4711437,-1.6853317,GCF_000092785___926,Inc-protein,0.986,0.0135
3.1474197,2.0878408,GCF_000092785___927,Negative,0.0,0.0018
4.4957876,-0.008144753,GCF_000092785___928,Negative,0.0021,0.9666
11.417232,-3.2245982,GCF_000092785___929,Negative,0.0042,0.0
1.1772765,5.30621,GCF_000092785___930,Negative,0.0,0.0021
10.124683,1.9423851,GCF_000092785___931,Negative,0.0003,0.3637
1.5188723,4.3267255,GCF_000092785___932,Negative,0.0,0.0096
4.191031,0.6754348,GCF_000092785___933,Negative,0.0003,0.4311
4.1130705,-1.208283,GCF_000092785___934,Negative,0.1012,0.8974
1.4492555,2.2619123,GCF_000092785___935,Negative,0.0,0.0319
0.20105934,4.0063543,GCF_000092785___936,Negative,0.0,0.0143
2.1374836,5.1332693,GCF_000092785___937,Negative,0.0,0.0041
3.126158,0.8017701,GCF_000092785___938,Negative,0.001,0.8298
4.22002,-0.4981933,GCF_000092785___939,Negative,0.0,0.8912
0.6142326,4.8026094,GCF_000092785___940,Negative,0.0,0.0009
2.1334484,5.039455,GCF_000092785___941,Negative,0.0,0.0039
2.663733,1.860745,GCF_000092785___942,Negative,0.0001,0.3651
1.963461,3.5673773,GCF_000092785___943,Negative,0.0001,0.0508
3.3854392,2.6530225,GCF_000092785___944,Negative,0.0008,0.089
1.7815094,5.145849,GCF_000092785___945,Negative,0.0,0.0006
9.84044,2.687605,GCF_000092785___946,Negative,0.0,0.887
3.3005471,3.0709138,GCF_000092785___947,Negative,0.0001,0.2646
4.2920055,-1.0427986,GCF_000092785___948,Negative,0.0008,0.9559
0.70070726,3.5390773,GCF_000092785___949,Negative,0.0001,0.0481
9.863413,1.8612047,GCF_000092785___950,Negative,0.0,0.0155
10.060523,0.92076695,GCF_000092785___951,Negative,0.0155,0.3146
-0.5443672,4.8838263,GCF_000092785___952,Negative,0.0,0.0002
10.7409115,2.8931088,GCF_000092785___953,Negative,0.0002,0.0016
11.46299,-2.3553333,GCF_000092785___954,Negative,0.0097,0.0004
9.980625,2.2785597,GCF_000092785___955,Negative,0.0001,0.5854
5.7284946,-1.2008393,GCF_000092785___956,Negative,0.0002,0.9998
6.028992,-1.6948768,GCF_000092785___957,Negative,0.0,0.9982
10.522848,-2.0605297,GCF_000092785___958,Negative,0.0262,0.013
10.514634,1.8311281,GCF_000092785___959,Negative,0.0009,0.9884
1.0160573,4.505032,GCF_000092785___960,Negative,0.0,0.0344
0.4450664,4.920978,GCF_000092785___961,Negative,0.0,0.0156
0.5100464,4.4170003,GCF_000092785___962,Negative,0.0,0.032
0.11021486,3.989757,GCF_000092785___963,Negative,0.0001,0.0072
1.8955991,2.7725542,GCF_000092785___964,Negative,0.0001,0.0306
0.4384085,2.9376047,GCF_000092785___965,Negative,0.0,0.0004
4.5827184,-1.0876654,GCF_000092785___966,Negative,0.0008,0.9992
11.599309,-2.341557,GCF_000092785___967,Negative,0.0244,0.0003
0.09110991,5.6548543,GCF_000092785___968,Negative,0.0,0.0005
2.8704472,1.8433105,GCF_000092785___969,Negative,0.0001,0.7459
11.127762,-2.5132425,GCF_000092785___970,Negative,0.0057,0.0005
1.1257693,1.982122,GCF_000092785___971,Negative,0.0,0.2673
2.6073658,3.6640785,GCF_000092785___972,Negative,0.0002,0.0451
3.6493616,2.4302905,GCF_000092785___973,Negative,0.0001,0.1404
-0.46123978,4.3774257,GCF_000092785___974,Negative,0.0,0.0012
-0.48832878,4.255939,GCF_000092785___975,Negative,0.0,0.0008
2.7639723,-2.1816442,GCF_000092785___976,Negative,0.0056,0.3048
1.2796314,4.5545,GCF_000092785___977,Negative,0.0002,0.0038
2.745987,4.456518,GCF_000092785___978,Negative,0.0,0.169
2.6877894,4.7377625,GCF_000092785___979,Negative,0.0,0.0081
1.4027193,5.625563,GCF_000092785___980,Negative,0.0,0.0026
6.8678484,-2.3176548,GCF_000092785___981,Negative,0.106,0.024
2.8173687,-0.95858264,GCF_000092785___982,Negative,0.0032,0.6777
6.8569684,-2.479529,GCF_000092785___983,Negative,0.0001,0.0007
1.1418793,1.8341827,GCF_000092785___984,Negative,0.0,0.0497
6.877969,-2.3755047,GCF_000092785___985,Negative,0.0089,0.0036
2.6685016,-1.0757298,GCF_000092785___986,Negative,0.0001,0.1951
9.564742,2.887736,GCF_000092785___987,Negative,0.0023,0.9647
0.14846887,5.221516,GCF_000092785___988,Negative,0.0,0.0075
11.215653,-2.4312134,GCF_000092785___989,Negative,0.0138,0.0025
-0.2764517,5.560881,GCF_000092785___990,Negative,0.0,0.0
11.500943,-2.344435,GCF_000092785___991,Negative,0.0078,0.0
2.9850502,4.0106597,GCF_000092785___992,Negative,0.0008,0.572
2.245715,5.039329,GCF_000092785___993,Negative,0.0,0.0043
6.861433,-1.4335082,GCF_000092785___994,Inc-protein,0.9941,0.0059
2.7688954,3.1913123,GCF_000092785___995,Negative,0.0002,0.2133
2.623937,3.7530446,GCF_000092785___996,Negative,0.0,0.0342
3.234055,1.2650964,GCF_000092785___997,Negative,0.0,0.5526
10.247001,-2.5655224,GCF_000092785___998,Negative,0.0371,0.0007
10.001582,-2.577508,GCF_000092785___999,Negative,0.6462,0.0006
2.5097542,-2.3591871,GCF_000092785___1000,Negative,0.0,0.0008
2.6367404,-2.2394385,GCF_000092785___1001,Negative,0.0004,0.0152
2.662204,-2.2823062,GCF_000092785___1002,Negative,0.0004,0.1506
4.929961,-1.0278654,GCF_000092785___1003,Negative,0.0026,0.9972
2.7176888,1.9637319,GCF_000092785___1004,Negative,0.0001,0.2384
10.550702,-2.7815385,GCF_000092785___1005,Negative,0.0621,0.0001
10.676282,-2.8800328,GCF_000092785___1006,Negative,0.0164,0.0
5.8318024,-1.0258805,GCF_000092785___1007,Negative,0.0958,0.8837
2.9711087,1.9962683,GCF_000092785___1008,Negative,0.0004,0.7362
0.020996947,4.846761,GCF_000092785___1009,Negative,0.0,0.009
2.2637393,1.4085952,GCF_000092785___1010,Negative,0.0,0.5862
0.91840214,4.0198526,GCF_000092785___1011,Negative,0.0,0.014
11.119104,1.427569,GCF_000092785___1012,Negative,0.0002,0.006
5.8105617,-1.3807982,GCF_000092785___1013,Negative,0.0007,0.9993
3.3900375,-0.8464289,GCF_000092785___1014,Negative,0.011,0.3284
0.77896625,5.4927273,GCF_000092785___1015,Negative,0.0,0.0054
5.4707146,-1.0203136,GCF_000092785___1016,Negative,0.0037,0.9962
0.93356687,5.759898,GCF_000092785___1017,Negative,0.0,0.001
2.5012062,4.2590194,GCF_000092785___1018,Negative,0.0001,0.021
0.11919366,5.8597236,GCF_000092785___1019,Negative,0.0,0.0002
0.535798,5.524123,GCF_000092785___1020,Negative,0.0,0.0041
5.0122905,-0.3315208,GCF_000092785___1021,Negative,0.0038,0.9668
3.1653645,-1.4623172,GCF_000092785___1022,Negative,0.0014,0.9324
1.2708724,2.0301957,GCF_000092785___1023,Negative,0.0001,0.0418
1.9658949,5.0677466,GCF_000092785___1024,Negative,0.0,0.003
0.5462479,5.484598,GCF_000092785___1025,Negative,0.0,0.0042
4.0589848,-0.8738089,GCF_000092785___1026,Negative,0.0595,0.934
0.8502631,11.63007,GCF_000092785___1027,Negative,0.0,0.0036
0.7422453,3.7594256,GCF_000092785___1028,Negative,0.0,0.0029
9.69089,1.7592123,GCF_000092785___1029,Negative,0.0004,0.0862
1.7469002,5.393031,GCF_000092785___1030,Negative,0.0,0.0012
11.0120325,-3.098616,GCF_000092785___1031,Negative,0.034,0.0
0.33638307,2.6896584,GCF_000092785___1032,Negative,0.0002,0.0273
10.083011,1.8632383,GCF_000092785___1033,Negative,0.0002,0.0792
9.739188,0.6867215,GCF_000092785___1034,Negative,0.0041,0.0654
2.849138,2.9685767,GCF_000092785___1035,Negative,0.0029,0.0627
4.7938294,-0.6062644,GCF_000092785___1036,Negative,0.0001,0.9887
5.775925,-1.3724895,GCF_000092785___1037,Negative,0.0007,0.9992
-0.045541096,5.668307,GCF_000092785___1038,Negative,0.0,0.001
2.1748996,1.8400223,GCF_000092785___1039,Negative,0.0002,0.3519
1.1916701,2.5245442,GCF_000092785___1040,Negative,0.0,0.1315
9.892345,0.41120297,GCF_000092785___1041,Negative,0.0015,0.2789
11.002145,1.7351812,GCF_000092785___1042,Negative,0.0011,0.9823
0.24525677,5.0502367,GCF_000092785___1043,Negative,0.0,0.0004
0.66665304,5.146524,GCF_000092785___1044,Negative,0.0,0.0052
9.296422,0.94003904,GCF_000092785___1045,Negative,0.008,0.123
11.219555,-2.720719,GCF_000092785___1046,Negative,0.0075,0.0001
0.8612609,3.4267144,GCF_000092785___1047,Negative,0.0,0.0059
2.8924901,-0.5783038,GCF_000092785___1048,Negative,0.0001,0.6327
1.2476351,2.063566,GCF_000092785___1049,Negative,0.0,0.144
0.85443616,1.0678953,GCF_000092785___1050,Negative,0.0002,0.1874
-1.5231577,2.3558943,GCF_000092785___1051,Negative,0.0,0.0005
1.6328764,1.7799971,GCF_000092785___1052,Negative,0.0004,0.1067
2.5662081,-2.061432,GCF_000092785___1053,Negative,0.0001,0.0004
0.26919603,4.162122,GCF_000092785___1054,Negative,0.0001,0.0014
11.536692,-2.3311944,GCF_000092785___1055,Negative,0.0008,0.0
10.906883,-2.7609453,GCF_000092785___1056,Negative,0.0143,0.0
10.021716,-2.5209558,GCF_000092785___1057,Inc-protein,0.846,0.0001
11.906247,-2.8552601,GCF_000092785___1058,Negative,0.0005,0.0
4.3211575,-0.92138445,GCF_000092785___1059,Negative,0.0045,0.9952
4.5418,-0.9857585,GCF_000092785___1060,Negative,0.0001,0.9951
10.637841,-2.8355348,GCF_000092785___1061,Negative,0.032,0.0
0.70421296,4.822281,GCF_000092785___1062,Negative,0.0,0.0032
-0.5065673,4.968661,GCF_000092785___1063,Negative,0.0,0.0011
1.2597214,4.788563,GCF_000092785___1064,Negative,0.0,0.0009
1.4571701,2.520208,GCF_000092785___1065,Negative,0.0002,0.1449
2.2743921,4.5623527,GCF_000092785___1066,Negative,0.0,0.2461
2.0555918,4.0243206,GCF_000092785___1067,Negative,0.0001,0.0764
-1.6826134,2.2707083,GCF_000092785___1068,Negative,0.0,0.028
0.77182007,2.3617163,GCF_000092785___1069,Negative,0.0,0.0471
1.4352628,5.298928,GCF_000092785___1070,Negative,0.0,0.0011
2.068174,4.870872,GCF_000092785___1071,Negative,0.0,0.0653
3.0399826,4.3517056,GCF_000092785___1072,Negative,0.0,0.0216
3.5519085,3.062561,GCF_000092785___1073,Negative,0.0006,0.3101
3.3692694,3.4789188,GCF_000092785___1074,Negative,0.0002,0.083
11.064042,-2.330845,GCF_000092785___1075,Negative,0.0407,0.0
11.935757,-2.7247105,GCF_000092785___1076,Negative,0.0055,0.0
11.170221,-3.0370657,GCF_000092785___1077,Negative,0.0034,0.0
10.26255,-2.707762,GCF_000092785___1078,Negative,0.2424,0.0
2.9373481,1.9298238,GCF_000092785___1079,Negative,0.0,0.9318
1.5351794,4.204452,GCF_000092785___1080,Negative,0.0,0.011
2.9397752,3.1275246,GCF_000092785___1081,Negative,0.0014,0.0567
1.5625279,4.246545,GCF_000092785___1082,Negative,0.0,0.0027
2.0824625,2.5611978,GCF_000092785___1083,Negative,0.0001,0.0643
4.3108215,-0.9620888,GCF_000092785___1084,Negative,0.0008,0.9991
5.3580394,-0.9821512,GCF_000092785___1085,Negative,0.0003,0.9996
0.29293993,5.2953873,GCF_000092785___1086,Negative,0.0,0.0029
2.7660246,0.5098904,GCF_000092785___1087,Negative,0.0,0.6602
0.8130428,4.617251,GCF_000092785___1088,Negative,0.0,0.0018
0.5099924,4.6784215,GCF_000092785___1089,Negative,0.0,0.0033
11.909749,-3.2738788,GCF_000092785___1090,Negative,0.0001,0.0
-0.701605,3.5784583,GCF_000092785___1091,Negative,0.0,0.0047
1.4420305,5.09662,GCF_000092785___1092,Negative,0.0,0.0002
-0.23652221,3.262142,GCF_000092785___1093,Negative,0.0,0.0003
11.287709,-3.221316,GCF_000092785___1094,Negative,0.0001,0.0001
2.1370382,3.4202404,GCF_000092785___1095,Negative,0.0002,0.0567
1.7850792,2.4060774,GCF_000092785___1096,Negative,0.0,0.0245
11.301815,-2.2880206,GCF_000092785___1097,Negative,0.0223,0.0005
0.3675225,5.58896,GCF_000092785___1098,Negative,0.0,0.0009
0.82233536,5.655414,GCF_000092785___1099,Negative,0.0,0.0019
1.2319827,3.5387833,GCF_000092785___1100,Negative,0.0,0.1424
-0.09318554,5.5754,GCF_000092785___1101,Negative,0.0,0.0001
-0.30428255,4.8181586,GCF_000092785___1102,Negative,0.0,0.0004
6.8716197,-2.294798,GCF_000092785___1103,Negative,0.746,0.0044
2.0430465,3.050474,GCF_000092785___1104,Negative,0.0,0.0039
10.558039,-2.8632603,GCF_000092785___1105,Negative,0.172,0.0001
4.321215,0.29450306,GCF_000092785___1106,Negative,0.0,0.9956
2.7203317,1.9188266,GCF_000092785___1107,Negative,0.0001,0.4482
11.005563,-2.901447,GCF_000092785___1108,Negative,0.0274,0.0
-0.081219554,5.604386,GCF_000092785___1109,Negative,0.0,0.0003
0.8964,4.9084797,GCF_000092785___1110,Negative,0.0,0.0029
1.5671175,3.1892672,GCF_000092785___1111,Negative,0.0001,0.0133
2.452996,4.227961,GCF_000092785___1112,Negative,0.0,0.0284
2.6669018,-2.1525407,GCF_000092785___1113,Negative,0.0012,0.0683
10.011598,2.069779,GCF_000092785___1114,Negative,0.0002,0.4766
0.63336825,3.6673992,GCF_000092785___1115,Negative,0.0,0.0213
2.8640356,-1.8700491,GCF_000092785___1116,Negative,0.0009,0.236
2.8343973,3.4812622,GCF_000092785___1117,Negative,0.0,0.0653
10.435748,1.6811192,GCF_000092785___1118,Negative,0.0006,0.9922
9.324482,1.4166645,GCF_000092785___1119,Negative,0.0009,0.0424
0.9849487,5.446813,GCF_000092785___1120,Negative,0.0,0.0024
2.728515,3.921488,GCF_000092785___1121,Negative,0.0001,0.0931
10.789586,-2.5156336,GCF_000092785___1122,Negative,0.0484,0.0
10.758363,-2.3167372,GCF_000092785___1123,Negative,0.016,0.0001
11.048194,1.5765175,GCF_000092785___1124,Negative,0.0032,0.8463
0.2728477,5.3426266,GCF_000092785___1125,Negative,0.0,0.0035
3.28837,2.4464746,GCF_000092785___1126,Negative,0.0,0.0651
3.4076674,1.89699,GCF_000092785___1127,Negative,0.0001,0.0644
3.7203774,-0.5079285,GCF_000092785___1128,Negative,0.0056,0.8747
4.9630756,-0.21117216,GCF_000092785___1129,Negative,0.0011,0.8425
2.7821794,0.5298216,GCF_000092785___1130,Negative,0.0001,0.7829
3.4151871,2.7386699,GCF_000092785___1131,Negative,0.0001,0.1483
2.3167336,3.7744927,GCF_000092785___1132,Negative,0.0,0.0709
0.1453952,4.418109,GCF_000092785___1133,Negative,0.0,0.004
2.6112924,4.239312,GCF_000092785___1134,Negative,0.0,0.0263
9.881809,-1.7687107,GCF_000092785___1135,Negative,0.7971,0.0004
10.295069,-2.4451358,GCF_000092785___1136,Negative,0.2675,0.0002
0.74259603,4.8990765,GCF_000092785___1137,Negative,0.0,0.0086
2.719479,1.7756271,GCF_000092785___1138,Negative,0.0,0.035
0.87840223,3.4599602,GCF_000092785___1139,Negative,0.0,0.0022
0.925972,4.3130884,GCF_000092785___1140,Negative,0.0,0.0037
0.61864424,5.4219785,GCF_000092785___1141,Negative,0.0,0.0006
1.4237428,4.260049,GCF_000092785___1142,Negative,0.0001,0.007
10.028603,2.0158298,GCF_000092785___1143,Negative,0.0005,0.0733
10.24934,1.3414863,GCF_000092785___1144,Negative,0.0025,0.4431
1.1589087,3.1482964,GCF_000092785___1145,Negative,0.0001,0.0953
11.173587,1.3709899,GCF_000092785___1146,Negative,0.0151,0.2853
3.2943585,0.78348845,GCF_000092785___1147,Negative,0.0013,0.7322
0.459858,2.2716017,GCF_000092785___1148,Negative,0.0,0.0289
1.9649018,3.1976569,GCF_000092785___1149,Negative,0.0,0.0617
6.7468934,-1.385668,GCF_000092785___1150,Negative,0.3305,0.6581
1.789999,2.7373965,GCF_000092785___1151,Negative,0.0001,0.0684
-0.4031705,4.834905,GCF_000092785___1152,Negative,0.0,0.0002
0.1779861,5.076935,GCF_000092785___1153,Negative,0.0002,0.0059
3.7153926,1.6891239,GCF_000092785___1154,Negative,0.0008,0.4561
10.985536,-2.9307775,GCF_000092785___1155,Negative,0.0035,0.0
4.4508147,-1.013765,GCF_000092785___1156,Negative,0.0001,0.9997
-0.5483667,3.9047585,GCF_000092785___1157,Negative,0.0,0.0007
4.0531263,0.69759774,GCF_000092785___1158,Negative,0.001,0.9193
0.7762197,5.605407,GCF_000092785___1159,Negative,0.0,0.0042
2.5181706,2.2007947,GCF_000092785___1160,Negative,0.0012,0.0441
10.151378,-2.537265,GCF_000092785___1161,Negative,0.2126,0.0
10.576699,-2.7998805,GCF_000092785___1162,Negative,0.3306,0.0
11.50804,-2.7744892,GCF_000092785___1163,Negative,0.0326,0.0034
0.4001947,5.6075544,GCF_000092785___1164,Negative,0.0,0.0025
9.811178,1.8494879,GCF_000092785___1165,Negative,0.0005,0.0116
9.250767,1.2007302,GCF_000092785___1166,Negative,0.0016,0.0276
5.272171,-0.45697668,GCF_000092785___1167,Negative,0.0035,0.9837
1.9898088,1.7725228,GCF_000092785___1168,Negative,0.0001,0.665
10.882535,1.8264205,GCF_000092785___1169,Negative,0.0004,0.915
11.250663,-2.3313334,GCF_000092785___1170,Negative,0.0106,0.0003
0.18441896,4.139,GCF_000092785___1171,Negative,0.0,0.0008
9.556587,0.6831634,GCF_000092785___1172,Negative,0.0002,0.0021
2.8354368,2.8142486,GCF_000092785___1173,Negative,0.0023,0.1126
-0.08795871,4.477052,GCF_000092785___1174,Negative,0.0,0.0013
0.013412074,4.519698,GCF_000092785___1175,Negative,0.0,0.0002
1.1694652,4.681999,GCF_000092785___1176,Negative,0.0,0.0074
9.729914,2.4925473,GCF_000092785___1177,Negative,0.0001,0.1089
1.3943821,4.3552403,GCF_000092785___1178,Negative,0.0,0.0746
3.8045785,-0.6612506,GCF_000092785___1179,Negative,0.0038,0.9561
1.74113,4.7978663,GCF_000092785___1180,Negative,0.0,0.0122
2.6146646,1.9867185,GCF_000092785___1181,Negative,0.0005,0.545
7.723028,-1.6119632,GCF_000092785___1182,Negative,0.1438,0.0007
2.2465973,4.0901484,GCF_000092785___1183,Negative,0.0,0.0196
2.5116515,3.232854,GCF_000092785___1184,Negative,0.0004,0.0608
2.3078547,4.36452,GCF_000092785___1185,Negative,0.0,0.014
9.852731,0.39369854,GCF_000092785___1186,Negative,0.0003,0.0025
3.1791308,3.3943584,GCF_000092785___1187,Negative,0.0001,0.6505
5.7773104,-1.3766406,GCF_000092785___1188,Negative,0.0044,0.9956
9.778435,-2.2773082,GCF_000092785___1189,Inc-protein,0.9435,0.0017
0.6383789,3.1221504,GCF_000092785___1190,Negative,0.0,0.0025
0.2951416,5.8122926,GCF_000092785___1191,Negative,0.0,0.0011
1.6264654,4.970793,GCF_000092785___1192,Negative,0.0,0.005
0.33775592,5.248555,GCF_000092785___1193,Negative,0.0,0.0019
3.8741271,-0.10926258,GCF_000092785___1194,Negative,0.0002,0.9292
3.6492944,-0.92085356,GCF_000092785___1195,Negative,0.0001,0.9967
3.503411,-1.1052762,GCF_000092785___1196,Negative,0.0028,0.983
5.794415,-1.3966653,GCF_000092785___1197,Negative,0.0008,0.9992
2.5821123,-0.85941774,GCF_000092785___1198,Negative,0.0,0.0151
4.3343115,-0.9902002,GCF_000092785___1199,Negative,0.0006,0.9993
0.83841836,4.743742,GCF_000092785___1200,Negative,0.0,0.0014
6.7471275,-1.4911176,GCF_000092785___1201,Negative,0.0948,0.4612
6.9145637,-1.1075991,GCF_000092785___1202,Inc-protein,0.9544,0.042
4.3064585,-1.1525593,GCF_000092785___1203,Negative,0.0003,0.9995
3.6744258,-1.0063057,GCF_000092785___1204,Negative,0.0077,0.9657
2.479177,-2.5332813,GCF_000092785___1205,Negative,0.0,0.0185
2.4074583,-2.814783,GCF_000092785___1206,Negative,0.0136,0.0593
10.029,2.339105,GCF_000092785___1207,Negative,0.0,0.0355
1.1020007,3.9919705,GCF_000092785___1208,Negative,0.0,0.0115
12.06617,-2.9259517,GCF_000092785___1209,Negative,0.0016,0.0
11.405601,-3.2756155,GCF_000092785___1210,Negative,0.0012,0.0
11.596403,-2.72423,GCF_000092785___1211,Negative,0.0093,0.0001
3.8557842,-0.8059506,GCF_000092785___1212,Negative,0.0001,0.9963
1.6005543,4.5867405,GCF_000092785___1213,Negative,0.0,0.0033
1.758278,2.7332656,GCF_000092785___1214,Negative,0.0001,0.0014
7.2789245,-1.3566747,GCF_000092785___1215,Inc-protein,0.9932,0.0068
10.5415745,2.0685716,GCF_000092785___1216,Negative,0.0001,0.9056
10.029578,-1.557355,GCF_000092785___1217,Negative,0.2525,0.0
2.6106288,2.8882518,GCF_000092785___1218,Negative,0.0,0.0228
-0.1054067,3.7131562,GCF_000092785___1219,Negative,0.0001,0.0458
10.87639,2.8876646,GCF_000092785___1220,Negative,0.0002,0.3358
10.913919,2.8176355,GCF_000092785___1221,Negative,0.0002,0.6559
0.5935872,4.867716,GCF_000092785___1222,Negative,0.0,0.0036
0.1699584,5.161524,GCF_000092785___1223,Negative,0.0,0.0019
2.377565,3.0829248,GCF_000092785___1224,Negative,0.0002,0.074
4.870764,-0.71928847,GCF_000092785___1225,Negative,0.0002,0.9994
0.46158293,2.2697148,GCF_000092785___1226,Negative,0.0,0.0289
11.647528,-2.7172148,GCF_000092785___1227,Negative,0.0021,0.0
3.5252943,-0.57007617,GCF_000092785___1228,Negative,0.0136,0.4945
2.162305,1.7976848,GCF_000092785___1229,Negative,0.0014,0.3
2.0823927,4.2001915,GCF_000092785___1230,Negative,0.0,0.1158
1.002785,4.6888146,GCF_000092785___1231,Negative,0.0,0.0038
10.631673,1.9358178,GCF_000092785___1232,Negative,0.0005,0.9376
4.0892673,-0.8017403,GCF_000092785___1233,Negative,0.0002,0.9992
3.231376,-1.492964,GCF_000092785___1234,Negative,0.0002,0.9776
4.176179,0.12574044,GCF_000092785___1235,Negative,0.0002,0.9487
4.724538,-0.5271854,GCF_000092785___1236,Negative,0.0058,0.9918
10.178025,2.0741615,GCF_000092785___1237,Negative,0.0002,0.8672
10.572093,2.0772235,GCF_000092785___1238,Negative,0.0001,0.9697
-0.044066574,4.4371457,GCF_000092785___1239,Negative,0.0,0.0034
10.514098,1.95682,GCF_000092785___1240,Negative,0.0007,0.9963
5.5987363,-1.1930579,GCF_000092785___1241,Negative,0.0,1.0
5.853787,-1.4712154,GCF_000092785___1242,Negative,0.0006,0.9993
-0.4923639,5.0027986,GCF_000092785___1243,Negative,0.0,0.0011
5.1333957,-0.39730886,GCF_000092785___1244,Negative,0.0,0.9926
2.9556055,0.97288483,GCF_000092785___1245,Negative,0.0,0.8416
2.8580828,3.4833808,GCF_000092785___1246,Negative,0.0003,0.1653
9.92272,-2.2816653,GCF_000092785___1247,Inc-protein,0.9409,0.0016
1.9996008,4.723332,GCF_000092785___1248,Negative,0.0,0.0195
11.206336,1.6856444,GCF_000092785___1249,Negative,0.0015,0.366
1.991922,5.0991745,GCF_000092785___1250,Negative,0.0,0.0016
3.445385,3.0984676,GCF_000092785___1251,Negative,0.0,0.0411
1.1614791,5.057031,GCF_000092785___1252,Negative,0.0,0.0017
2.416627,3.9879014,GCF_000092785___1253,Negative,0.0,0.1155
9.640511,1.5953646,GCF_000092785___1254,Negative,0.0007,0.0446
10.384729,-2.5350783,GCF_000092785___1255,Negative,0.1581,0.0
4.357043,-0.27894583,GCF_000092785___1256,Negative,0.0024,0.5867
4.0966806,0.22428735,GCF_000092785___1257,Negative,0.0,0.9896
3.181866,1.5188893,GCF_000092785___1258,Negative,0.0,0.1081
6.6692114,-1.644754,GCF_000092785___1259,Inc-protein,0.9988,0.0011
5.2449207,-0.51561356,GCF_000092785___1260,Negative,0.0002,0.9701
3.7666063,-0.70799035,GCF_000092785___1261,Negative,0.0001,0.9989
0.021881122,4.700362,GCF_000092785___1262,Negative,0.0001,0.0157
10.940579,2.744656,GCF_000092785___1263,Negative,0.0002,0.8225
11.464857,-3.1235206,GCF_000092785___1264,Negative,0.0043,0.0
11.553029,-3.2782817,GCF_000092785___1265,Negative,0.0011,0.0
11.342905,-2.354547,GCF_000092785___1266,Negative,0.0094,0.0
11.471772,-2.2935007,GCF_000092785___1267,Negative,0.0023,0.0
-0.32114002,4.1481004,GCF_000092785___1268,Negative,0.0,0.0
11.64603,-3.1814854,GCF_000092785___1269,Negative,0.0023,0.0
12.034536,-3.0111768,GCF_000092785___1270,Negative,0.0004,0.0
12.175271,-3.0223382,GCF_000092785___1271,Negative,0.0007,0.0
4.131408,0.98682046,GCF_000092785___1272,Negative,0.0006,0.7903
2.2223952,4.947757,GCF_000092785___1273,Negative,0.0,0.0307
4.445865,0.45493206,GCF_000092785___1274,Negative,0.0004,0.2196
6.045595,-1.7056719,GCF_000092785___1275,Negative,0.0,0.9995
-0.059874892,5.241851,GCF_000092785___1276,Negative,0.0,0.0019
10.256426,-2.66001,GCF_000092785___1277,Negative,0.1113,0.0015
2.0536768,5.1692753,GCF_000092785___1278,Negative,0.0,0.0008
0.47557274,5.0458493,GCF_000092785___1279,Negative,0.0001,0.0301
9.937104,0.5153306,GCF_000092785___1280,Negative,0.0009,0.7708
1.6668521,2.5104883,GCF_000092785___1281,Negative,0.0,0.0127
2.2968316,4.9240427,GCF_000092785___1282,Negative,0.0,0.0054
3.1318827,-1.6355798,GCF_000092785___1283,Negative,0.0004,0.6759
1.8915763,5.22686,GCF_000092785___1284,Negative,0.0,0.0025
1.7100188,5.311341,GCF_000092785___1285,Negative,0.0,0.0012
1.7963135,3.8259587,GCF_000092785___1286,Negative,0.0,0.0007
1.5136702,3.6243858,GCF_000092785___1287,Negative,0.0,0.0122
1.4275087,4.351805,GCF_000092785___1288,Negative,0.0001,0.0423
1.4012822,2.475949,GCF_000092785___1289,Negative,0.0,0.0048
-0.5238405,4.565839,GCF_000092785___1290,Negative,0.0,0.0004
9.848264,1.4822959,GCF_000092785___1291,Negative,0.0041,0.7242
11.07303,1.6510242,GCF_000092785___1292,Negative,0.0005,0.6418
6.788079,-2.4100723,GCF_000092785___1293,Negative,0.0,0.0001
2.6195846,-2.2744517,GCF_000092785___1294,Negative,0.0003,0.001
0.72030807,2.973697,GCF_000092785___1295,Negative,0.0,0.0014
1.6652322,2.8077853,GCF_000092785___1296,Negative,0.0009,0.027
4.453623,-0.93770695,GCF_000092785___1297,Negative,0.0317,0.9659
10.145268,2.0872006,GCF_000092785___1298,Negative,0.0004,0.3675
10.734633,1.4631416,GCF_000092785___1299,Negative,0.0063,0.9697
1.120915,4.918093,GCF_000092785___1300,Negative,0.0,0.0229
2.470042,-2.7470653,GCF_000092785___1301,Negative,0.0001,0.0035
9.83525,0.3006219,GCF_000092785___1302,Negative,0.002,0.034
3.7054048,-0.91969913,GCF_000092785___1303,Negative,0.0101,0.9671
3.5269012,0.02166592,GCF_000092785___1304,Negative,0.0,0.9958
1.708951,4.8437076,GCF_000092785___1305,Negative,0.0,0.0658
10.22726,-1.4820726,GCF_000092785___1306,Negative,0.0051,0.0001
1.9633362,4.8769436,GCF_000092785___1307,Negative,0.0,0.0064
9.902187,0.20993479,GCF_000092785___1308,Negative,0.0045,0.1841
3.0052476,-1.641218,GCF_000092785___1309,Negative,0.0013,0.7923
10.205114,0.8456069,GCF_000092785___1310,Negative,0.0014,0.6969
9.274552,2.8595166,GCF_000092785___1311,Negative,0.0,0.5205
11.238894,1.5079596,GCF_000092785___1312,Negative,0.0001,0.0395
10.153752,-2.4424493,GCF_000092785___1313,Negative,0.1777,0.0028
0.4111696,4.6279736,GCF_000092785___1314,Negative,0.0,0.0242
1.0563786,3.0427341,GCF_000092785___1315,Negative,0.0,0.0294
3.775907,-0.6381963,GCF_000092785___1316,Negative,0.0004,0.9752
2.3853269,2.3658953,GCF_000092785___1317,Negative,0.0001,0.2863
0.9894788,4.028851,GCF_000092785___1318,Negative,0.0,0.0034
2.0241485,3.1797633,GCF_000092785___1319,Negative,0.0,0.002
2.6914423,2.8373,GCF_000092785___1320,Negative,0.0001,0.0998
1.2939385,2.636918,GCF_000092785___1321,Negative,0.0,0.0593
1.9667479,3.8743312,GCF_000092785___1322,Negative,0.0,0.004
4.1344132,-0.8169522,GCF_000092785___1323,Negative,0.0002,0.9996
3.152227,2.698038,GCF_000092785___1324,Negative,0.0005,0.1727
2.7015095,3.543253,GCF_000092785___1325,Negative,0.0001,0.0108
2.417587,2.3484962,GCF_000092785___1326,Negative,0.0,0.1687
2.3481772,2.8103573,GCF_000092785___1327,Negative,0.0001,0.0217
9.502979,0.6972435,GCF_000092785___1328,Negative,0.0177,0.044
1.4878852,3.3982842,GCF_000092785___1329,Negative,0.0,0.0061
3.1032946,2.6482182,GCF_000092785___1330,Negative,0.0001,0.1151
11.3657055,-3.0198221,GCF_000092785___1331,Negative,0.0042,0.0003
9.837074,0.434808,GCF_000092785___1332,Negative,0.0002,0.0096
1.5275413,4.793811,GCF_000092785___1333,Negative,0.0,0.0023
11.763743,-2.7815273,GCF_000092785___1334,Negative,0.0072,0.0003
11.495911,-2.4204514,GCF_000092785___1335,Negative,0.0397,0.0
1.4573908,5.2964153,GCF_000092785___1336,Negative,0.0,0.0003
10.886691,2.6749227,GCF_000092785___1337,Negative,0.0008,0.1823
2.4616344,4.027654,GCF_000092785___1338,Negative,0.0001,0.0124
-0.36094087,4.196808,GCF_000092785___1339,Negative,0.0,0.0092
9.916921,0.78559905,GCF_000092785___1340,Negative,0.0035,0.5964
10.498688,-2.7780838,GCF_000092785___1341,Negative,0.0221,0.0012
1.7397449,4.187543,GCF_000092785___1342,Negative,0.0,0.0079
6.8527412,-1.1883017,GCF_000092785___1343,Inc-protein,0.989,0.011
3.0111985,-1.7923107,GCF_000092785___1344,Negative,0.0007,0.3535
3.155482,-1.4766479,GCF_000092785___1345,Negative,0.0042,0.9664
2.6189458,-1.6748434,GCF_000092785___1346,Negative,0.0,0.1762
11.476388,-3.018101,GCF_000092785___1347,Negative,0.0022,0.0
1.3169048,5.4638886,GCF_000092785___1348,Negative,0.0,0.0001
1.1954421,3.03828,GCF_000092785___1349,Negative,0.0,0.1305
2.1726174,3.3639112,GCF_000092785___1350,Negative,0.0,0.0601
3.172624,-1.145998,GCF_000092785___1351,Negative,0.004,0.7768
3.1217802,-1.2143109,GCF_000092785___1352,Negative,0.0009,0.7649
1.0609763,3.1384528,GCF_000092785___1353,Negative,0.0006,0.0498
10.117887,-2.601989,GCF_000092785___1354,Negative,0.0531,0.0051
1.3492271,3.6644564,GCF_000092785___1355,Negative,0.0,0.0145
3.1871552,-1.3681898,GCF_000092785___1356,Negative,0.0018,0.6979
-1.5588512,2.9817357,GCF_000092785___1357,Negative,0.0,0.0094
2.3919656,-2.785062,GCF_000092785___1358,Negative,0.0,0.0048
-1.99057,3.018344,GCF_000092785___1359,Negative,0.0,0.0353
7.470832,1.9830297,GCF_000092785___1360,Negative,0.0004,0.0026
0.8511051,11.630622,GCF_000092785___1361,Negative,0.0002,0.0028
3.5012114,-0.31851062,GCF_000092785___1362,Negative,0.167,0.6952
2.296974,4.7094545,GCF_000092785___1363,Negative,0.0,0.0227
3.4714582,2.0078397,GCF_000092785___1364,Negative,0.0001,0.0526
3.312342,2.7269952,GCF_000092785___1365,Negative,0.0004,0.684
1.7552332,3.776155,GCF_000092785___1366,Negative,0.0,0.0074
2.3680522,2.6631923,GCF_000092785___1367,Negative,0.0,0.0883
2.7932336,-0.6315317,GCF_000092785___1368,Negative,0.0001,0.8531
3.5958767,-0.8802779,GCF_000092785___1369,Negative,0.0013,0.8772
10.030732,-2.446064,GCF_000092785___1370,Negative,0.3758,0.0324
11.341661,-2.4582682,GCF_000092785___1371,Negative,0.004,0.0
10.133867,-2.5032969,GCF_000092785___1372,Negative,0.1536,0.0034
2.5804894,4.1230493,GCF_000092785___1373,Negative,0.0,0.0375
0.8241663,3.0730386,GCF_000092785___1374,Negative,0.0001,0.0046
7.4173903,2.0339565,GCF_000092785___1375,Negative,0.0,0.0009
2.1786935,4.1404457,GCF_000092785___1376,Negative,0.0,0.0006
2.440074,1.9530995,GCF_000092785___1377,Negative,0.0007,0.3606
6.758775,-1.1393086,GCF_000092785___1378,Negative,0.7775,0.2214
3.9490662,-0.807589,GCF_000092785___1379,Negative,0.004,0.9952
0.50670075,4.821196,GCF_000092785___1380,Negative,0.0,0.0002
3.0198984,3.1478555,GCF_000092785___1381,Negative,0.0,0.0701
10.258104,-2.2810576,GCF_000092785___1382,Negative,0.1838,0.0184
2.17441,3.8373034,GCF_000092785___1383,Negative,0.0001,0.0138
1.0334252,4.8372693,GCF_000092785___1384,Negative,0.0,0.0169
9.751635,1.192139,GCF_000092785___1385,Negative,0.0018,0.0536
9.895302,1.3828763,GCF_000092785___1386,Negative,0.0115,0.1358
1.5838879,3.7128804,GCF_000092785___1387,Negative,0.0,0.0019
3.434404,3.1162198,GCF_000092785___1388,Negative,0.0004,0.5622
2.6908717,3.1520438,GCF_000092785___1389,Negative,0.0004,0.0177
1.7076217,4.8342466,GCF_000092785___1390,Negative,0.0,0.0085
1.6506164,4.6156564,GCF_000092785___1391,Negative,0.0,0.0405
2.0211668,4.951646,GCF_000092785___1392,Negative,0.0,0.0077
-0.39610788,5.0353255,GCF_000092785___1393,Negative,0.0,0.0005
2.8571327,1.1247572,GCF_000092785___1394,Negative,0.0122,0.6961
0.690322,4.9553666,GCF_000092785___1395,Negative,0.0001,0.1013
-0.19262064,4.8730865,GCF_000092785___1396,Negative,0.0,0.0003
1.3746871,4.194927,GCF_000092785___1397,Negative,0.0,0.0034
4.3681006,-1.0491573,GCF_000092785___1398,Negative,0.0,0.9995
1.9851243,2.9308844,GCF_000092785___1399,Negative,0.0,0.0333
7.737371,-1.5608213,GCF_000092785___1400,Inc-protein,0.9524,0.0014
12.026881,-3.1137362,GCF_000092785___1401,Negative,0.0011,0.0003
2.3498037,4.807983,GCF_000092785___1402,Negative,0.0,0.0085
2.5230548,3.4448967,GCF_000092785___1403,Negative,0.0003,0.0589
1.9760019,3.3090177,GCF_000092785___1404,Negative,0.0001,0.0493
0.8954757,3.8807304,GCF_000092785___1405,Negative,0.0,0.0011
11.071191,-2.7886722,GCF_000092785___1406,Negative,0.0086,0.0003
3.2704937,-1.348554,GCF_000092785___1407,Negative,0.0001,0.9876
1.680675,3.3729177,GCF_000092785___1408,Negative,0.0001,0.0667
2.1104567,3.653277,GCF_000092785___1409,Negative,0.0002,0.1727
0.24810581,5.12605,GCF_000092785___1410,Negative,0.0,0.0041
0.25311416,5.199954,GCF_000092785___1411,Negative,0.0,0.0014
0.6462852,4.935909,GCF_000092785___1412,Negative,0.0,0.0069
0.7080537,3.9400582,GCF_000092785___1413,Negative,0.0,0.0228
10.514804,-2.891988,GCF_000092785___1414,Negative,0.1397,0.0008
4.381476,-0.91243213,GCF_000092785___1415,Negative,0.0,0.9997
0.21539916,5.7183642,GCF_000092785___1416,Negative,0.0,0.0005
3.4778092,-1.2123274,GCF_000092785___1417,Negative,0.0002,0.9881
1.5805967,3.770609,GCF_000092785___1418,Negative,0.0001,0.0504
1.9344738,4.680832,GCF_000092785___1419,Negative,0.0,0.0046
-0.73919034,4.467511,GCF_000092785___1420,Negative,0.0,0.0001
-0.24628752,4.526217,GCF_000092785___1421,Negative,0.0,0.0001
11.596199,-3.093329,GCF_000092785___1422,Negative,0.0016,0.0
-0.6161186,4.603248,GCF_000092785___1423,Negative,0.0,0.0004
-0.14366463,4.7055717,GCF_000092785___1424,Negative,0.0,0.0
0.6897083,4.0846167,GCF_000092785___1425,Negative,0.0,0.0112
-0.42135283,4.157373,GCF_000092785___1426,Negative,0.0,0.0006
-0.19141443,4.5548944,GCF_000092785___1427,Negative,0.0,0.0006
0.07917871,4.4214826,GCF_000092785___1428,Negative,0.0,0.0032
1.125224,3.0772223,GCF_000092785___1429,Negative,0.0,0.0376
-0.45192763,4.2057443,GCF_000092785___1430,Negative,0.0,0.0005
0.6205066,4.466992,GCF_000092785___1431,Negative,0.0,0.0005
2.1007102,2.273274,GCF_000092785___1432,Negative,0.0002,0.252
-0.34105125,4.673701,GCF_000092785___1433,Negative,0.0,0.0
-0.22876218,4.434076,GCF_000092785___1434,Negative,0.0,0.0008
1.7310317,2.5796192,GCF_000092785___1435,Negative,0.0,0.0011
-0.38806513,4.727179,GCF_000092785___1436,Negative,0.0,0.0
-0.50071716,3.9598522,GCF_000092785___1437,Negative,0.0,0.0036
2.059107,2.620573,GCF_000092785___1438,Negative,0.0001,0.0225
-0.09029076,4.5597224,GCF_000092785___1439,Negative,0.0,0.0012
-0.74898684,4.3957634,GCF_000092785___1440,Negative,0.0,0.0001
9.783793,0.38390085,GCF_000092785___1441,Negative,0.0003,0.0003
6.6661696,-1.6489546,GCF_000092785___1442,Inc-protein,0.9961,0.0036
6.487024,-1.6372905,GCF_000092785___1443,Inc-protein,0.9826,0.0147
6.9183035,-1.3664916,GCF_000092785___1444,Inc-protein,0.9989,0.0007
1.6561747,3.2117078,GCF_000092785___1445,Negative,0.0001,0.039
1.1378475,3.0888925,GCF_000092785___1446,Negative,0.0004,0.1094
2.5502172,3.0141866,GCF_000092785___1447,Negative,0.0,0.001
2.2481067,5.0852623,GCF_000092785___1448,Negative,0.0,0.0013
10.8686495,-2.7626517,GCF_000092785___1449,Negative,0.001,0.0007
3.3669581,0.31012383,GCF_000092785___1450,Negative,0.0001,0.634
3.4122486,0.25022125,GCF_000092785___1451,Negative,0.0009,0.9311
3.3001585,0.3368619,GCF_000092785___1452,Negative,0.0007,0.9633
2.6522226,4.278177,GCF_000092785___1453,Negative,0.0,0.3061
9.968744,1.3432765,GCF_000092785___1454,Negative,0.0013,0.6019
3.0594873,4.2174253,GCF_000092785___1455,Negative,0.0,0.0136
4.295984,-0.93572897,GCF_000092785___1456,Negative,0.0014,0.9975
9.948873,1.2861272,GCF_000092785___1457,Negative,0.0192,0.5069
3.174906,-1.0310786,GCF_000092785___1458,Negative,0.0001,0.6871
9.754673,2.22369,GCF_000092785___1459,Negative,0.0001,0.2281
9.572811,1.464386,GCF_000092785___1460,Negative,0.001,0.4563
-0.53818274,4.577937,GCF_000092785___1461,Negative,0.0,0.0032
11.8881,-2.8031278,GCF_000092785___1462,Negative,0.0017,0.0
9.974546,-0.20354916,GCF_000092785___1463,Negative,0.059,0.9069
1.6417832,3.8662934,GCF_000092785___1464,Negative,0.0,0.0449
1.077305,5.499203,GCF_000092785___1465,Negative,0.0,0.0014
10.139215,2.0072927,GCF_000092785___1466,Negative,0.0013,0.3937
0.4366748,5.251814,GCF_000092785___1467,Negative,0.0,0.0011
0.9863941,3.0226429,GCF_000092785___1468,Negative,0.0,0.0414
9.35405,1.3838503,GCF_000092785___1469,Negative,0.0035,0.8411
1.8825585,2.342269,GCF_000092785___1470,Negative,0.0,0.1494
7.608766,-1.7111179,GCF_000092785___1471,Negative,0.0034,0.0015
2.8436415,-0.2347995,GCF_000092785___1472,Negative,0.0001,0.6137
4.3318925,-0.038321,GCF_000092785___1473,Negative,0.0013,0.0696
4.1041727,-0.922437,GCF_000092785___1474,Negative,0.4389,0.4183
3.4462812,-0.33945435,GCF_000092785___1475,Negative,0.0087,0.8072
2.7556694,-0.90669453,GCF_000092785___1476,Negative,0.0001,0.7534
9.679637,2.794152,GCF_000092785___1477,Negative,0.0001,0.7167
1.964595,4.1747274,GCF_000092785___1478,Negative,0.0,0.0084
1.0715929,3.8627017,GCF_000092785___1479,Negative,0.0,0.0025
0.34548578,4.020712,GCF_000092785___1480,Negative,0.0,0.0059
9.72267,1.6078087,GCF_000092785___1481,Negative,0.0003,0.0043
0.851473,11.630823,GCF_000092785___1482,Negative,0.0,0.0251
0.3545825,4.094706,GCF_000092785___1483,Negative,0.0,0.0023
9.367374,0.93175685,GCF_000092785___1484,Negative,0.0021,0.7761
0.48879722,5.37284,GCF_000092785___1485,Negative,0.0,0.0002
1.8518046,3.2567914,GCF_000092785___1486,Negative,0.0001,0.1183
5.8479495,-1.5060179,GCF_000092785___1487,Negative,0.0002,0.9981
1.5863088,4.5489225,GCF_000092785___1488,Negative,0.0,0.0018
1.9654241,4.146908,GCF_000092785___1489,Negative,0.0,0.0022
10.88488,1.9120125,GCF_000092785___1490,Negative,0.0029,0.9373
1.9212259,3.0850663,GCF_000092785___1491,Negative,0.0,0.0143
3.190668,-1.3584268,GCF_000092785___1492,Negative,0.0007,0.6513
6.021567,-1.6832011,GCF_000092785___1493,Negative,0.0,0.9587
3.126413,1.9427457,GCF_000092785___1494,Negative,0.0012,0.7956
-0.20592193,3.505415,GCF_000092785___1495,Negative,0.0,0.0116
-0.11472905,4.724629,GCF_000092785___1496,Negative,0.0,0.0018
-0.08378093,5.686515,GCF_000092785___1497,Negative,0.0,0.0002
3.3897207,3.375645,GCF_000092785___1498,Negative,0.0,0.1975
5.191957,-0.4804654,GCF_000092785___1499,Negative,0.0034,0.8183
0.76234037,5.6271043,GCF_000092785___1500,Negative,0.0,0.0023
0.8099225,4.59686,GCF_000092785___1501,Negative,0.0,0.0095
10.682279,-2.2838056,GCF_000092785___1502,Negative,0.0912,0.0007
6.0266175,-1.5963649,GCF_000092785___1503,Negative,0.0055,0.9944
1.134843,5.0258584,GCF_000092785___1504,Negative,0.0,0.0112
2.958655,1.5314425,GCF_000092785___1505,Negative,0.0021,0.45
2.318313,3.2219095,GCF_000092785___1506,Negative,0.0001,0.0234
11.011846,2.501052,GCF_000092785___1507,Negative,0.0163,0.7107
0.46427056,2.2698793,GCF_000092785___1508,Negative,0.0,0.0328
-1.0908935,3.2726288,GCF_000092785___1509,Negative,0.0,0.0046
5.6993933,-1.0786167,GCF_000092785___1510,Negative,0.0154,0.9844
4.2837987,-1.1057446,GCF_000092785___1511,Negative,0.0047,0.9857
0.4727615,2.252885,GCF_000092785___1512,Negative,0.0,0.0289
1.5072541,2.2557702,GCF_000092785___1513,Negative,0.0,0.2192
1.1877651,1.9500502,GCF_000092785___1514,Negative,0.0,0.4827
1.1541393,2.0168016,GCF_000092785___1515,Negative,0.0,0.5773
3.6239357,-0.53169364,GCF_000092785___1516,Negative,0.0004,0.9942
1.7728213,2.250377,GCF_000092785___1517,Negative,0.0,0.0591
1.9581503,2.4442468,GCF_000092785___1518,Negative,0.0,0.0186
3.6644967,2.6758964,GCF_000092785___1519,Negative,0.0001,0.8689
9.722468,-2.0360484,GCF_000092785___1520,Negative,0.7396,0.0009
0.34087726,5.2285237,GCF_000092785___1521,Negative,0.0,0.0175
-0.12753536,5.0840597,GCF_000092785___1522,Negative,0.0,0.0041
0.55926627,2.9402044,GCF_000092785___1523,Negative,0.0,0.0119
1.5099617,4.4287815,GCF_000092785___1524,Negative,0.0,0.0081
1.9786412,4.1137094,GCF_000092785___1525,Negative,0.0,0.0868
2.8999605,1.5990175,GCF_000092785___1526,Negative,0.0001,0.7309
-0.16751961,4.8874807,GCF_000092785___1527,Negative,0.0,0.0052
-0.5837315,4.169304,GCF_000092785___1528,Negative,0.0,0.0013
3.3835866,0.30182546,GCF_000092785___1529,Negative,0.0004,0.9493
6.1688075,-1.6494358,GCF_000092785___1530,Negative,0.0091,0.989
6.1147747,-1.7341112,GCF_000092785___1531,Negative,0.0117,0.8841
6.1386313,-1.7269791,GCF_000092785___1532,Negative,0.0074,0.9643
2.5887494,2.4865746,GCF_000092785___1533,Negative,0.0,0.0216
6.298074,-1.5681068,GCF_000092785___1534,Negative,0.0166,0.9238
2.9888682,1.9503787,GCF_000092785___1535,Negative,0.0,0.0779
6.472138,-1.600606,GCF_000092785___1536,Inc-protein,0.9532,0.0467
4.0926886,-1.286645,GCF_000092785___1537,Negative,0.1238,0.8723
6.535966,-1.6287837,GCF_000092785___1538,Negative,0.7826,0.2159
4.1695204,0.7937188,GCF_000092785___1539,Negative,0.0002,0.5346
9.039007,1.2449565,GCF_000092785___1540,Negative,0.0015,0.0795
3.1367507,-1.6063728,GCF_000092785___1541,Negative,0.0008,0.9553
6.0666757,-1.7238755,GCF_000092785___1542,Negative,0.0072,0.2002
2.1528306,1.6388346,GCF_000092785___1543,Negative,0.0008,0.62
6.0556664,-1.7195288,GCF_000092785___1544,Negative,0.0013,0.985
1.5726986,3.832815,GCF_000092785___1545,Negative,0.0,0.0193
2.0234451,2.7851753,GCF_000092785___1546,Negative,0.0031,0.0539
5.378075,-0.89424336,GCF_000092785___1547,Negative,0.0,0.9979
4.1085353,0.70784867,GCF_000092785___1548,Negative,0.0001,0.7547
3.1217084,1.4729755,GCF_000092785___1549,Negative,0.0001,0.5431
4.1479,0.6736887,GCF_000092785___1550,Negative,0.0,0.9704
10.701452,1.9584758,GCF_000092785___1551,Negative,0.0019,0.9485
9.771805,1.3626837,GCF_000092785___1552,Negative,0.1081,0.4241
10.16655,1.9732946,GCF_000092785___1553,Negative,0.0026,0.4829
10.848207,-2.7645345,GCF_000092785___1554,Negative,0.0153,0.0009
2.197343,3.3764322,GCF_000092785___1555,Negative,0.0,0.0098
2.1254628,4.0585957,GCF_000092785___1556,Negative,0.0001,0.1739
0.16131452,5.4986415,GCF_000092785___1557,Negative,0.0,0.0026
1.9650763,2.7735841,GCF_000092785___1558,Negative,0.0,0.5314
0.3098242,4.6299424,GCF_000092785___1559,Negative,0.0001,0.0069
4.5269284,-0.2783698,GCF_000092785___1560,Negative,0.0002,0.98
6.7342324,-1.3827889,GCF_000092785___1561,Negative,0.1534,0.8379
9.990657,-1.8278998,GCF_000092785___1562,Negative,0.7482,0.0008
10.3585,-2.801294,GCF_000092785___1563,Negative,0.6693,0.0003
1.8338914,4.566158,GCF_000092785___1564,Negative,0.0,0.0371
2.98418,3.7412024,GCF_000092785___1565,Negative,0.0,0.2468
2.002817,2.5807483,GCF_000092785___1566,Negative,0.0002,0.0299
-0.6017412,4.523993,GCF_000092785___1567,Negative,0.0,0.0001
1.536105,5.539523,GCF_000092785___1568,Negative,0.0,0.0018
6.2710166,-1.2433543,GCF_000092785___1569,Negative,0.3693,0.6307
9.809001,1.802629,GCF_000092785___1570,Negative,0.0004,0.0607
10.759443,-2.4268556,GCF_000092785___1571,Negative,0.1371,0.0
10.178149,2.0463207,GCF_000092785___1572,Negative,0.0004,0.1212
0.41998646,3.4218142,GCF_000092785___1573,Negative,0.0,0.0029
1.581886,3.7332242,GCF_000092785___1574,Negative,0.0001,0.0575
2.7490094,3.577149,GCF_000092785___1575,Negative,0.0005,0.0265
1.5742112,4.239504,GCF_000092785___1576,Negative,0.0,0.004
9.842467,0.4835964,GCF_000092785___1577,Negative,0.0187,0.4539
-0.38857323,4.3140516,GCF_000092785___1578,Negative,0.0,0.0033
-0.7853543,4.404158,GCF_000092785___1579,Negative,0.0,0.0
1.4082369,2.485605,GCF_000092785___1580,Negative,0.0,0.0035
2.7436812,2.0123785,GCF_000092785___1581,Negative,0.0004,0.4191
5.3501797,-0.8468359,GCF_000092785___1582,Negative,0.0001,0.9966
1.2886584,4.530007,GCF_000092785___1583,Negative,0.0,0.0102
2.8095095,2.8171515,GCF_000092785___1584,Negative,0.0004,0.6543
6.0496397,-1.6944474,GCF_000092785___1585,Negative,0.0,0.9988
3.9303353,-0.7080378,GCF_000092785___1586,Negative,0.0,0.999
1.7191873,4.2512255,GCF_000092785___1587,Negative,0.0,0.0405
1.9092377,2.324335,GCF_000092785___1588,Negative,0.0001,0.1547
2.7310874,-0.67471164,GCF_000092785___1589,Negative,0.0001,0.7598
10.059302,2.3193104,GCF_000092785___1590,Negative,0.0001,0.2502
9.64914,1.9362435,GCF_000092785___1591,Negative,0.0002,0.2841
2.727137,2.0685346,GCF_000092785___1592,Negative,0.0,0.2496
2.648807,3.9356077,GCF_000092785___1593,Negative,0.0,0.1035
11.937102,-2.7906387,GCF_000092785___1594,Negative,0.0015,0.0
10.898697,-3.0510983,GCF_000092785___1595,Negative,0.0061,0.0003
10.870958,-3.0639372,GCF_000092785___1596,Negative,0.0035,0.0004
0.39010516,4.278364,GCF_000092785___1597,Negative,0.0,0.0002
9.529218,1.7100488,GCF_000092785___1598,Negative,0.0006,0.4604
-0.3826579,3.4047787,GCF_000092785___1599,Negative,0.0,0.0003
1.4112707,5.2453427,GCF_000092785___1600,Negative,0.0,0.0002
3.715459,-0.611127,GCF_000092785___1601,Negative,0.0004,0.9894
11.539288,-2.7570453,GCF_000092785___1602,Negative,0.0049,0.0001
9.888755,0.36157146,GCF_000092785___1603,Negative,0.0247,0.1115
1.8459935,4.190258,GCF_000092785___1604,Negative,0.0,0.0794
3.1212866,1.0377657,GCF_000092785___1605,Negative,0.0,0.251
9.601159,1.8751676,GCF_000092785___1606,Negative,0.0002,0.5084
0.8041354,4.507665,GCF_000092785___1607,Negative,0.0,0.0529
4.0963635,0.9386486,GCF_000092785___1608,Negative,0.0002,0.7711
11.305803,-2.5594997,GCF_000092785___1609,Negative,0.0015,0.0
10.965729,-2.1641693,GCF_000092785___1610,Negative,0.0126,0.0
-1.6773162,2.2701278,GCF_000092785___1611,Negative,0.0,0.0295
-0.63466066,4.6386294,GCF_000092785___1612,Negative,0.0,0.0033
2.7009506,-0.533047,GCF_000092785___1613,Negative,0.0,0.0971
-1.5503029,2.3150966,GCF_000092785___1614,Negative,0.0,0.0063
7.538838,1.9581127,GCF_000092785___1615,Negative,0.0004,0.0023
-1.4056494,3.2491102,GCF_000092785___1616,Negative,0.0,0.0138
6.8907804,-1.2096874,GCF_000092785___1617,Inc-protein,0.9968,0.0028
11.00201,0.96416616,GCF_000092785___1618,Negative,0.0002,0.0003
2.6331134,4.0848517,GCF_000092785___1619,Negative,0.0,0.1252
11.19423,-2.8018165,GCF_000092785___1620,Negative,0.0265,0.0007
11.161797,-2.7705812,GCF_000092785___1621,Negative,0.0171,0.0004
0.15455823,5.080917,GCF_000092785___1622,Negative,0.0,0.0017
2.5848591,4.1383624,GCF_000092785___1623,Negative,0.0,0.0201
-0.40899125,5.402165,GCF_000092785___1624,Negative,0.0,0.0001
2.6779516,3.138101,GCF_000092785___1625,Negative,0.0001,0.0678
2.540076,3.1721938,GCF_000092785___1626,Negative,0.0,0.0293
2.3442686,3.5217998,GCF_000092785___1627,Negative,0.0001,0.0134
3.282809,-1.4609003,GCF_000092785___1628,Negative,0.0,0.9992
0.98799396,4.9553323,GCF_000092785___1629,Negative,0.0,0.0063
1.6751425,4.2560105,GCF_000092785___1630,Negative,0.0001,0.0903
11.540325,-3.032109,GCF_000092785___1631,Negative,0.0645,0.0001
2.2911305,3.011315,GCF_000092785___1632,Negative,0.0,0.0726
9.937392,-2.3426611,GCF_000092785___1633,Negative,0.3732,0.1132
2.5058901,-2.3313477,GCF_000092785___1634,Negative,0.0001,0.0337
-0.34116316,4.108294,GCF_000092785___1635,Negative,0.0,0.0019
11.034492,2.065649,GCF_000092785___1636,Negative,0.0009,0.9533
9.440125,1.4016948,GCF_000092785___1637,Negative,0.0091,0.4486
11.719199,-3.1786346,GCF_000092785___1638,Negative,0.0011,0.0
11.726789,-3.152667,GCF_000092785___1639,Negative,0.0009,0.0
0.2301656,4.2491155,GCF_000092785___1640,Negative,0.0,0.0013
7.7404723,1.8568195,GCF_000092785___1641,Negative,0.0003,0.0131
3.7058315,-1.0243759,GCF_000092785___1642,Negative,0.0077,0.9657
2.5756843,-2.5226088,GCF_000092785___1643,Negative,0.0001,0.0796
2.3956192,-2.7936165,GCF_000092785___1644,Negative,0.0136,0.0593
9.958526,-0.24315616,GCF_000092785___1645,Negative,0.524,0.3483
12.191727,-3.004548,GCF_000092785___1646,Negative,0.0002,0.0
11.667179,-3.1577125,GCF_000092785___1647,Negative,0.001,0.0
11.245693,-2.4160626,GCF_000092785___1648,Negative,0.015,0.0002
3.8910525,-0.9874123,GCF_000092785___1649,Negative,0.0589,0.7486
9.326231,-1.9288337,GCF_000092785___1650,Inc-protein,0.9999,0.0
2.450932,4.582615,GCF_000092785___1651,Negative,0.0,0.023
0.7378877,4.7887444,GCF_000092785___1652,Negative,0.0,0.0022
11.144937,-3.1337128,GCF_000092785___1653,Negative,0.0028,0.0
2.615022,3.0026448,GCF_000092785___1654,Negative,0.0038,0.0078
1.6306077,3.6571336,GCF_000092785___1655,Negative,0.0,0.0127
5.8126016,-1.4667083,GCF_000092785___1656,Negative,0.001,0.9987
9.936953,-1.9255372,GCF_000092785___1657,Inc-protein,0.9549,0.0028
1.9967964,4.650783,GCF_000092785___1658,Negative,0.0,0.0045
2.6609528,3.1317894,GCF_000092785___1659,Negative,0.0001,0.1357
0.35335463,5.19861,GCF_000092785___1660,Negative,0.0,0.0051
10.927642,1.7426895,GCF_000092785___1661,Negative,0.0002,0.0831
4.1715302,-1.1945195,GCF_000092785___1662,Negative,0.0002,0.9909
0.97005105,1.2335217,GCF_000092785___1663,Negative,0.0004,0.0526
6.2722583,-1.1048515,GCF_000092785___1664,Negative,0.2369,0.7629
3.3703246,2.1365557,GCF_000092785___1665,Negative,0.0,0.03
2.846104,4.3701863,GCF_000092785___1666,Negative,0.0,0.0384
1.4103857,3.9912763,GCF_000092785___1667,Negative,0.0,0.0045
1.9047946,5.017655,GCF_000092785___1668,Negative,0.0,0.003
4.48377,0.001116392,GCF_000092785___1669,Negative,0.0023,0.549
11.070433,-2.4469752,GCF_000092785___1670,Negative,0.0037,0.0002
0.29114765,3.5833423,GCF_000092785___1671,Negative,0.0,0.0013
1.9292952,3.7864528,GCF_000092785___1672,Negative,0.0,0.0126
5.242445,-0.89934796,GCF_000092785___1673,Negative,0.0,1.0
0.6059362,4.57016,GCF_000092785___1674,Negative,0.0,0.0067
10.782777,-2.4080727,GCF_000092785___1675,Negative,0.1252,0.0
2.8656623,-1.1624095,GCF_000092785___1676,Negative,0.0008,0.1744
4.8960166,-0.66523206,GCF_000092785___1677,Negative,0.0004,0.9995
2.7776387,1.4714097,GCF_000092785___1678,Negative,0.0003,0.7131
0.95927936,5.206652,GCF_000092785___1679,Negative,0.0,0.0043
3.6477132,1.4754779,GCF_000092785___1680,Negative,0.0,0.866
11.206152,-2.387442,GCF_000092785___1681,Negative,0.0023,0.0
9.632799,-1.8343475,GCF_000092785___1682,Negative,0.1126,0.0004
11.101981,1.553497,GCF_000092785___1683,Negative,0.0018,0.8141
2.3792694,4.051076,GCF_000092785___1684,Negative,0.0002,0.0927
9.710329,-2.1919966,GCF_000092785___1685,Inc-protein,0.9036,0.0059
2.7788658,-1.8711629,GCF_000092785___1686,Negative,0.0004,0.1556
1.9309343,4.6494727,GCF_000092785___1687,Negative,0.0,0.0146
1.7128313,4.6947265,GCF_000092785___1688,Negative,0.0,0.0013
9.416139,1.4961767,GCF_000092785___1689,Negative,0.0036,0.597
1.9845957,4.2722993,GCF_000092785___1690,Negative,0.0,0.0054
11.088926,-3.0516765,GCF_000092785___1691,Negative,0.001,0.0001
1.0116229,5.1757913,GCF_000092785___1692,Negative,0.0,0.0006
1.9641825,3.6078184,GCF_000092785___1693,Negative,0.0,0.0272
0.7007147,5.5112453,GCF_000092785___1694,Negative,0.0,0.0018
2.8399074,4.505855,GCF_000092785___1695,Negative,0.0,0.0062
2.7690296,4.1812325,GCF_000092785___1696,Negative,0.0001,0.0763
11.1784935,2.032583,GCF_000092785___1697,Negative,0.0008,0.9765
11.1928835,1.8992167,GCF_000092785___1698,Negative,0.0003,0.9547
11.067455,-2.0700057,GCF_000092785___1699,Negative,0.0319,0.0004
-0.2195506,4.027481,GCF_000092785___1700,Negative,0.0,0.0004
-0.40081587,4.864013,GCF_000092785___1701,Negative,0.0,0.0109
12.2262745,-3.086599,GCF_000092785___1702,Negative,0.0014,0.0
3.2851176,2.8131094,GCF_000092785___1703,Negative,0.0,0.1309
1.0700516,4.7809463,GCF_000092785___1704,Negative,0.0,0.002
2.111567,3.5329309,GCF_000092785___1705,Negative,0.0,0.025
1.3160367,4.7527995,GCF_000092785___1706,Negative,0.0,0.001
4.7387867,-0.45117098,GCF_000092785___1707,Negative,0.0002,0.9983
2.3420765,1.9376663,GCF_000092785___1708,Negative,0.0001,0.1441
3.3658032,2.4521768,GCF_000092785___1709,Negative,0.0,0.1409
3.4534307,-0.35759428,GCF_000092785___1710,Negative,0.0002,0.9679
1.3508257,5.0630045,GCF_000092785___1711,Negative,0.0,0.0032
3.8058717,-0.591439,GCF_000092785___1712,Negative,0.0,0.9994
9.874159,-1.6449283,GCF_000092785___1713,Negative,0.2838,0.0005
2.6791205,3.964494,GCF_000092785___1714,Negative,0.0001,0.0809
9.940953,1.3408288,GCF_000092785___1715,Negative,0.0071,0.7892
9.990616,1.8766445,GCF_000092785___1716,Negative,0.0007,0.1285
9.802353,1.6478771,GCF_000092785___1717,Negative,0.0001,0.0115
9.689645,2.7325642,GCF_000092785___1718,Negative,0.0002,0.319
11.138096,1.9466735,GCF_000092785___1719,Negative,0.0004,0.9764
11.070757,2.154527,GCF_000092785___1720,Negative,0.0007,0.982
2.663661,2.0365162,GCF_000092785___1721,Negative,0.0004,0.3788
1.6931287,3.048163,GCF_000092785___1722,Negative,0.0001,0.1619
10.487154,-1.9679624,GCF_000092785___1723,Negative,0.4297,0.0067
-1.3966471,3.2649913,GCF_000092785___1724,Negative,0.0,0.0138
7.547443,1.9505637,GCF_000092785___1725,Negative,0.0004,0.0023
10.821416,2.7911901,GCF_000092785___1726,Negative,0.0028,0.3006
9.613145,2.822665,GCF_000092785___1727,Negative,0.0001,0.4189
5.5940576,-1.1799563,GCF_000092785___1728,Negative,0.0001,0.9998
4.522636,-0.8473127,GCF_000092785___1729,Negative,0.0016,0.9973
11.775095,-3.1299012,GCF_000092785___1730,Negative,0.0003,0.0
9.458435,1.6772718,GCF_000092785___1731,Negative,0.0005,0.0541
9.795946,1.9380237,GCF_000092785___1732,Negative,0.0002,0.037
10.767145,-2.13981,GCF_000092785___1733,Negative,0.1596,0.0005
1.5897377,2.6564796,GCF_000092785___1734,Negative,0.0001,0.0155
1.9520441,2.4499764,GCF_000092785___1735,Negative,0.0001,0.0268
2.3561418,2.0881124,GCF_000092785___1736,Negative,0.0003,0.2287
0.7637457,5.753197,GCF_000092785___1737,Negative,0.0,0.0018
0.7406476,4.93708,GCF_000092785___1738,Negative,0.0,0.0117
1.128654,3.5508506,GCF_000092785___1739,Negative,0.0,0.0258
2.1600003,3.9867754,GCF_000092785___1740,Negative,0.0001,0.1515
9.408285,1.4326224,GCF_000092785___1741,Negative,0.0016,0.0275
11.884869,-3.1623883,GCF_000092785___1742,Negative,0.0001,0.0
9.541262,1.70234,GCF_000092785___1743,Negative,0.0,0.0034
10.123902,2.3346276,GCF_000092785___1744,Negative,0.0003,0.3466
2.0144763,1.5964402,GCF_000092785___1745,Negative,0.0003,0.1381
3.0171304,-1.2621975,GCF_000092785___1746,Negative,0.0006,0.7049
10.091304,0.7000274,GCF_000092785___1747,Negative,0.0012,0.5101
9.543951,2.88808,GCF_000092785___1748,Negative,0.0,0.9884
0.7621308,4.017968,GCF_000092785___1749,Negative,0.0,0.0015
-0.3804958,5.200065,GCF_000092785___1750,Negative,0.0,0.0005
6.5720167,-1.1156688,GCF_000092785___1751,Negative,0.2712,0.7265
1.837556,4.769329,GCF_000092785___1752,Negative,0.0,0.0412
11.147863,1.8583294,GCF_000092785___1753,Negative,0.0004,0.9221
3.8954492,-0.80940217,GCF_000092785___1754,Negative,0.0041,0.9882
1.1880053,3.1959903,GCF_000092785___1755,Negative,0.0005,0.0865
11.4249525,-3.22062,GCF_000092785___1756,Negative,0.0048,0.0
10.841522,2.8219147,GCF_000092785___1757,Negative,0.001,0.4858
10.820038,2.8548775,GCF_000092785___1758,Negative,0.0006,0.1965
1.3134878,4.1443944,GCF_000092785___1759,Negative,0.0,0.035
0.9806788,3.329175,GCF_000092785___1760,Negative,0.0,0.0327
9.649172,1.7442607,GCF_000092785___1761,Negative,0.0001,0.0221
1.0215621,2.8305824,GCF_000092785___1762,Negative,0.0001,0.0476
-0.59472424,4.472074,GCF_000092785___1763,Negative,0.0,0.001
1.0283554,2.8691163,GCF_000092785___1764,Negative,0.0012,0.0217
5.713775,-1.3229048,GCF_000092785___1765,Negative,0.0001,0.9999
2.9339652,1.7776486,GCF_000092785___1766,Negative,0.0,0.2636
2.1213815,2.5094037,GCF_000092785___1767,Negative,0.0,0.0927
11.848922,-2.7354505,GCF_000092785___1768,Negative,0.0006,0.0001
2.7017107,2.8431432,GCF_000092785___1769,Negative,0.0,0.0204
9.627694,2.8373377,GCF_000092785___1770,Negative,0.0,0.9903
2.2518668,2.5526662,GCF_000092785___1771,Negative,0.0,0.0081
2.563153,3.1137335,GCF_000092785___1772,Negative,0.0002,0.1493
1.4593227,4.7103853,GCF_000092785___1773,Negative,0.0,0.0028
4.2299905,0.44528934,GCF_000092785___1774,Negative,0.002,0.9392
0.023232415,5.5733085,GCF_000092785___1775,Negative,0.0,0.001
2.4841576,2.186603,GCF_000092785___1776,Negative,0.0001,0.2163
5.270172,-0.7033165,GCF_000092785___1777,Negative,0.0001,0.5046
5.2773967,-0.52477473,GCF_000092785___1778,Negative,0.0,0.9916
2.9723403,4.1462064,GCF_000092785___1779,Negative,0.0001,0.0267
2.3130467,3.5859401,GCF_000092785___1780,Negative,0.0,0.0306
3.1138222,3.3328397,GCF_000092785___1781,Negative,0.0,0.5438
2.9035983,3.989507,GCF_000092785___1782,Negative,0.0,0.1329
10.204601,-2.5525053,GCF_000092785___1783,Negative,0.0566,0.0057
1.1585101,5.298597,GCF_000092785___1784,Negative,0.0,0.0002
1.2452687,4.6848183,GCF_000092785___1785,Negative,0.0,0.0032
10.239373,1.0234807,GCF_000092785___1786,Negative,0.4043,0.4315
1.46157,1.3284221,GCF_000092785___1787,Negative,0.0008,0.3633
0.6445891,5.550308,GCF_000092785___1788,Negative,0.0,0.0084
0.34372765,5.1025395,GCF_000092785___1789,Negative,0.0,0.007
0.01702566,5.1054397,GCF_000092785___1790,Negative,0.0,0.0058
0.723778,4.942796,GCF_000092785___1791,Negative,0.0,0.0173
10.962606,1.7687296,GCF_000092785___1792,Negative,0.0009,0.996
-1.3220197,2.5192895,GCF_000092785___1793,Negative,0.0,0.0
7.5408044,1.9571968,GCF_000092785___1794,Negative,0.0004,0.0023
-1.4384747,3.216747,GCF_000092785___1795,Negative,0.0,0.0045
1.1713487,4.815122,GCF_000092785___1796,Negative,0.0,0.0091
-1.1993984,3.5038896,GCF_000092785___1797,Negative,0.0,0.0128
2.727871,-0.95803523,GCF_000092785___1798,Negative,0.0,0.0275
1.1722326,3.8383744,GCF_000092785___1799,Negative,0.0,0.0171
4.0806284,-0.32908162,GCF_000092785___1800,Negative,0.001,0.441
2.7940943,-1.0130745,GCF_000092785___1801,Negative,0.0008,0.0362
1.3241652,2.0120866,GCF_000092785___1802,Negative,0.0,0.2464
1.3018471,2.0522425,GCF_000092785___1803,Negative,0.0,0.3092
3.973519,-0.6595947,GCF_000092785___1804,Negative,0.0,0.9983
0.86140966,1.0720012,GCF_000092785___1805,Negative,0.0002,0.1874
2.4053206,-2.7581317,GCF_000092785___1806,Negative,0.0,0.0236
-1.9937413,3.000874,GCF_000092785___1807,Negative,0.0001,0.0366
7.4664273,2.010992,GCF_000092785___1808,Negative,0.0005,0.0033
-1.5224315,2.9506984,GCF_000092785___1809,Negative,0.0001,0.0009
-1.1919363,3.5154467,GCF_000092785___1810,Negative,0.0,0.0011
3.5041022,1.9671086,GCF_000092785___1811,Negative,0.0001,0.0115
-1.6886976,2.2516792,GCF_000092785___1812,Negative,0.0,0.0295
11.250013,1.557707,GCF_000092785___1813,Negative,0.0011,0.1167
2.1171541,4.483636,GCF_000092785___1814,Negative,0.0,0.3181
9.476797,0.97890127,GCF_000092785___1815,Negative,0.006,0.0522
9.426289,0.9493466,GCF_000092785___1816,Negative,0.001,0.0402
9.503608,0.9002697,GCF_000092785___1817,Negative,0.0162,0.2283
3.800928,-0.6455669,GCF_000092785___1818,Negative,0.0032,0.8247
9.137883,1.231116,GCF_000092785___1819,Negative,0.0011,0.0917
6.037629,-1.6935208,GCF_000092785___1820,Negative,0.0009,0.9942
3.3679376,0.18980424,GCF_000092785___1821,Negative,0.0003,0.9822
10.7991085,-2.8278751,GCF_000092785___1822,Negative,0.0133,0.0
-0.06110726,4.2126303,GCF_000092785___1823,Negative,0.0,0.0011
9.447896,1.3916854,GCF_000092785___1824,Negative,0.0071,0.5223
9.943162,0.31207082,GCF_000092785___1825,Negative,0.0083,0.3987
7.9715743,-1.5551293,GCF_000092785___1826,Inc-protein,0.9372,0.0038
2.9211867,0.8210055,GCF_000092785___1827,Negative,0.0,0.6177
0.6886993,2.9634461,GCF_000092785___1828,Negative,0.0,0.0031
10.962072,-2.4065382,GCF_000092785___1829,Negative,0.0165,0.0
10.050326,2.123303,GCF_000092785___1830,Negative,0.0003,0.4867
9.910493,1.9884127,GCF_000092785___1831,Negative,0.0005,0.2866
6.7052646,-1.5519172,GCF_000092785___1832,Inc-protein,0.8803,0.1188
1.5834074,4.487612,GCF_000092785___1833,Negative,0.0,0.0158
5.3865767,-0.96993065,GCF_000092785___1834,Negative,0.0012,0.994
1.2629982,3.7960956,GCF_000092785___1835,Negative,0.0,0.0012
11.203695,1.5648254,GCF_000092785___1836,Negative,0.0003,0.3561
9.763461,2.5626523,GCF_000092785___1837,Negative,0.0002,0.2865
10.00304,2.1322362,GCF_000092785___1838,Negative,0.0,0.0189
9.704698,0.6818721,GCF_000092785___1839,Negative,0.0,0.0085
-0.4033039,4.283462,GCF_000092785___1840,Negative,0.0,0.0093
2.447442,2.945432,GCF_000092785___1841,Negative,0.0002,0.0944
0.64000314,5.153824,GCF_000092785___1842,Negative,0.0,0.0015
2.1479547,2.886712,GCF_000092785___1843,Negative,0.0,0.0103
1.372149,2.258382,GCF_000092785___1844,Negative,0.0,0.247
3.5353117,2.6327069,GCF_000092785___1845,Negative,0.0001,0.8626
0.97220623,3.187785,GCF_000092785___1846,Negative,0.0,0.0345
3.6327388,-1.3126508,GCF_000092785___1847,Negative,0.0062,0.9678
2.0405395,2.424995,GCF_000092785___1848,Negative,0.0001,0.003
2.4136367,2.9505897,GCF_000092785___1849,Negative,0.0,0.045
9.967277,0.045932017,GCF_000092785___1850,Negative,0.0477,0.2714
3.2089994,1.8785994,GCF_000092785___1851,Negative,0.0,0.0741
9.389077,-1.9469553,GCF_000092785___1852,Inc-protein,0.9962,0.0005
1.6831495,2.307348,GCF_000092785___1853,Negative,0.0,0.1313
0.41631877,4.211145,GCF_000092785___1854,Negative,0.0,0.0997
2.1278706,4.358906,GCF_000092785___1855,Negative,0.0,0.2136
6.746786,-1.254197,GCF_000092785___1856,Inc-protein,0.9962,0.0038
2.7759047,-1.1922002,GCF_000092785___1857,Negative,0.0006,0.1809
2.2045674,4.713616,GCF_000092785___1858,Negative,0.0,0.06
-1.7555918,2.3432443,GCF_000092785___1859,Negative,0.0,0.0012
-1.1837295,2.5989468,GCF_000092785___1860,Negative,0.0,0.0002
-0.7794062,4.400636,GCF_000092785___1861,Negative,0.0,0.0
10.237819,-1.487259,GCF_000092785___1862,Negative,0.0038,0.0
10.089003,-1.4941922,GCF_000092785___1863,Negative,0.0643,0.0
9.768773,0.425398,GCF_000092785___1864,Negative,0.0001,0.0002
12.214268,-3.1189973,GCF_000092785___1865,Negative,0.0035,0.0
9.748598,0.44148737,GCF_000092785___1866,Negative,0.0,0.0002
12.237299,-3.1694224,GCF_000092785___1867,Negative,0.0008,0.0
9.6964445,1.4661139,GCF_000092785___1868,Negative,0.0001,0.0005
11.152534,-2.3820913,GCF_000092785___1869,Negative,0.009,0.0
-0.36142382,4.8800774,GCF_000092785___1870,Negative,0.0,0.0017
1.4028658,3.2450874,GCF_000092785___1871,Negative,0.0,0.0198
1.8478538,3.8265922,GCF_000092785___1872,Negative,0.0,0.0129
11.181817,-3.0157974,GCF_000092785___1873,Negative,0.0029,0.0
9.677179,-2.1937752,GCF_000092785___1874,Negative,0.729,0.2171
9.96138,-0.2867651,GCF_000092785___1875,Negative,0.0671,0.0055
9.717706,2.746917,GCF_000092785___1876,Negative,0.0,0.43
2.6659608,4.1509266,GCF_000092785___1877,Negative,0.0001,0.0348
1.4883881,4.2008886,GCF_000092785___1878,Negative,0.0,0.0013
9.836056,-1.5655212,GCF_000092785___1879,Negative,0.3868,0.0007
1.704291,1.9263045,GCF_000092785___1880,Negative,0.0004,0.0361
1.5774981,2.6360755,GCF_000092785___1881,Negative,0.0035,0.2189
3.1860554,-0.36021608,GCF_000092785___1882,Negative,0.0005,0.0327
11.229993,1.6436095,GCF_000092785___1883,Negative,0.0001,0.2638
0.8509562,11.630659,GCF_000092785___1884,Negative,0.0,0.0251
2.8507051,-1.3508476,GCF_000092785___1885,Negative,0.0012,0.5608
1.698746,2.9507248,GCF_000092785___1886,Negative,0.0,0.0071
10.965142,2.1392534,GCF_000092785___1887,Negative,0.0009,0.9965
3.228287,-1.0392035,GCF_000092785___1888,Negative,0.0004,0.9844
2.4722018,-2.2274017,GCF_000092785___1889,Negative,0.0,0.0035
0.9140286,3.1835444,GCF_000092785___1890,Negative,0.0,0.0023
2.7962291,-0.5444016,GCF_000092785___1891,Negative,0.0078,0.6615
1.7927293,2.237097,GCF_000092785___1892,Negative,0.0,0.1335
2.8374977,1.7225292,GCF_000092785___1893,Negative,0.0008,0.3663
4.1150565,0.6369544,GCF_000092785___1894,Negative,0.0014,0.4395
2.920102,-0.4608738,GCF_000092785___1895,Negative,0.0001,0.8749
4.0581307,0.7251569,GCF_000092785___1896,Negative,0.0,0.1561
1.8998169,4.943528,GCF_000092785___1897,Negative,0.0,0.0087
11.067311,1.7566713,GCF_000092785___1898,Negative,0.0001,0.2492
4.077831,0.6209842,GCF_000092785___1899,Negative,0.0019,0.7669
-0.5178303,3.8612034,GCF_000092785___1900,Negative,0.0,0.0009
9.94709,-0.21829574,GCF_000092785___1901,Negative,0.5164,0.2361
