name,pred_class,score,inc.prob,nega.prob,sec.prob,length
GCF_000011565___0,Negative,0.9998,0.0,0.9998,0.0002,67
GCF_000011565___1,Negative,0.9988,1e-04,0.0011,0.9988,985
GCF_000011565___2,Negative,0.9184,1e-04,0.9184,0.0815,477
GCF_000011565___3,Negative,0.9995,0.0,0.9995,0.0005,798
GCF_000011565___4,Negative,0.9533,0.0465,0.9533,0.0002,598
GCF_000011565___5,Negative,0.8623,0.0,0.8623,0.1377,1195
GCF_000011565___6,Negative,0.7589,0.0,0.7589,0.2411,1171
GCF_000011565___7,Negative,0.8207,0.0,0.8207,0.1793,619
GCF_000011565___8,Negative,0.9967,1e-04,0.9967,0.0033,46
GCF_000011565___9,Negative,0.9767,0.007,0.9767,0.0163,59
GCF_000011565___10,Negative,0.9541,0.0458,0.9541,0.0,64
GCF_000011565___11,Negative,1.0,0.0,0.0,1.0,660
GCF_000011565___12,Negative,0.9762,1e-04,0.9762,0.0237,350
GCF_000011565___13,Negative,0.9894,0.0,0.9894,0.0106,263
GCF_000011565___14,Negative,0.9989,0.0011,0.9989,0.0,258
GCF_000011565___15,Negative,0.8884,0.0,0.8884,0.1116,443
GCF_000011565___16,Negative,0.9237,0.0,0.9237,0.0763,323
GCF_000011565___17,Negative,0.9996,1e-04,0.0002,0.9996,565
GCF_000011565___18,Negative,0.9967,0.0,0.9967,0.0033,168
GCF_000011565___19,Negative,0.995,0.0,0.995,0.005,201
GCF_000011565___20,Negative,0.998,0.0,0.998,0.002,209
GCF_000011565___21,Negative,0.7981,1e-04,0.7981,0.2018,458
GCF_000011565___22,Negative,0.9652,1e-04,0.9652,0.0347,305
GCF_000011565___23,Negative,0.9954,0.0,0.9954,0.0046,202
GCF_000011565___24,Negative,0.8986,0.0,0.8986,0.1013,210
GCF_000011565___25,Negative,0.9753,0.0,0.0247,0.9753,1511
GCF_000011565___26,Negative,0.9961,0.0,0.9961,0.0039,264
GCF_000011565___27,Negative,0.0132,0.2342,0.0132,0.7526,120
GCF_000011565___28,Negative,0.9262,0.0008,0.9262,0.073,83
GCF_000011565___29,Negative,0.9995,0.0,0.9995,0.0005,557
GCF_000011565___30,Negative,0.9986,0.0,0.9986,0.0014,98
GCF_000011565___31,Negative,0.9395,0.0005,0.9395,0.06,411
GCF_000011565___32,Negative,0.9639,0.0,0.9639,0.0361,1220
GCF_000011565___33,Negative,0.9712,0.0,0.9712,0.0288,725
GCF_000011565___34,Negative,0.9999,0.0,0.9999,1e-04,49
GCF_000011565___35,Negative,0.9982,0.0,0.9982,0.0017,99
GCF_000011565___36,Negative,0.9171,0.0003,0.0826,0.9171,193
GCF_000011565___37,Negative,0.9649,0.0005,0.0346,0.9649,313
GCF_000011565___38,Negative,0.9988,0.0007,0.0005,0.9988,956
GCF_000011565___39,Negative,0.5529,0.4455,0.5529,0.0016,115
GCF_000011565___40,Negative,0.9793,0.0003,0.0204,0.9793,1140
GCF_000011565___41,Negative,0.9931,1e-04,0.0068,0.9931,1143
GCF_000011565___42,Negative,0.9985,1e-04,0.0014,0.9985,1145
GCF_000011565___43,Negative,0.9997,0.0002,1e-04,0.9997,442
GCF_000011565___44,Negative,0.998,1e-04,0.0019,0.998,1142
GCF_000011565___45,Negative,0.991,0.0003,0.0087,0.991,1153
GCF_000011565___46,Negative,0.9991,0.0,0.0009,0.9991,1093
GCF_000011565___47,Negative,0.9953,1e-04,0.0045,0.9953,534
GCF_000011565___48,Negative,0.9998,1e-04,0.0,0.9998,285
GCF_000011565___49,Negative,0.9512,0.0156,0.9512,0.0332,42
GCF_000011565___50,Negative,0.9126,1e-04,0.0873,0.9126,350
GCF_000011565___51,Negative,0.9977,1e-04,0.0022,0.9977,1151
GCF_000011565___52,Negative,0.9981,0.0,0.9981,0.0018,38
GCF_000011565___53,Negative,0.8692,1e-04,0.1307,0.8692,379
GCF_000011565___54,Negative,0.9974,0.0003,0.0024,0.9974,708
GCF_000011565___55,Negative,0.9911,0.0002,0.0087,0.9911,971
GCF_000011565___56,Negative,0.9994,1e-04,0.0005,0.9994,169
GCF_000011565___57,Negative,0.9994,0.0006,1e-04,0.9994,449
GCF_000011565___58,Negative,0.9875,1e-04,0.0124,0.9875,1144
GCF_000011565___59,Negative,0.994,1e-04,0.0059,0.994,1013
GCF_000011565___60,Negative,0.9974,0.0002,0.0024,0.9974,1147
GCF_000011565___61,Negative,0.9862,0.0003,0.0135,0.9862,284
GCF_000011565___62,Negative,0.9698,1e-04,0.9698,0.0301,52
GCF_000011565___63,Negative,0.8863,0.0,0.8863,0.1137,220
GCF_000011565___64,Negative,0.9749,0.0007,0.0244,0.9749,236
GCF_000011565___65,Inc-protein,0.9978,0.9978,0.0004,0.0018,295
GCF_000011565___66,Negative,0.8041,0.1215,0.0744,0.8041,527
GCF_000011565___67,Negative,0.9917,0.0,0.9917,0.0083,166
GCF_000011565___68,Negative,0.9849,0.001,0.9849,0.0141,302
GCF_000011565___69,Negative,0.9893,0.0021,0.9893,0.0085,390
GCF_000011565___70,Negative,0.8771,1e-04,0.8771,0.1228,60
GCF_000011565___71,Negative,0.9962,0.0,0.9962,0.0038,398
GCF_000011565___72,Negative,0.9815,0.0009,0.9815,0.0176,79
GCF_000011565___73,Negative,0.9947,0.0024,0.9947,0.003,53
GCF_000011565___74,Negative,0.99,0.0,0.99,0.01,867
GCF_000011565___75,Negative,0.792,0.0005,0.792,0.2075,363
GCF_000011565___76,Negative,0.9991,0.0,0.9991,0.0009,352
GCF_000011565___77,Negative,0.9998,0.0,0.9998,0.0002,58
GCF_000011565___78,Negative,0.5813,1e-04,0.5813,0.4186,74
GCF_000011565___79,Negative,0.6008,0.3393,0.6008,0.0599,247
GCF_000011565___80,Negative,0.9125,0.0,0.9125,0.0875,272
GCF_000011565___81,Negative,0.9781,0.0219,0.9781,0.0,729
GCF_000011565___82,Negative,0.9983,0.0,0.9983,0.0017,318
GCF_000011565___83,Negative,0.2597,0.0004,0.2597,0.74,216
GCF_000011565___84,Negative,0.9797,0.0,0.9797,0.0203,499
GCF_000011565___85,Negative,0.9955,0.0,0.9955,0.0045,333
GCF_000011565___86,Negative,0.4969,1e-04,0.4969,0.5031,242
GCF_000011565___87,Negative,0.92,0.0,0.92,0.08,199
GCF_000011565___88,Negative,0.9618,0.0003,0.0379,0.9618,723
GCF_000011565___89,Negative,0.9429,1e-04,0.057,0.9429,144
GCF_000011565___90,Negative,0.9384,0.0,0.0615,0.9384,397
GCF_000011565___91,Negative,0.9694,0.0002,0.9694,0.0304,352
GCF_000011565___92,Negative,0.9714,0.0014,0.9714,0.0272,269
GCF_000011565___93,Negative,0.996,0.0,0.996,0.004,162
GCF_000011565___94,Negative,0.999,0.0,0.999,0.001,343
GCF_000011565___95,Negative,0.999,0.0,0.999,0.0009,720
GCF_000011565___96,Negative,0.9991,0.0009,0.9991,0.0,410
GCF_000011565___97,Negative,0.9983,0.0,0.9983,0.0017,463
GCF_000011565___98,Negative,0.9944,0.0,0.9944,0.0055,274
GCF_000011565___99,Negative,0.9994,0.0,0.9994,0.0006,341
GCF_000011565___100,Negative,0.998,0.0,0.998,0.002,224
GCF_000011565___101,Negative,0.9971,0.0028,0.9971,0.0,471
GCF_000011565___102,Negative,0.883,0.0189,0.0981,0.883,192
GCF_000011565___103,Negative,0.9858,0.0133,0.9858,0.0009,572
GCF_000011565___104,Negative,0.9867,0.0132,0.9867,1e-04,498
GCF_000011565___105,Negative,0.9469,0.0002,0.9469,0.0529,715
GCF_000011565___106,Negative,0.999,0.001,0.999,0.0,230
GCF_000011565___107,Negative,0.9988,0.0012,0.9988,0.0,69
GCF_000011565___108,Negative,0.9971,0.0,0.9971,0.0029,852
GCF_000011565___109,Negative,0.9987,0.001,0.0003,0.9987,683
GCF_000011565___110,Negative,0.6916,0.0025,0.6916,0.3059,278
GCF_000011565___111,Negative,0.8462,1e-04,0.8462,0.1536,504
GCF_000011565___112,Negative,0.8819,1e-04,0.8819,0.118,255
GCF_000011565___113,Negative,0.9719,0.0,0.9719,0.0281,670
GCF_000011565___114,Negative,0.9962,0.0004,0.0035,0.9962,327
GCF_000011565___115,Negative,0.7006,0.2417,0.7006,0.0577,251
GCF_000011565___116,Negative,0.6317,0.3682,0.6317,1e-04,125
GCF_000011565___117,Negative,0.201,0.0078,0.201,0.7912,572
GCF_000011565___118,Negative,0.9566,0.0002,0.0431,0.9566,567
GCF_000011565___119,Negative,0.978,0.0183,0.978,0.0037,372
GCF_000011565___120,Negative,0.9667,0.0117,0.9667,0.0216,43
GCF_000011565___121,Negative,0.9569,0.0211,0.9569,0.022,362
GCF_000011565___122,Negative,0.9968,0.0,0.9968,0.0031,205
GCF_000011565___123,Negative,0.9934,0.0,0.9934,0.0066,880
GCF_000011565___124,Negative,0.9928,0.0003,0.9928,0.0069,66
GCF_000011565___125,Negative,1.0,0.0,1.0,0.0,295
GCF_000011565___126,Negative,0.9963,0.0,0.9963,0.0037,184
GCF_000011565___127,Negative,0.9902,0.0,0.9902,0.0098,294
GCF_000011565___128,Negative,0.9995,0.0,0.9995,0.0005,352
GCF_000011565___129,Negative,0.9979,0.002,0.9979,0.0,513
GCF_000011565___130,Negative,0.9991,0.0002,0.9991,0.0007,399
GCF_000011565___131,Negative,0.7325,1e-04,0.7325,0.2674,293
GCF_000011565___132,Negative,0.8481,0.0659,0.8481,0.0859,149
GCF_000011565___133,Negative,0.9328,0.0,0.9328,0.0672,280
GCF_000011565___134,Negative,0.9969,1e-04,0.9969,0.003,96
GCF_000011565___135,Negative,0.6924,0.0032,0.6924,0.3043,560
GCF_000011565___136,Negative,0.9706,0.0,0.9706,0.0293,231
GCF_000011565___137,Negative,0.9722,1e-04,0.9722,0.0277,1154
GCF_000011565___138,Negative,0.9897,0.0,0.9897,0.0103,294
GCF_000011565___139,Negative,0.871,0.0002,0.871,0.1288,282
GCF_000011565___140,Negative,0.986,0.0004,0.0137,0.986,392
GCF_000011565___141,Negative,0.7088,0.0,0.7088,0.2912,652
GCF_000011565___142,Negative,0.9786,0.0,0.9786,0.0214,412
GCF_000011565___143,Negative,0.9734,0.0,0.9734,0.0266,249
GCF_000011565___144,Negative,0.98,0.0,0.98,0.02,380
GCF_000011565___145,Negative,0.9984,0.0,0.9984,0.0016,434
GCF_000011565___146,Negative,0.8685,0.0005,0.8685,0.1309,130
GCF_000011565___147,Negative,0.9979,0.0021,0.9979,0.0,248
GCF_000011565___148,Negative,0.994,0.0,0.994,0.0059,1020
GCF_000011565___149,Negative,0.9986,0.0008,0.9986,0.0006,41
GCF_000011565___150,Negative,0.2678,1e-04,0.2678,0.7321,74
GCF_000011565___151,Negative,0.9596,0.0,0.9596,0.0404,203
GCF_000011565___152,Negative,0.9976,0.0024,0.9976,0.0,419
GCF_000011565___153,Inc-protein,0.9961,0.9961,0.0038,1e-04,157
GCF_000011565___154,Negative,0.9949,0.0,0.9949,0.0051,468
GCF_000011565___155,Negative,0.9795,0.0,0.9795,0.0205,322
GCF_000011565___156,Negative,0.8916,0.0559,0.0525,0.8916,306
GCF_000011565___157,Negative,0.5798,1e-04,0.5798,0.4201,299
GCF_000011565___158,Negative,0.9992,0.0002,0.0007,0.9992,548
GCF_000011565___159,Inc-protein,0.9999,0.9999,1e-04,0.0,300
GCF_000011565___160,Negative,0.991,0.0086,0.0004,0.991,605
GCF_000011565___161,Negative,0.8676,0.0,0.8676,0.1324,392
GCF_000011565___162,Negative,0.9353,1e-04,0.9353,0.0646,234
GCF_000011565___163,Negative,0.9942,0.0,0.9942,0.0057,226
GCF_000011565___164,Negative,0.9694,0.0,0.9694,0.0306,393
GCF_000011565___165,Negative,0.996,0.0,0.996,0.004,263
GCF_000011565___166,Inc-protein,0.9977,0.9977,0.0008,0.0015,154
GCF_000011565___167,Negative,0.9979,0.0,0.9979,0.0021,249
GCF_000011565___168,Negative,0.9927,0.0072,0.9927,1e-04,378
GCF_000011565___169,Negative,0.7389,0.0,0.7389,0.2611,149
GCF_000011565___170,Negative,0.9997,0.0003,0.9997,0.0,396
GCF_000011565___171,Negative,0.9996,0.0004,0.9996,0.0,399
GCF_000011565___172,Negative,0.9794,0.0,0.9794,0.0206,353
GCF_000011565___173,Negative,0.987,0.0057,0.0073,0.987,826
GCF_000011565___174,Negative,0.9779,0.0184,0.0037,0.9779,1137
GCF_000011565___175,Negative,0.9856,0.0031,0.0113,0.9856,1196
GCF_000011565___176,Negative,0.9975,0.0,0.9975,0.0025,673
GCF_000011565___177,Negative,0.8942,0.0008,0.8942,0.105,357
GCF_000011565___178,Negative,0.8889,0.0,0.8889,0.1111,753
GCF_000011565___179,Negative,0.8445,0.0,0.8445,0.1555,554
GCF_000011565___180,Negative,0.8124,0.0072,0.8124,0.1804,52
GCF_000011565___181,Negative,0.9977,0.0003,0.9977,0.002,56
GCF_000011565___182,Negative,0.6782,0.0,0.6782,0.3218,292
GCF_000011565___183,Negative,0.9949,0.0,0.9949,0.0051,288
GCF_000011565___184,Negative,0.954,0.0449,0.954,0.0011,376
GCF_000011565___185,Negative,0.9796,0.0,0.9796,0.0204,418
GCF_000011565___186,Negative,0.9982,0.0018,0.9982,0.0,277
GCF_000011565___187,Inc-protein,0.993,0.993,0.0059,0.0011,435
GCF_000011565___188,Negative,0.9256,0.0728,0.9256,0.0015,449
GCF_000011565___189,Negative,0.9718,0.0126,0.9718,0.0155,349
GCF_000011565___190,Negative,0.4763,0.0791,0.4763,0.4446,981
GCF_000011565___191,Negative,0.9851,1e-04,0.9851,0.0149,290
GCF_000011565___192,Negative,0.9991,0.0,0.9991,0.0009,481
GCF_000011565___193,Negative,0.9993,0.0,0.9993,0.0007,254
GCF_000011565___194,Negative,0.7053,0.0,0.7053,0.2947,438
GCF_000011565___195,Negative,0.9995,0.0,0.9995,0.0005,410
GCF_000011565___196,Negative,0.9998,0.0,0.9998,0.0002,311
GCF_000011565___197,Negative,0.999,0.0,0.001,0.999,401
GCF_000011565___198,Negative,0.9871,0.0006,0.0123,0.9871,270
GCF_000011565___199,Negative,0.7531,0.0003,0.7531,0.2465,296
GCF_000011565___200,Negative,0.9831,0.0006,0.0163,0.9831,368
GCF_000011565___201,Negative,0.3021,1e-04,0.3021,0.6978,333
GCF_000011565___202,Negative,0.9991,0.0008,0.9991,1e-04,280
GCF_000011565___203,Negative,0.9996,0.0,0.9996,0.0004,32
GCF_000011565___204,Negative,0.9995,0.0005,0.9995,0.0,78
GCF_000011565___205,Negative,0.9952,0.0017,0.9952,0.0031,323
GCF_000011565___206,Negative,0.8859,1e-04,0.114,0.8859,223
GCF_000011565___207,Negative,0.993,1e-04,0.0069,0.993,281
GCF_000011565___208,Negative,0.9647,0.027,0.9647,0.0083,337
GCF_000011565___209,Negative,0.9986,0.0,0.9986,0.0014,111
GCF_000011565___210,Negative,0.9998,0.0,0.9998,0.0002,695
GCF_000011565___211,Negative,0.9986,0.0,0.9986,0.0013,157
GCF_000011565___212,Negative,0.9989,0.0,0.9989,0.0011,126
GCF_000011565___213,Negative,0.5246,0.0,0.5246,0.4754,234
GCF_000011565___214,Negative,0.5882,1e-04,0.5882,0.4117,241
GCF_000011565___215,Negative,0.9996,0.0,0.9996,0.0004,50
GCF_000011565___216,Negative,0.817,0.0002,0.817,0.1828,671
GCF_000011565___217,Negative,0.9957,0.0,0.9957,0.0043,114
GCF_000011565___218,Negative,1.0,0.0,1.0,0.0,83
GCF_000011565___219,Negative,0.9848,0.0,0.9848,0.0152,337
GCF_000011565___220,Negative,0.7383,0.0027,0.7383,0.2589,294
GCF_000011565___221,Negative,0.994,0.0,0.994,0.006,461
GCF_000011565___222,Negative,0.9859,0.0002,0.9859,0.0139,203
GCF_000011565___223,Negative,0.9951,0.0,0.9951,0.0049,891
GCF_000011565___224,Negative,0.9989,0.0,0.9989,0.001,345
GCF_000011565___225,Negative,0.9728,0.0,0.9728,0.0272,649
GCF_000011565___226,Negative,0.9765,0.0,0.9765,0.0235,384
GCF_000011565___227,Negative,0.9998,0.0,0.9998,0.0002,159
GCF_000011565___228,Negative,0.993,0.0,0.993,0.007,362
GCF_000011565___229,Negative,0.9991,0.0,0.9991,0.0009,465
GCF_000011565___230,Negative,0.9863,0.0,0.9863,0.0137,347
GCF_000011565___231,Negative,0.8383,1e-04,0.8383,0.1617,584
GCF_000011565___232,Negative,0.9403,0.0002,0.9403,0.0595,374
GCF_000011565___233,Negative,0.9869,0.0,0.013,0.9869,244
GCF_000011565___234,Negative,0.9935,0.0,0.9935,0.0065,146
GCF_000011565___235,Negative,0.9951,0.0,0.9951,0.0049,206
GCF_000011565___236,Negative,0.916,0.0002,0.916,0.0838,249
GCF_000011565___237,Negative,0.9998,0.0,0.9998,0.0002,299
GCF_000011565___238,Negative,0.9711,0.0,0.9711,0.0289,197
GCF_000011565___239,Negative,0.9991,0.0,0.9991,0.0009,400
GCF_000011565___240,Negative,0.9586,0.0408,0.9586,0.0006,536
GCF_000011565___241,Negative,0.9626,0.0368,0.9626,0.0006,516
GCF_000011565___242,Negative,0.9858,0.0142,0.9858,0.0,177
GCF_000011565___243,Negative,0.987,0.0129,0.987,0.0,381
GCF_000011565___244,Negative,0.9795,0.0,0.9795,0.0205,502
GCF_000011565___245,Negative,0.997,0.003,0.997,0.0,30
GCF_000011565___246,Inc-protein,0.8984,0.8984,0.0933,0.0083,121
GCF_000011565___247,Negative,0.3996,0.0003,0.3996,0.6001,653
GCF_000011565___248,Negative,0.5197,1e-04,0.5197,0.4802,139
GCF_000011565___249,Negative,0.8836,0.0,0.8836,0.1163,434
GCF_000011565___250,Negative,0.9047,0.0,0.9047,0.0952,594
GCF_000011565___251,Negative,0.9979,0.002,0.9979,1e-04,513
GCF_000011565___252,Negative,0.9778,0.0124,0.9778,0.0098,1510
GCF_000011565___253,Negative,0.8521,1e-04,0.1478,0.8521,184
GCF_000011565___254,Negative,0.9382,0.0003,0.0614,0.9382,165
GCF_000011565___255,Negative,0.9996,0.0,0.9996,0.0003,286
GCF_000011565___256,Negative,0.9997,0.0,0.9997,0.0003,100
GCF_000011565___257,Negative,0.6318,0.0007,0.6318,0.3675,336
GCF_000011565___258,Negative,0.9999,0.0,0.9999,1e-04,280
GCF_000011565___259,Negative,0.9924,0.0065,0.9924,0.0012,450
GCF_000011565___260,Negative,0.9911,0.0082,0.9911,0.0007,336
GCF_000011565___261,Negative,0.9978,0.0,0.9978,0.0022,384
GCF_000011565___262,Negative,0.9952,0.0045,0.9952,0.0003,653
GCF_000011565___263,Negative,0.9799,0.0199,0.9799,0.0002,603
GCF_000011565___264,Negative,0.9915,0.0004,0.0081,0.9915,1805
GCF_000011565___265,Negative,0.8128,1e-04,0.8128,0.1871,108
GCF_000011565___266,Negative,0.6611,0.0,0.6611,0.3389,239
GCF_000011565___267,Negative,0.5866,1e-04,0.5866,0.4133,151
GCF_000011565___268,Negative,0.9997,0.0,0.9997,0.0003,150
GCF_000011565___269,Negative,0.9779,0.0,0.9779,0.0221,305
GCF_000011565___270,Negative,0.9617,0.0,0.9617,0.0383,208
GCF_000011565___271,Negative,0.987,0.0,0.987,0.013,217
GCF_000011565___272,Negative,0.9494,0.0,0.9494,0.0506,227
GCF_000011565___273,Negative,0.996,0.0,0.996,0.004,456
GCF_000011565___274,Negative,0.9964,0.0,0.9964,0.0036,235
GCF_000011565___275,Negative,0.8468,0.0003,0.1529,0.8468,241
GCF_000011565___276,Negative,0.9651,0.0,0.9651,0.0349,237
GCF_000011565___277,Negative,0.0867,0.348,0.0867,0.5653,405
GCF_000011565___278,Negative,0.2047,0.0005,0.2047,0.7948,505
GCF_000011565___279,Negative,0.9974,0.0,0.9974,0.0025,212
GCF_000011565___280,Negative,0.9965,0.0,0.9965,0.0035,359
GCF_000011565___281,Negative,0.9945,0.0,0.9945,0.0055,122
GCF_000011565___282,Negative,0.9779,0.0,0.9779,0.0221,446
GCF_000011565___283,Negative,0.997,0.0,0.997,0.003,480
GCF_000011565___284,Negative,0.3081,0.6892,0.3081,0.0027,128
GCF_000011565___285,Negative,0.9899,0.0,0.9899,0.0101,215
GCF_000011565___286,Negative,0.9241,0.0758,0.9241,1e-04,630
GCF_000011565___287,Negative,0.999,0.001,0.999,0.0,1071
GCF_000011565___288,Negative,0.8806,1e-04,0.8806,0.1193,380
GCF_000011565___289,Negative,0.9571,0.0033,0.9571,0.0397,431
GCF_000011565___290,Negative,0.9808,0.0125,0.0067,0.9808,143
GCF_000011565___291,Negative,0.9861,0.0003,0.0137,0.9861,267
GCF_000011565___292,Negative,0.9954,0.0004,0.9954,0.0042,115
GCF_000011565___293,Negative,0.1851,0.038,0.1851,0.7769,128
GCF_000011565___294,Negative,0.9972,0.0003,0.0025,0.9972,253
GCF_000011565___295,Negative,0.9998,0.0002,0.9998,0.0,247
GCF_000011565___296,Negative,0.9999,1e-04,0.9999,0.0,211
GCF_000011565___297,Negative,0.9999,0.0,0.9999,1e-04,318
GCF_000011565___298,Negative,0.9991,0.0008,0.9991,1e-04,509
GCF_000011565___299,Negative,0.5111,0.0005,0.5111,0.4884,158
GCF_000011565___300,Negative,0.9008,0.0013,0.9008,0.0979,1704
GCF_000011565___301,Negative,0.9078,0.0006,0.9078,0.0915,325
GCF_000011565___302,Negative,0.9932,0.0,0.9932,0.0068,241
GCF_000011565___303,Negative,0.9504,0.0493,0.9504,0.0003,354
GCF_000011565___304,Negative,0.5022,0.0004,0.5022,0.4974,448
GCF_000011565___305,Negative,0.9177,1e-04,0.9177,0.0821,390
GCF_000011565___306,Negative,0.9496,0.0003,0.9496,0.0501,131
GCF_000011565___307,Negative,0.9897,0.0066,0.0038,0.9897,149
GCF_000011565___308,Negative,0.9656,0.0,0.9656,0.0344,316
GCF_000011565___309,Negative,0.9305,0.0667,0.9305,0.0027,97
GCF_000011565___310,Negative,0.9872,0.0006,0.9872,0.0121,676
GCF_000011565___311,Negative,0.9878,0.0,0.9878,0.0122,492
GCF_000011565___312,Negative,0.7217,0.001,0.7217,0.2773,280
GCF_000011565___313,Negative,0.3557,0.0,0.3557,0.6442,295
GCF_000011565___314,Negative,0.9991,0.0,0.9991,0.0009,482
GCF_000011565___315,Negative,0.9819,0.0003,0.9819,0.0178,210
GCF_000011565___316,Negative,0.9992,0.0,0.9992,0.0008,228
GCF_000011565___317,Negative,0.9987,0.0013,0.9987,0.0,280
GCF_000011565___318,Negative,0.9805,1e-04,0.9805,0.0194,259
GCF_000011565___319,Negative,0.9997,0.0,0.9997,0.0003,602
GCF_000011565___320,Negative,1.0,0.0,0.0,1.0,351
GCF_000011565___321,Negative,0.8824,0.0,0.8824,0.1176,731
GCF_000011565___322,Negative,0.8384,0.0,0.8384,0.1615,98
GCF_000011565___323,Negative,0.8092,0.0297,0.8092,0.1611,321
GCF_000011565___324,Negative,0.998,0.0,0.998,0.002,230
GCF_000011565___325,Negative,0.9996,0.0,0.9996,0.0004,256
GCF_000011565___326,Negative,0.9302,0.0,0.9302,0.0698,227
GCF_000011565___327,Negative,0.3677,0.0006,0.3677,0.6317,286
GCF_000011565___328,Negative,0.7622,1e-04,0.7622,0.2377,122
GCF_000011565___329,Negative,0.8039,1e-04,0.8039,0.196,328
GCF_000011565___330,Negative,0.9989,0.0002,0.0009,0.9989,616
GCF_000011565___331,Negative,0.9873,0.0004,0.0123,0.9873,642
GCF_000011565___332,Negative,0.9962,0.0004,0.0034,0.9962,602
GCF_000011565___333,Negative,0.5284,0.0,0.5284,0.4716,171
GCF_000011565___334,Negative,0.823,1e-04,0.823,0.1769,211
GCF_000011565___335,Negative,0.9187,0.0,0.9187,0.0813,358
GCF_000011565___336,Negative,0.8812,0.0,0.8812,0.1188,231
GCF_000011565___337,Negative,0.5058,0.4936,0.5058,0.0006,266
GCF_000011565___338,Negative,0.2969,0.0006,0.2969,0.7024,325
GCF_000011565___339,Negative,0.9633,0.0362,0.9633,0.0006,535
GCF_000011565___340,Negative,0.9919,0.0,0.9919,0.0081,282
GCF_000011565___341,Negative,0.9972,0.0,0.9972,0.0028,467
GCF_000011565___342,Negative,0.9376,0.0,0.9376,0.0624,340
GCF_000011565___343,Negative,1.0,0.0,0.0,1.0,606
GCF_000011565___344,Negative,0.9998,0.0,0.9998,0.0002,342
GCF_000011565___345,Negative,0.9989,0.0,0.9989,0.0011,606
GCF_000011565___346,Negative,0.9775,0.0,0.9775,0.0225,633
GCF_000011565___347,Negative,0.2995,0.0002,0.2995,0.7003,207
GCF_000011565___348,Negative,0.9475,0.002,0.0505,0.9475,88
GCF_000011565___349,Negative,0.5638,1e-04,0.5638,0.4361,101
GCF_000011565___350,Negative,0.9655,0.0,0.9655,0.0344,318
GCF_000011565___351,Negative,0.9985,0.0,0.9985,0.0015,151
GCF_000011565___352,Negative,0.9979,0.0,0.9979,0.0021,82
GCF_000011565___353,Negative,0.9412,0.0006,0.0582,0.9412,885
GCF_000011565___354,Inc-protein,0.9787,0.9787,0.0162,0.0052,134
GCF_000011565___355,Negative,0.9575,0.0,0.9575,0.0425,171
GCF_000011565___356,Negative,0.9994,0.0,0.9994,0.0006,275
GCF_000011565___357,Negative,0.9302,0.0025,0.9302,0.0673,210
GCF_000011565___358,Negative,0.3505,1e-04,0.3505,0.6494,489
GCF_000011565___359,Negative,0.9974,0.0,0.9974,0.0026,246
GCF_000011565___360,Negative,0.9025,0.0003,0.9025,0.0971,238
GCF_000011565___361,Negative,0.9918,0.0,0.9918,0.0082,172
GCF_000011565___362,Negative,0.9992,0.0,0.9992,0.0008,143
GCF_000011565___363,Negative,0.9966,0.0,0.9966,0.0034,799
GCF_000011565___364,Negative,0.2198,1e-04,0.2198,0.7802,317
GCF_000011565___365,Negative,0.9995,0.0,0.9995,0.0005,91
GCF_000011565___366,Negative,0.3771,0.0,0.3771,0.6228,182
GCF_000011565___367,Negative,0.4154,0.0046,0.4154,0.58,64
GCF_000011565___368,Negative,0.9231,0.0036,0.9231,0.0733,63
GCF_000011565___369,Negative,0.8976,0.0,0.8976,0.1024,911
GCF_000011565___370,Negative,0.92,1e-04,0.92,0.08,272
GCF_000011565___371,Negative,0.9543,0.0,0.9543,0.0456,320
GCF_000011565___372,Negative,0.9974,0.0,0.9974,0.0026,106
GCF_000011565___373,Negative,0.9993,0.0007,0.9993,0.0,555
GCF_000011565___374,Negative,0.9994,0.0,0.9994,0.0006,148
GCF_000011565___375,Negative,0.8546,1e-04,0.8546,0.1453,290
GCF_000011565___376,Negative,0.9989,0.0,0.9989,0.0011,596
GCF_000011565___377,Negative,0.9866,0.0,0.9866,0.0134,424
GCF_000011565___378,Negative,0.982,0.0061,0.012,0.982,823
GCF_000011565___379,Negative,0.9976,0.0024,0.9976,0.0,460
GCF_000011565___380,Inc-protein,0.9949,0.9949,0.0043,0.0008,160
GCF_000011565___381,Negative,0.9915,0.0,0.9915,0.0085,1252
GCF_000011565___382,Negative,0.9266,0.0012,0.0722,0.9266,468
GCF_000011565___383,Negative,0.7637,0.001,0.7637,0.2353,185
GCF_000011565___384,Negative,0.9115,1e-04,0.9115,0.0884,140
GCF_000011565___385,Negative,0.7306,0.0003,0.7306,0.2691,146
GCF_000011565___386,Negative,0.5483,0.0044,0.5483,0.4473,456
GCF_000011565___387,Negative,0.9692,0.0,0.9692,0.0308,284
GCF_000011565___388,Negative,0.2094,0.0007,0.2094,0.7899,375
GCF_000011565___389,Negative,0.7086,0.0,0.7086,0.2913,377
GCF_000011565___390,Negative,0.9592,0.0,0.9592,0.0407,798
GCF_000011565___391,Negative,0.001,0.216,0.001,0.783,840
GCF_000011565___392,Negative,0.9554,0.0356,0.9554,0.009,570
GCF_000011565___393,Negative,0.9933,0.0,0.9933,0.0067,292
GCF_000011565___394,Negative,0.9996,0.0,0.9996,0.0004,154
GCF_000011565___395,Negative,0.9384,1e-04,0.9384,0.0615,282
GCF_000011565___396,Negative,0.9712,0.0,0.9712,0.0288,313
GCF_000011565___397,Negative,0.6957,0.0005,0.6957,0.3038,275
GCF_000011565___398,Inc-protein,0.9824,0.9824,0.0007,0.017,334
GCF_000011565___399,Inc-protein,0.9853,0.9853,0.0047,0.01,298
GCF_000011565___400,Inc-protein,0.9107,0.9107,0.0012,0.0881,341
GCF_000011565___401,Negative,0.9565,0.0064,0.9565,0.0371,185
GCF_000011565___402,Negative,0.9998,0.0,0.9998,0.0002,221
GCF_000011565___403,Negative,0.9992,0.0,0.9992,0.0007,227
GCF_000011565___404,Negative,0.9858,0.0,0.9858,0.0141,111
GCF_000011565___405,Negative,0.9984,0.0,0.9984,0.0016,281
GCF_000011565___406,Negative,1.0,0.0,1.0,0.0,87
GCF_000011565___407,Negative,0.999,0.0,0.999,0.001,111
GCF_000011565___408,Negative,0.9997,0.0,0.9997,0.0003,214
GCF_000011565___409,Negative,0.9999,0.0,0.9999,1e-04,139
GCF_000011565___410,Negative,0.7534,0.0003,0.7534,0.2463,73
GCF_000011565___411,Negative,0.9984,0.0,0.9984,0.0016,81
GCF_000011565___412,Negative,0.9989,0.0,0.9989,0.0011,122
GCF_000011565___413,Negative,0.8334,0.0,0.8334,0.1665,116
GCF_000011565___414,Negative,0.9996,0.0,0.9996,0.0004,185
GCF_000011565___415,Negative,0.9999,0.0,0.9999,1e-04,133
GCF_000011565___416,Negative,0.9999,0.0,0.9999,1e-04,180
GCF_000011565___417,Negative,0.9939,0.0,0.9939,0.0061,123
GCF_000011565___418,Negative,1.0,0.0,1.0,0.0,167
GCF_000011565___419,Negative,0.9994,0.0,0.9994,0.0006,150
GCF_000011565___420,Negative,0.9975,0.0024,0.9975,1e-04,493
GCF_000011565___421,Negative,1.0,0.0,1.0,0.0,122
GCF_000011565___422,Negative,0.9998,0.0,0.9998,0.0002,135
GCF_000011565___423,Negative,0.9945,0.0,0.9945,0.0055,371
GCF_000011565___424,Negative,0.9938,0.0,0.9938,0.0062,142
GCF_000011565___425,Negative,0.9995,0.0,0.9995,0.0005,339
GCF_000011565___426,Negative,0.9959,0.0,0.0041,0.9959,116
GCF_000011565___427,Negative,0.9999,0.0,1e-04,0.9999,376
GCF_000011565___428,Negative,0.9996,1e-04,0.0003,0.9996,663
GCF_000011565___429,Inc-protein,0.9002,0.9002,0.0554,0.0445,252
GCF_000011565___430,Negative,0.9993,0.0,0.0007,0.9993,388
GCF_000011565___431,Negative,0.9995,0.0,0.9995,0.0005,269
GCF_000011565___432,Negative,0.9991,0.0,0.9991,0.0009,200
GCF_000011565___433,Negative,0.9457,0.0,0.9457,0.0543,491
GCF_000011565___434,Negative,0.2429,1e-04,0.2429,0.757,146
GCF_000011565___435,Negative,0.4226,0.0066,0.4226,0.5708,256
GCF_000011565___436,Inc-protein,0.8683,0.8683,0.0681,0.0636,224
GCF_000011565___437,Negative,0.91,0.0005,0.91,0.0895,224
GCF_000011565___438,Negative,0.2521,1e-04,0.2521,0.7479,259
GCF_000011565___439,Negative,0.9978,0.0,0.9978,0.0022,528
GCF_000011565___440,Negative,0.7036,0.0122,0.7036,0.2842,438
GCF_000011565___441,Negative,0.972,1e-04,0.972,0.0278,268
GCF_000011565___442,Negative,0.993,0.007,0.993,0.0,228
GCF_000011565___443,Negative,0.9953,0.0,0.9953,0.0047,341
GCF_000011565___444,Negative,0.9992,0.0003,0.0004,0.9992,494
GCF_000011565___445,Negative,0.9905,0.0,0.9905,0.0095,329
GCF_000011565___446,Negative,0.9947,0.0,0.9947,0.0053,306
GCF_000011565___447,Negative,0.498,0.401,0.498,0.101,391
GCF_000011565___448,Negative,0.9812,0.0,0.9812,0.0188,170
GCF_000011565___449,Negative,0.9997,0.0,0.9997,0.0003,835
GCF_000011565___450,Negative,0.9999,0.0,0.0,0.9999,712
GCF_000011565___451,Negative,0.9991,0.0006,0.0003,0.9991,742
GCF_000011565___452,Negative,0.9851,1e-04,0.9851,0.0148,382
GCF_000011565___453,Negative,0.9968,0.0,0.9968,0.0032,227
GCF_000011565___454,Negative,0.999,1e-04,0.999,0.001,59
GCF_000011565___455,Negative,0.9898,0.0003,0.9898,0.0099,386
GCF_000011565___456,Negative,0.9725,0.0,0.9725,0.0275,257
GCF_000011565___457,Negative,0.9775,0.0223,0.9775,0.0003,849
GCF_000011565___458,Negative,0.9939,0.0061,0.9939,0.0,257
GCF_000011565___459,Negative,0.7884,0.1972,0.7884,0.0145,517
GCF_000011565___460,Negative,0.6936,1e-04,0.6936,0.3063,268
GCF_000011565___461,Negative,0.9283,0.0,0.9283,0.0717,315
GCF_000011565___462,Negative,0.9944,0.0,0.9944,0.0056,88
GCF_000011565___463,Negative,0.6722,1e-04,0.6722,0.3277,592
GCF_000011565___464,Negative,0.9617,0.0,0.9617,0.0383,98
GCF_000011565___465,Negative,0.9489,0.0025,0.9489,0.0486,44
GCF_000011565___466,Negative,0.7795,1e-04,0.7795,0.2204,522
GCF_000011565___467,Negative,0.5481,0.4509,0.5481,0.001,469
GCF_000011565___468,Negative,0.9797,0.0,0.9797,0.0203,505
GCF_000011565___469,Negative,0.9441,0.0,0.9441,0.0559,259
GCF_000011565___470,Negative,0.2032,0.0002,0.2032,0.7965,431
GCF_000011565___471,Negative,0.9766,0.0,0.0234,0.9766,233
GCF_000011565___472,Negative,0.9905,0.0,0.9905,0.0095,433
GCF_000011565___473,Negative,0.9959,0.004,0.9959,0.0,431
GCF_000011565___474,Negative,0.9704,0.0,0.9704,0.0296,166
GCF_000011565___475,Negative,0.9531,0.0,0.9531,0.0469,152
GCF_000011565___476,Negative,0.9977,0.0,0.9977,0.0022,106
GCF_000011565___477,Negative,0.9993,0.0,0.9993,0.0007,340
GCF_000011565___478,Negative,0.9788,0.0,0.9788,0.0212,202
GCF_000011565___479,Negative,0.9715,0.0015,0.027,0.9715,91
GCF_000011565___480,Negative,0.9236,0.0,0.9236,0.0764,82
GCF_000011565___481,Negative,0.9946,0.0,0.9946,0.0054,94
GCF_000011565___482,Negative,0.9322,0.0678,0.9322,0.0,67
GCF_000011565___483,Negative,0.9945,0.0,0.9945,0.0055,1038
GCF_000011565___484,Negative,0.8984,1e-04,0.8984,0.1016,74
GCF_000011565___485,Negative,0.7135,0.127,0.7135,0.1596,636
GCF_000011565___486,Negative,0.971,0.0004,0.0286,0.971,245
GCF_000011565___487,Negative,0.4832,0.0015,0.4832,0.5152,108
GCF_000011565___488,Inc-protein,0.8549,0.8549,0.1448,0.0003,109
GCF_000011565___489,Negative,0.9978,0.0,0.9978,0.0022,92
GCF_000011565___490,Negative,0.9785,0.0002,0.9785,0.0213,519
GCF_000011565___491,Negative,0.9005,0.0003,0.9005,0.0992,52
GCF_000011565___492,Negative,0.9848,1e-04,0.9848,0.0151,165
GCF_000011565___493,Negative,0.9961,0.0,0.9961,0.0039,69
GCF_000011565___494,Negative,0.9562,0.0,0.9562,0.0438,118
GCF_000011565___495,Negative,0.9948,0.0003,0.9948,0.0049,44
GCF_000011565___496,Negative,0.9984,0.0,0.9984,0.0016,77
GCF_000011565___497,Negative,0.5858,0.0023,0.5858,0.4119,113
GCF_000011565___498,Negative,0.9032,0.0923,0.9032,0.0045,125
GCF_000011565___499,Negative,0.9994,0.0,0.9994,0.0005,31
GCF_000011565___500,Negative,0.8734,0.0005,0.126,0.8734,204
GCF_000011565___501,Negative,0.8246,0.0012,0.8246,0.1743,83
GCF_000011565___502,Negative,0.8542,0.0006,0.1453,0.8542,80
GCF_000011565___503,Negative,0.5752,0.0004,0.5752,0.4245,85
GCF_000011565___504,Negative,0.9976,0.0,0.9976,0.0024,41
GCF_000011565___505,Negative,0.9558,0.0039,0.9558,0.0403,115
GCF_000011565___506,Negative,0.9999,0.0,0.9999,1e-04,128
GCF_000011565___507,Negative,0.9989,0.0,0.9989,0.0011,50
GCF_000011565___508,Negative,0.9918,0.005,0.9918,0.0032,61
GCF_000011565___509,Negative,0.9526,0.0003,0.9526,0.0472,117
GCF_000011565___510,Negative,0.9836,0.0004,0.9836,0.016,79
GCF_000011565___511,Negative,0.981,0.0002,0.981,0.0188,84
GCF_000011565___512,Negative,0.7947,0.0,0.7947,0.2053,1506
GCF_000011565___513,Negative,0.9786,0.0011,0.0204,0.9786,327
GCF_000011565___514,Negative,0.9861,1e-04,0.9861,0.0139,159
GCF_000011565___515,Negative,0.4586,0.0014,0.4586,0.54,83
GCF_000011565___516,Negative,0.9972,0.0,0.9972,0.0028,78
GCF_000011565___517,Negative,0.9976,0.0,0.9976,0.0024,191
GCF_000011565___518,Negative,0.9919,0.0,0.9919,0.0081,497
GCF_000011565___519,Negative,0.9989,0.0,0.9989,0.0011,127
GCF_000011565___520,Negative,0.322,1e-04,0.322,0.6779,75
GCF_000011565___521,Negative,0.9992,0.0,0.9992,0.0008,61
GCF_000011565___522,Negative,0.9998,0.0,0.9998,0.0002,72
GCF_000011565___523,Negative,0.9917,0.0,0.9917,0.0083,42
GCF_000011565___524,Negative,0.9929,0.0,0.9929,0.0071,220
GCF_000011565___525,Negative,0.9863,0.0,0.9863,0.0137,286
GCF_000011565___526,Negative,0.9936,0.0,0.9936,0.0064,201
GCF_000011565___527,Negative,0.9994,0.0,0.9994,0.0005,31
GCF_000011565___528,Negative,0.8734,0.0005,0.126,0.8734,204
GCF_000011565___529,Negative,0.7157,0.0002,0.7157,0.2841,541
GCF_000011565___530,Negative,0.9621,0.0,0.9621,0.0379,199
GCF_000011565___531,Negative,0.9915,0.0,0.9915,0.0085,282
GCF_000011565___532,Negative,0.9993,0.0,0.9993,0.0007,124
GCF_000011565___533,Negative,0.9962,0.0,0.9962,0.0038,212
GCF_000011565___534,Negative,0.9991,0.0009,0.9991,0.0,67
GCF_000011565___535,Negative,0.9415,1e-04,0.9415,0.0584,57
GCF_000011565___536,Negative,0.9429,0.0008,0.9429,0.0562,55
GCF_000011565___537,Negative,0.9118,0.0002,0.0881,0.9118,311
GCF_000011565___538,Negative,0.8718,0.0035,0.8718,0.1247,93
GCF_000011565___539,Negative,0.996,0.0004,0.996,0.0036,70
GCF_000011565___540,Negative,0.9974,0.0,0.9974,0.0026,239
GCF_000011565___541,Negative,0.5696,0.0013,0.5696,0.4291,78
GCF_000011565___542,Inc-protein,0.9993,0.9993,0.0007,1e-04,251
GCF_000011565___543,Negative,0.9819,0.0,0.9819,0.018,92
GCF_000011565___544,Negative,0.939,0.0002,0.939,0.0608,43
GCF_000011565___545,Negative,0.4557,0.4803,0.4557,0.064,225
GCF_000011565___546,Negative,0.9977,0.0022,0.9977,1e-04,176
GCF_000011565___547,Negative,0.8312,0.0043,0.8312,0.1645,414
GCF_000011565___548,Negative,0.9803,0.0042,0.0155,0.9803,530
GCF_000011565___549,Negative,0.2077,0.0075,0.2077,0.7847,407
GCF_000011565___550,Negative,0.2349,0.5404,0.2349,0.2247,56
GCF_000011565___551,Negative,0.6025,0.0009,0.6025,0.3966,101
GCF_000011565___552,Negative,0.3624,0.0,0.3624,0.6376,175
GCF_000011565___553,Negative,0.9952,0.0,0.9952,0.0048,152
GCF_000011565___554,Negative,0.9994,0.0,0.9994,0.0006,343
GCF_000011565___555,Negative,0.9917,0.0081,0.9917,0.0002,407
GCF_000011565___556,Negative,0.9756,0.0122,0.9756,0.0122,269
GCF_000011565___557,Negative,0.9751,1e-04,0.9751,0.0249,298
GCF_000011565___558,Negative,0.7596,0.0003,0.7596,0.2401,62
GCF_000011565___559,Negative,0.9983,0.0,0.9983,0.0017,118
GCF_000011565___560,Negative,0.9958,0.0042,0.9958,0.0,251
GCF_000011565___561,Negative,0.995,1e-04,0.995,0.0049,382
GCF_000011565___562,Negative,0.9999,1e-04,0.9999,0.0,1037
GCF_000011565___563,Negative,0.9899,1e-04,0.9899,0.01,494
GCF_000011565___564,Negative,0.5032,0.0042,0.5032,0.4925,245
GCF_000011565___565,Negative,0.8093,1e-04,0.8093,0.1906,690
GCF_000011565___566,Negative,0.863,1e-04,0.863,0.1369,305
GCF_000011565___567,Negative,0.9921,0.0078,0.9921,0.0,118
GCF_000011565___568,Negative,1.0,0.0,1.0,0.0,164
GCF_000011565___569,Negative,0.9991,0.0,0.9991,0.0009,174
GCF_000011565___570,Negative,0.9999,0.0,0.9999,1e-04,402
GCF_000011565___571,Negative,0.9918,0.0,0.9918,0.0082,171
GCF_000011565___572,Negative,0.9999,0.0,0.9999,1e-04,432
GCF_000011565___573,Negative,0.9721,0.0,0.9721,0.0279,769
GCF_000011565___574,Negative,0.9947,0.0053,0.9947,0.0,325
GCF_000011565___575,Negative,1.0,0.0,1.0,0.0,157
GCF_000011565___576,Negative,0.9939,0.006,0.9939,1e-04,170
GCF_000011565___577,Negative,0.9996,0.0004,0.9996,0.0,99
GCF_000011565___578,Negative,0.9963,0.0036,0.9963,1e-04,628
GCF_000011565___579,Negative,0.9951,0.0049,0.9951,1e-04,481
GCF_000011565___580,Negative,0.9951,0.0048,0.9951,1e-04,480
GCF_000011565___581,Negative,0.9717,0.0182,0.9717,0.0101,284
GCF_000011565___582,Negative,0.8956,0.0011,0.8956,0.1033,61
GCF_000011565___583,Negative,0.9968,0.0006,0.9968,0.0026,342
GCF_000011565___584,Negative,0.8992,0.0021,0.8992,0.0987,320
GCF_000011565___585,Inc-protein,0.9891,0.9891,0.0,0.0108,201
GCF_000011565___586,Negative,0.9506,0.0015,0.0479,0.9506,342
GCF_000011565___587,Inc-protein,0.9815,0.9815,1e-04,0.0184,201
GCF_000011565___588,Negative,0.9738,0.0029,0.0233,0.9738,334
GCF_000011565___589,Negative,0.8404,0.0054,0.1543,0.8404,740
GCF_000011565___590,Negative,0.885,0.0,0.885,0.115,290
GCF_000011565___591,Negative,0.9958,0.0,0.9958,0.0042,111
GCF_000011565___592,Negative,0.9824,0.0,0.9824,0.0176,189
GCF_000011565___593,Negative,0.9926,0.0012,0.0061,0.9926,578
GCF_000011565___594,Negative,0.993,0.0065,0.993,0.0004,561
GCF_000011565___595,Negative,0.9772,0.0,0.9772,0.0228,397
GCF_000011565___596,Negative,0.9982,0.0016,0.9982,0.0002,57
GCF_000011565___597,Negative,0.9857,0.0,0.9857,0.0143,246
GCF_000011565___598,Negative,0.9973,0.0025,0.9973,1e-04,427
GCF_000011565___599,Negative,0.8813,0.0013,0.8813,0.1175,159
GCF_000011565___600,Negative,0.9966,0.0,0.9966,0.0034,611
GCF_000011565___601,Negative,0.9548,0.0,0.9548,0.0452,146
GCF_000011565___602,Negative,0.9959,0.0002,0.0039,0.9959,530
GCF_000011565___603,Negative,0.9935,0.0002,0.9935,0.0063,89
GCF_000011565___604,Negative,0.9997,0.0,0.9997,0.0003,394
GCF_000011565___605,Negative,0.9053,0.0935,0.9053,0.0012,95
GCF_000011565___606,Negative,0.9984,0.0,0.9984,0.0016,67
GCF_000011565___607,Negative,0.9917,0.0,0.9917,0.0083,115
GCF_000011565___608,Negative,1.0,0.0,1.0,0.0,142
GCF_000011565___609,Negative,0.9999,0.0,0.9999,1e-04,236
GCF_000011565___610,Negative,0.9579,0.0,0.9579,0.0421,181
GCF_000011565___611,Negative,0.9925,0.0,0.9925,0.0075,129
GCF_000011565___612,Negative,0.9966,0.0026,0.9966,0.0007,38
GCF_000011565___613,Negative,0.9966,0.0,0.9966,0.0034,1254
GCF_000011565___614,Negative,0.9992,0.0,0.9992,0.0008,1388
GCF_000011565___615,Negative,0.9978,0.0,0.9978,0.0022,155
GCF_000011565___616,Negative,0.7643,0.0069,0.7643,0.2289,720
GCF_000011565___617,Negative,0.9524,0.0004,0.9524,0.0472,60
GCF_000011565___618,Negative,0.9782,0.0002,0.0215,0.9782,561
GCF_000011565___619,Negative,0.9735,0.0,0.9735,0.0265,194
GCF_000011565___620,Negative,0.8346,0.0004,0.1651,0.8346,98
GCF_000011565___621,Negative,0.905,0.0069,0.905,0.088,85
GCF_000011565___622,Negative,0.7121,0.0031,0.7121,0.2847,102
GCF_000011565___623,Negative,0.8748,0.0,0.1252,0.8748,459
GCF_000011565___624,Negative,0.5711,0.0002,0.5711,0.4287,558
GCF_000011565___625,Negative,0.9596,0.0,0.9596,0.0403,280
GCF_000011565___626,Negative,0.9948,0.0,0.9948,0.0052,635
GCF_000011565___627,Negative,0.9734,0.0,0.9734,0.0265,92
GCF_000011565___628,Negative,0.9752,0.0,0.9752,0.0248,495
GCF_000011565___629,Negative,0.994,0.0059,0.994,1e-04,459
GCF_000011565___630,Negative,0.9551,1e-04,0.9551,0.0448,235
GCF_000011565___631,Negative,0.2539,0.744,0.2539,0.0021,159
GCF_000011565___632,Negative,0.8002,0.0118,0.8002,0.188,224
GCF_000011565___633,Negative,0.8245,0.0699,0.8245,0.1055,117
GCF_000011565___634,Inc-protein,0.9399,0.9399,0.0174,0.0428,205
GCF_000011565___635,Negative,0.9731,1e-04,0.9731,0.0268,506
GCF_000011565___636,Negative,0.9155,0.0,0.9155,0.0845,841
GCF_000011565___637,Negative,0.988,1e-04,0.988,0.012,66
GCF_000011565___638,Negative,0.9997,0.0003,0.9997,0.0,1025
GCF_000011565___639,Negative,0.7808,0.0019,0.7808,0.2173,270
GCF_000011565___640,Negative,0.8308,0.0038,0.8308,0.1654,422
GCF_000011565___641,Negative,0.9739,0.0257,0.9739,0.0004,360
GCF_000011565___642,Negative,0.9693,0.0286,0.9693,0.0021,383
GCF_000011565___643,Inc-protein,0.9961,0.9961,0.0031,0.0008,111
GCF_000011565___644,Negative,0.5944,0.0,0.5944,0.4056,458
GCF_000011565___645,Negative,0.9984,0.0003,0.9984,0.0012,916
GCF_000011565___646,Negative,0.9936,0.0,0.9936,0.0064,248
GCF_000011565___647,Negative,0.9862,0.0,0.9862,0.0138,247
GCF_000011565___648,Negative,0.998,0.0,0.998,0.002,697
GCF_000011565___649,Negative,0.9839,1e-04,0.9839,0.0161,89
GCF_000011565___650,Negative,0.982,1e-04,0.982,0.0179,70
GCF_000011565___651,Negative,0.9894,0.0002,0.9894,0.0104,122
GCF_000011565___652,Negative,0.9705,0.0002,0.0293,0.9705,227
GCF_000011565___653,Negative,0.995,0.0,0.995,0.005,166
GCF_000011565___654,Negative,0.2432,1e-04,0.2432,0.7567,85
GCF_000011565___655,Negative,0.9998,0.0002,0.0,0.9998,395
GCF_000011565___656,Negative,0.845,0.0006,0.845,0.1544,117
GCF_000011565___657,Negative,0.9955,0.0,0.9955,0.0045,358
GCF_000011565___658,Negative,0.9278,0.0,0.9278,0.0721,283
GCF_000011565___659,Negative,0.9971,1e-04,0.9971,0.0028,442
GCF_000011565___660,Negative,0.9936,0.0,0.9936,0.0064,106
GCF_000011565___661,Negative,0.9988,0.0,0.9988,0.0012,222
GCF_000011565___662,Negative,0.9987,0.0,0.9987,0.0013,133
GCF_000011565___663,Negative,0.9938,0.0,0.9938,0.0062,222
GCF_000011565___664,Negative,0.9708,0.0011,0.028,0.9708,174
GCF_000011565___665,Negative,0.3063,1e-04,0.3063,0.6936,294
GCF_000011565___666,Negative,0.9989,0.0,0.9989,0.0011,30
GCF_000011565___667,Negative,0.8796,0.0074,0.8796,0.1129,66
GCF_000011565___668,Negative,0.9987,0.0,0.9987,0.0013,197
GCF_000011565___669,Negative,0.5036,0.0002,0.5036,0.4963,107
GCF_000011565___670,Negative,0.2436,0.7564,0.2436,0.0,197
GCF_000011565___671,Negative,0.966,1e-04,0.966,0.0339,689
GCF_000011565___672,Negative,0.9999,0.0,0.9999,1e-04,91
GCF_000011565___673,Negative,0.8917,0.0497,0.8917,0.0587,71
GCF_000011565___674,Negative,0.9025,0.002,0.0955,0.9025,147
GCF_000011565___675,Negative,0.9889,0.0,0.9889,0.0111,494
GCF_000011565___676,Negative,0.997,0.0,0.997,0.003,489
GCF_000011565___677,Negative,0.9929,0.0,0.9929,0.0071,99
GCF_000011565___678,Negative,0.9909,1e-04,0.9909,0.009,47
GCF_000011565___679,Negative,0.9823,0.0,0.9823,0.0177,471
GCF_000011565___680,Negative,0.986,0.0,0.986,0.014,298
GCF_000011565___681,Negative,1.0,0.0,0.0,1.0,1154
GCF_000011565___682,Negative,0.9478,0.0008,0.9478,0.0515,320
GCF_000011565___683,Negative,0.9998,1e-04,1e-04,0.9998,633
GCF_000011565___684,Negative,0.9555,0.0,0.9555,0.0444,541
GCF_000011565___685,Negative,0.9741,0.0016,0.9741,0.0243,146
GCF_000011565___686,Negative,0.8571,0.0,0.8571,0.1429,301
GCF_000011565___687,Negative,0.4313,0.5685,0.4313,0.0003,147
GCF_000011565___688,Negative,0.9998,0.0002,0.9998,0.0,388
GCF_000011565___689,Negative,0.9966,0.0,0.9966,0.0034,262
GCF_000011565___690,Negative,0.9991,0.0009,0.9991,0.0,199
GCF_000011565___691,Negative,0.9993,0.0007,0.9993,0.0,198
GCF_000011565___692,Negative,0.6579,0.3414,0.6579,0.0007,52
GCF_000011565___693,Negative,0.9986,0.0,0.9986,0.0014,411
GCF_000011565___694,Negative,0.9984,0.0,0.9984,0.0016,300
GCF_000011565___695,Negative,0.9991,0.0,0.9991,0.0009,223
GCF_000011565___696,Negative,0.8222,0.0013,0.1765,0.8222,374
GCF_000011565___697,Negative,0.9974,0.0,0.9974,0.0026,721
GCF_000011565___698,Negative,0.7017,1e-04,0.7017,0.2983,592
GCF_000011565___699,Negative,0.9949,0.0004,0.9949,0.0047,138
GCF_000011565___700,Negative,0.8696,1e-04,0.8696,0.1303,97
GCF_000011565___701,Negative,0.9372,0.0,0.9372,0.0628,1017
GCF_000011565___702,Negative,0.6864,0.0009,0.6864,0.3128,75
GCF_000011565___703,Negative,0.978,0.0,0.978,0.022,358
GCF_000011565___704,Negative,0.99,0.0005,0.0095,0.99,127
GCF_000011565___705,Negative,0.9896,0.0,0.9896,0.0104,610
GCF_000011565___706,Negative,0.52,0.0004,0.52,0.4796,177
GCF_000011565___707,Inc-protein,0.93,0.93,0.0007,0.0693,447
GCF_000011565___708,Negative,0.9991,0.0002,0.0008,0.9991,136
GCF_000011565___709,Negative,0.8194,1e-04,0.1805,0.8194,587
GCF_000011565___710,Negative,0.9935,0.0,0.9935,0.0065,184
GCF_000011565___711,Negative,1.0,0.0,1.0,0.0,64
GCF_000011565___712,Negative,0.9995,0.0,0.9995,0.0005,118
GCF_000011565___713,Negative,0.9972,0.0,0.9972,0.0028,342
GCF_000011565___714,Negative,0.8315,1e-04,0.8315,0.1685,298
GCF_000011565___715,Negative,0.8986,1e-04,0.8986,0.1013,362
GCF_000011565___716,Negative,0.9919,1e-04,0.9919,0.0079,44
GCF_000011565___717,Negative,0.3454,0.0004,0.3454,0.6542,158
GCF_000011565___718,Negative,0.9104,0.0005,0.9104,0.0891,309
GCF_000011565___719,Negative,0.9984,0.0,0.9984,0.0016,54
GCF_000011565___720,Negative,0.8954,0.0721,0.8954,0.0325,38
GCF_000011565___721,Negative,0.3232,0.0007,0.3232,0.6761,379
GCF_000011565___722,Negative,0.802,0.0007,0.1972,0.802,412
GCF_000011565___723,Negative,0.9808,0.0002,0.019,0.9808,447
GCF_000011565___724,Negative,0.8408,0.0002,0.1591,0.8408,445
GCF_000011565___725,Negative,0.9994,0.0006,0.9994,0.0,105
GCF_000011565___726,Negative,0.885,0.0,0.885,0.115,162
GCF_000011565___727,Negative,0.9252,0.0002,0.9252,0.0746,217
GCF_000011565___728,Negative,0.5571,0.0002,0.5571,0.4427,42
GCF_000011565___729,Negative,0.9583,0.041,0.9583,0.0007,291
GCF_000011565___730,Negative,0.2126,0.002,0.2126,0.7854,410
GCF_000011565___731,Negative,0.9731,0.0,0.9731,0.0269,259
GCF_000011565___732,Negative,0.9986,0.0,0.9986,0.0014,380
GCF_000011565___733,Negative,0.9966,0.0031,0.9966,0.0003,103
GCF_000011565___734,Negative,0.9666,0.0004,0.9666,0.0329,166
GCF_000011565___735,Negative,0.5619,0.0042,0.5619,0.434,73
GCF_000011565___736,Negative,0.9851,0.0,0.9851,0.0149,465
GCF_000011565___737,Inc-protein,0.9832,0.9832,0.0164,0.0003,164
GCF_000011565___738,Negative,0.9995,0.0005,0.0,0.9995,402
GCF_000011565___739,Negative,0.9936,0.0,0.9936,0.0064,868
GCF_000011565___740,Negative,0.9984,0.0,0.0016,0.9984,915
GCF_000011565___741,Negative,0.9751,0.0248,0.9751,1e-04,80
GCF_000011565___742,Negative,0.5677,0.4322,0.5677,1e-04,61
GCF_000011565___743,Negative,0.9994,0.0,0.0006,0.9994,941
GCF_000011565___744,Negative,0.9891,0.0,0.0109,0.9891,948
GCF_000011565___745,Negative,0.9977,1e-04,0.0021,0.9977,1075
GCF_000011565___746,Negative,0.9945,0.0,0.0055,0.9945,854
GCF_000011565___747,Negative,0.8848,1e-04,0.8848,0.1151,292
GCF_000011565___748,Negative,0.8837,0.0013,0.115,0.8837,177
GCF_000011565___749,Negative,0.4278,0.0,0.4278,0.5722,1835
GCF_000011565___750,Negative,0.9988,0.0,0.9988,0.0012,654
GCF_000011565___751,Negative,0.9802,0.0,0.9802,0.0198,194
GCF_000011565___752,Negative,0.9383,0.0009,0.0607,0.9383,511
GCF_000011565___753,Negative,0.9323,0.0016,0.0661,0.9323,765
GCF_000011565___754,Negative,0.9994,0.0,0.9994,0.0006,54
GCF_000011565___755,Negative,0.9927,0.0,0.9927,0.0073,527
GCF_000011565___756,Negative,0.4454,0.0009,0.4454,0.5537,152
GCF_000011565___757,Negative,0.9101,0.0175,0.0724,0.9101,116
GCF_000011565___758,Negative,0.9993,0.0,0.0007,0.9993,361
GCF_000011565___759,Negative,0.9968,0.0032,0.9968,0.0,726
GCF_000011565___760,Negative,0.5477,0.4517,0.5477,0.0006,357
GCF_000011565___761,Inc-protein,0.994,0.994,0.0002,0.0058,604
GCF_000011565___762,Negative,0.9948,0.0,0.9948,0.0051,365
GCF_000011565___763,Negative,0.995,0.0,0.995,0.005,380
GCF_000011565___764,Negative,0.9939,0.0002,0.006,0.9939,501
GCF_000011565___765,Negative,0.9509,0.0047,0.9509,0.0445,61
GCF_000011565___766,Negative,0.8875,1e-04,0.8875,0.1124,75
GCF_000011565___767,Negative,0.9523,0.0,0.9523,0.0477,313
GCF_000011565___768,Negative,0.9988,0.0,0.9988,0.0012,237
GCF_000011565___769,Negative,0.9994,0.0,0.9994,0.0005,131
GCF_000011565___770,Negative,0.8741,0.0002,0.8741,0.1257,920
GCF_000011565___771,Negative,0.9361,0.0,0.9361,0.0639,424
GCF_000011565___772,Negative,0.9469,0.0,0.9469,0.0531,587
GCF_000011565___773,Negative,0.993,0.0,0.993,0.007,257
GCF_000011565___774,Negative,0.9995,1e-04,0.0004,0.9995,656
GCF_000011565___775,Negative,0.9978,0.0007,0.9978,0.0015,51
GCF_000011565___776,Negative,0.9988,0.0012,0.9988,0.0,393
GCF_000011565___777,Negative,0.9989,0.0,0.9989,0.0011,243
GCF_000011565___778,Negative,0.9268,1e-04,0.9268,0.0731,184
GCF_000011565___779,Negative,0.9054,1e-04,0.0945,0.9054,111
GCF_000011565___780,Negative,0.9982,0.0,0.9982,0.0018,170
GCF_000011565___781,Negative,0.9995,0.0,0.9995,0.0005,453
GCF_000011565___782,Negative,0.683,0.0,0.683,0.3169,236
GCF_000011565___783,Inc-protein,0.9952,0.9952,1e-04,0.0047,225
GCF_000011565___784,Negative,0.9993,0.0,0.9993,0.0007,230
GCF_000011565___785,Negative,0.9928,0.0072,0.9928,0.0,318
GCF_000011565___786,Negative,0.8341,0.0033,0.1626,0.8341,136
GCF_000011565___787,Negative,0.9061,0.0938,0.9061,0.0002,208
GCF_000011565___788,Inc-protein,0.9975,0.9975,0.0022,0.0003,655
GCF_000011565___789,Negative,0.9972,0.0,0.9972,0.0028,295
GCF_000011565___790,Negative,0.9542,0.0,0.9542,0.0458,533
GCF_000011565___791,Negative,0.9633,1e-04,0.0366,0.9633,176
GCF_000011565___792,Negative,0.9939,0.0,0.9939,0.006,291
GCF_000011565___793,Inc-protein,0.8773,0.8773,0.0727,0.05,143
GCF_000011565___794,Negative,0.9616,0.0,0.9616,0.0383,80
GCF_000011565___795,Negative,0.9955,0.0009,0.0036,0.9955,105
GCF_000011565___796,Negative,0.8915,1e-04,0.8915,0.1084,190
GCF_000011565___797,Negative,0.998,0.0,0.998,0.002,353
GCF_000011565___798,Negative,0.9848,0.0007,0.0145,0.9848,245
GCF_000011565___799,Negative,0.994,0.0,0.994,0.006,483
GCF_000011565___800,Negative,0.4945,0.0005,0.4945,0.505,432
GCF_000011565___801,Negative,0.9994,0.0005,0.9994,0.0002,133
GCF_000011565___802,Negative,0.9975,0.0,0.9975,0.0025,376
GCF_000011565___803,Negative,0.9993,0.0007,0.9993,0.0,215
GCF_000011565___804,Negative,0.9991,0.0009,0.9991,0.0,232
GCF_000011565___805,Negative,0.8509,1e-04,0.8509,0.1491,209
GCF_000011565___806,Negative,0.2167,0.0031,0.2167,0.7802,73
GCF_000011565___807,Negative,0.9018,0.02,0.9018,0.0783,80
GCF_000011565___808,Negative,0.8215,0.0,0.8215,0.1785,313
GCF_000011565___809,Negative,0.9989,0.0,0.9989,0.0011,264
GCF_000011565___810,Negative,0.9768,0.0231,0.9768,0.0,97
GCF_000011565___811,Negative,0.6105,0.0002,0.6105,0.3893,176
GCF_000011565___812,Negative,0.9999,0.0,0.9999,1e-04,41
GCF_000011565___813,Negative,0.9565,0.0324,0.9565,0.0111,62
GCF_000011565___814,Negative,1.0,0.0,0.0,1.0,618
GCF_000011565___815,Negative,0.5682,0.0011,0.5682,0.4307,135
GCF_000011565___816,Negative,0.9367,0.0003,0.9367,0.063,121
GCF_000011565___817,Negative,0.9042,0.0958,0.9042,0.0,795
GCF_000011565___818,Negative,0.9978,0.0,0.9978,0.0022,41
GCF_000011565___819,Negative,0.9993,0.0,0.9993,0.0007,342
GCF_000011565___820,Negative,0.9999,0.0,0.9999,1e-04,396
GCF_000011565___821,Negative,0.9576,0.0405,0.9576,0.0018,360
GCF_000011565___822,Inc-protein,0.9748,0.9748,0.0,0.0252,276
GCF_000011565___823,Inc-protein,0.9737,0.9737,0.0102,0.016,231
GCF_000011565___824,Negative,0.9772,0.0,0.9772,0.0228,228
GCF_000011565___825,Negative,1.0,0.0,1.0,0.0,710
GCF_000011565___826,Negative,0.9998,0.0,0.9998,0.0002,51
GCF_000011565___827,Negative,1.0,0.0,1.0,0.0,343
GCF_000011565___828,Negative,0.9848,0.0,0.9848,0.0152,260
GCF_000011565___829,Negative,0.8881,0.0,0.8881,0.1119,358
GCF_000011565___830,Negative,0.9989,0.0,0.9989,0.0011,516
GCF_000011565___831,Negative,0.964,0.0357,0.964,0.0003,764
GCF_000011565___832,Negative,0.9989,0.0,0.9989,0.0011,150
GCF_000011565___833,Negative,0.9996,0.0,0.9996,0.0004,542
GCF_000011565___834,Negative,0.9993,0.0,0.9993,0.0007,254
GCF_000011565___835,Negative,0.9992,0.0,0.9992,0.0008,316
GCF_000011565___836,Negative,0.9602,0.0006,0.9602,0.0392,440
GCF_000011565___837,Negative,0.9151,0.0593,0.0255,0.9151,436
GCF_000011565___838,Negative,0.9974,1e-04,0.0025,0.9974,231
GCF_000011565___839,Negative,1.0,0.0,1.0,0.0,58
GCF_000011565___840,Negative,0.4049,1e-04,0.4049,0.595,127
GCF_000011565___841,Negative,0.9199,1e-04,0.9199,0.0799,382
GCF_000011565___842,Negative,0.8505,0.0008,0.8505,0.1487,88
GCF_000011565___843,Negative,0.8681,0.0002,0.8681,0.1317,104
GCF_000011565___844,Negative,0.9695,0.0005,0.9695,0.0301,89
GCF_000011565___845,Inc-protein,0.991,0.991,1e-04,0.0089,418
GCF_000011565___846,Negative,0.2823,0.0056,0.2823,0.7121,335
GCF_000011565___847,Inc-protein,0.9875,0.9875,0.0107,0.0018,252
GCF_000011565___848,Negative,0.9895,1e-04,0.0103,0.9895,92
GCF_000011565___849,Negative,0.9373,0.017,0.0457,0.9373,147
GCF_000011565___850,Negative,0.7698,0.0002,0.7698,0.2301,54
GCF_000011565___851,Negative,0.8969,1e-04,0.8969,0.103,387
GCF_000011565___852,Negative,0.3307,0.0011,0.3307,0.6682,96
GCF_000011565___853,Negative,0.9958,0.0,0.9958,0.0042,121
GCF_000011565___854,Negative,0.9806,0.0003,0.9806,0.0192,215
GCF_000011565___855,Negative,0.9886,0.0,0.9886,0.0113,165
GCF_000011565___856,Negative,0.9822,1e-04,0.9822,0.0176,92
GCF_000011565___857,Negative,0.9949,1e-04,0.0051,0.9949,248
GCF_000011565___858,Negative,0.8153,0.0,0.8153,0.1847,456
GCF_000011565___859,Negative,0.9975,0.0,0.9975,0.0025,30
GCF_000011565___860,Negative,0.9477,0.0,0.9477,0.0522,237
GCF_000011565___861,Negative,0.9996,0.0,0.9996,0.0004,63
GCF_000011565___862,Negative,0.9528,0.0039,0.0432,0.9528,84
GCF_000011565___863,Negative,0.9973,1e-04,0.9973,0.0026,143
GCF_000011565___864,Negative,0.9985,0.0,0.9985,0.0015,220
GCF_000011565___865,Negative,0.9922,0.0,0.9922,0.0078,65
GCF_000011565___866,Negative,0.9389,1e-04,0.9389,0.061,152
GCF_000011565___867,Negative,0.439,0.0,0.439,0.561,121
GCF_000011565___868,Negative,0.9281,0.0,0.9281,0.0718,249
GCF_000011565___869,Negative,0.9964,0.0,0.9964,0.0036,284
GCF_000011565___870,Negative,0.2147,0.0,0.2147,0.7853,608
GCF_000011565___871,Negative,0.9954,0.0007,0.004,0.9954,337
GCF_000011565___872,Negative,0.9996,0.0,0.9996,0.0004,261
GCF_000011565___873,Negative,0.9988,0.0,0.9988,0.0012,948
GCF_000011565___874,Negative,0.9949,0.004,0.9949,0.0012,61
GCF_000011565___875,Negative,0.9955,0.0044,0.9955,0.0,232
GCF_000011565___876,Negative,0.9912,0.0002,0.9912,0.0086,129
GCF_000011565___877,Negative,0.9971,0.0,0.0029,0.9971,319
GCF_000011565___878,Negative,0.583,0.0005,0.583,0.4164,296
GCF_000011565___879,Negative,0.9987,0.0,0.9987,0.0013,373
GCF_000011565___880,Negative,0.996,0.0038,0.996,0.0002,289
GCF_000011565___881,Negative,0.9987,0.0012,0.9987,0.0,255
GCF_000011565___882,Negative,0.8418,0.0003,0.8418,0.1579,345
GCF_000011565___883,Inc-protein,0.9731,0.9731,0.0223,0.0046,59
GCF_000011565___884,Negative,0.9949,0.0051,0.9949,0.0,454
GCF_000011565___885,Negative,0.9997,0.0,0.9997,0.0003,463
GCF_000011565___886,Negative,0.3327,0.0004,0.3327,0.6669,263
GCF_000011565___887,Negative,0.9143,0.0,0.9143,0.0856,545
GCF_000011565___888,Negative,0.8771,0.0005,0.8771,0.1224,200
GCF_000011565___889,Negative,0.981,0.0,0.981,0.019,931
GCF_000011565___890,Negative,0.986,0.0,0.986,0.014,182
GCF_000011565___891,Negative,0.9963,0.0,0.9963,0.0037,367
GCF_000011565___892,Negative,0.2853,0.002,0.2853,0.7127,251
GCF_000011565___893,Negative,0.8984,0.001,0.1006,0.8984,233
GCF_000011565___894,Negative,0.3771,0.6145,0.3771,0.0085,128
GCF_000011565___895,Negative,0.9934,0.0009,0.0057,0.9934,656
GCF_000011565___896,Negative,0.9965,0.0,0.9965,0.0035,172
GCF_000011565___897,Negative,0.9854,0.0,0.9854,0.0146,412
GCF_000011565___898,Negative,0.9977,0.0,0.9977,0.0023,201
GCF_000011565___899,Negative,0.9978,0.0,0.9978,0.0022,276
GCF_000011565___900,Negative,0.939,1e-04,0.939,0.061,112
GCF_000011565___901,Negative,0.2803,0.0386,0.2803,0.6812,1348
GCF_000011565___902,Negative,0.8028,0.0023,0.8028,0.195,537
GCF_000011565___903,Negative,0.8342,0.1657,0.8342,1e-04,473
GCF_000011565___904,Negative,0.9956,0.0044,0.9956,1e-04,437
GCF_000011565___905,Negative,0.9804,0.0196,0.0,0.9804,801
GCF_000011565___906,Negative,0.97,0.03,0.97,0.0,201
GCF_000011565___907,Inc-protein,0.8325,0.8325,0.1673,1e-04,325
GCF_000011565___908,Negative,0.9925,1e-04,0.9925,0.0074,97
GCF_000011565___909,Negative,0.9994,0.0,0.9994,0.0006,156
GCF_000011565___910,Negative,0.967,0.0,0.967,0.0329,312
GCF_000011565___911,Negative,0.9911,0.006,0.0029,0.9911,549
GCF_000011565___912,Negative,0.9532,0.0,0.9532,0.0467,438
GCF_000011565___913,Negative,0.312,1e-04,0.312,0.6879,604
GCF_000011565___914,Negative,0.9985,0.0015,0.9985,0.0,155
GCF_000011565___915,Negative,0.9885,0.0,0.9885,0.0115,283
GCF_000011565___916,Negative,0.6551,0.3442,0.6551,0.0008,63
GCF_000011565___917,Negative,0.9915,1e-04,0.0085,0.9915,743
GCF_000011565___918,Negative,0.9992,0.0008,0.9992,0.0,185
GCF_000011565___919,Negative,0.9524,0.0275,0.9524,0.0202,197
GCF_000011565___920,Negative,0.9758,0.0242,0.9758,0.0,313
GCF_000011565___921,Negative,0.9989,0.0011,0.9989,0.0,671
GCF_000011565___922,Negative,0.499,1e-04,0.499,0.5009,570
GCF_000011565___923,Negative,0.9756,0.0,0.9756,0.0244,350
GCF_000011565___924,Negative,0.9978,0.0,0.9978,0.0022,274
GCF_000011565___925,Negative,0.9834,0.0,0.9834,0.0166,89
GCF_000011565___926,Negative,0.9856,0.0004,0.9856,0.014,146
GCF_000011565___927,Inc-protein,0.9979,0.9979,0.0002,0.0019,502
GCF_000011565___928,Negative,0.7206,0.0005,0.7206,0.2789,285
GCF_000011565___929,Inc-protein,0.9254,0.9254,0.0252,0.0494,156
GCF_000011565___930,Inc-protein,0.8955,0.8955,0.0881,0.0164,144
GCF_000011565___931,Inc-protein,0.8708,0.8708,0.0063,0.1229,224
GCF_000011565___932,Negative,0.9853,0.0142,0.9853,0.0006,435
GCF_000011565___933,Negative,0.9564,0.0,0.9564,0.0436,246
GCF_000011565___934,Negative,0.9268,0.0,0.9268,0.0732,152
GCF_000011565___935,Negative,0.9987,0.0,0.9987,0.0013,216
GCF_000011565___936,Negative,0.8508,0.0003,0.149,0.8508,337
GCF_000011565___937,Negative,0.9999,0.0,0.9999,1e-04,351
GCF_000011565___938,Negative,0.8733,0.0,0.8733,0.1266,204
GCF_000011565___939,Negative,0.9862,0.0,0.9862,0.0138,327
GCF_000011565___940,Negative,0.9971,0.0023,0.9971,0.0006,96
GCF_000011565___941,Negative,0.8972,0.0031,0.8972,0.0998,123
GCF_000011565___942,Negative,0.9242,0.0,0.0758,0.9242,3181
GCF_000011565___943,Negative,0.9607,0.0393,0.9607,1e-04,181
GCF_000011565___944,Negative,0.9537,1e-04,0.9537,0.0463,468
GCF_000011565___945,Negative,0.8321,0.0002,0.8321,0.1676,192
GCF_000011565___946,Negative,0.8806,0.0004,0.119,0.8806,240
GCF_000011565___947,Negative,0.8818,0.013,0.1053,0.8818,261
GCF_000011565___948,Negative,0.8041,0.0019,0.194,0.8041,177
GCF_000011565___949,Negative,0.34,0.0017,0.34,0.6583,144
GCF_000011565___950,Negative,0.9977,0.0,0.9977,0.0023,212
GCF_000011565___951,Negative,0.9952,0.0,0.9952,0.0048,804
GCF_000011565___952,Negative,0.9966,0.0,0.9966,0.0034,530
GCF_000011565___953,Negative,0.9994,0.0,0.9994,0.0006,334
GCF_000011565___954,Negative,0.9734,0.0,0.9734,0.0266,288
GCF_000011565___955,Negative,0.8655,0.0029,0.8655,0.1317,174
GCF_000011565___956,Negative,0.9661,0.0,0.0339,0.9661,118
GCF_000011565___957,Negative,0.9985,0.0,0.9985,0.0014,162
GCF_000011565___958,Negative,0.9993,0.0006,0.9993,0.0,205
GCF_000011565___959,Negative,0.9715,0.0,0.9715,0.0285,333
GCF_000011565___960,Negative,0.9993,0.0,0.9993,0.0007,188
GCF_000011565___961,Negative,0.9633,0.0,0.9633,0.0367,89
GCF_000011565___962,Negative,0.9832,1e-04,0.0167,0.9832,334
GCF_000011565___963,Negative,0.9674,0.0003,0.9674,0.0324,59
GCF_000011565___964,Negative,0.9913,0.0087,0.9913,0.0,66
GCF_000011565___965,Negative,0.9783,0.0002,0.9783,0.0215,95
GCF_000011565___966,Negative,0.9963,0.0,0.9963,0.0037,284
GCF_000011565___967,Negative,0.2484,0.0,0.2484,0.7516,74
GCF_000011565___968,Negative,0.9035,0.0021,0.0945,0.9035,121
GCF_000011565___969,Negative,0.8972,0.0005,0.1023,0.8972,256
GCF_000011565___970,Negative,0.9984,1e-04,0.0015,0.9984,1605
GCF_000011565___971,Negative,0.9891,0.0,0.9891,0.0109,43
GCF_000011565___972,Negative,0.9978,0.0005,0.9978,0.0018,69
GCF_000011565___973,Negative,0.9991,0.0,0.9991,0.0009,198
GCF_000011565___974,Negative,0.9932,0.0,0.9932,0.0068,754
GCF_000011565___975,Negative,0.9903,0.0,0.9903,0.0096,436
GCF_000011565___976,Negative,0.9999,0.0,0.9999,1e-04,143
GCF_000011565___977,Negative,0.7652,0.0003,0.7652,0.2345,199
GCF_000011565___978,Negative,0.9944,1e-04,0.0055,0.9944,147
GCF_000011565___979,Negative,0.977,0.0002,0.977,0.0228,54
GCF_000011565___980,Negative,0.9824,0.0002,0.9824,0.0174,146
GCF_000011565___981,Negative,0.9567,0.0432,0.9567,0.0,112
GCF_000011565___982,Negative,0.9987,0.0013,0.9987,1e-04,466
GCF_000011565___983,Negative,0.5251,0.0,0.5251,0.4748,93
GCF_000011565___984,Negative,0.9963,0.0,0.9963,0.0037,70
GCF_000011565___985,Negative,0.9658,0.0005,0.0337,0.9658,125
GCF_000011565___986,Negative,0.9941,0.0007,0.9941,0.0053,86
GCF_000011565___987,Negative,0.9867,1e-04,0.9867,0.0133,57
GCF_000011565___988,Negative,0.8866,0.0065,0.1069,0.8866,91
GCF_000011565___989,Negative,0.8175,0.0003,0.8175,0.1822,82
GCF_000011565___990,Negative,0.9151,0.0008,0.9151,0.0841,85
GCF_000011565___991,Negative,0.9407,1e-04,0.9407,0.0593,61
GCF_000011565___992,Negative,0.9946,0.0007,0.0047,0.9946,583
GCF_000011565___993,Negative,0.9935,0.0006,0.0059,0.9935,481
GCF_000011565___994,Negative,0.9954,0.0002,0.9954,0.0044,101
GCF_000011565___995,Negative,0.9994,0.0,0.9994,0.0006,100
GCF_000011565___996,Negative,0.9823,0.0009,0.9823,0.0168,113
GCF_000011565___997,Negative,0.9981,0.0,0.9981,0.0019,72
GCF_000011565___998,Negative,0.9261,0.0002,0.9261,0.0737,89
GCF_000011565___999,Negative,0.9947,0.0,0.9947,0.0052,270
GCF_000011565___1000,Negative,0.9879,0.0003,0.9879,0.0119,125
GCF_000011565___1001,Negative,0.8113,0.0012,0.1875,0.8113,238
GCF_000011565___1002,Negative,0.8604,0.0006,0.8604,0.139,52
GCF_000011565___1003,Negative,0.9868,0.0006,0.9868,0.0126,41
GCF_000011565___1004,Negative,0.4383,0.0003,0.4383,0.5614,121
GCF_000011565___1005,Negative,0.9989,0.0002,0.9989,0.001,87
GCF_000011565___1006,Negative,0.983,0.0,0.983,0.017,271
GCF_000011565___1007,Negative,0.9994,0.0005,0.0,0.9994,957
GCF_000011565___1008,Negative,0.9997,0.0003,0.0,0.9997,936
GCF_000011565___1009,Negative,0.9997,0.0,0.9997,0.0003,412
GCF_000011565___1010,Negative,0.9634,0.0,0.9634,0.0366,646
GCF_000011565___1011,Negative,0.9997,0.0,0.9997,0.0003,81
GCF_000011565___1012,Negative,0.9728,0.0,0.9728,0.0272,112
GCF_000011565___1013,Negative,0.1921,0.0204,0.1921,0.7875,121
GCF_000011565___1014,Negative,0.2233,0.0034,0.2233,0.7733,71
GCF_000011565___1015,Negative,0.9907,0.0007,0.9907,0.0087,58
GCF_000011565___1016,Negative,0.9948,0.0003,0.9948,0.005,118
GCF_000011565___1017,Negative,0.9997,0.0,0.9997,0.0003,69
GCF_000011565___1018,Negative,0.4668,0.0232,0.4668,0.51,93
GCF_000011565___1019,Negative,0.9907,0.0,0.9907,0.0093,125
GCF_000011565___1020,Negative,0.9912,0.0,0.9912,0.0088,76
GCF_000011565___1021,Negative,0.8509,0.0002,0.1489,0.8509,61
GCF_000011565___1022,Negative,0.9786,1e-04,0.9786,0.0213,61
GCF_000011565___1023,Negative,0.9847,0.0007,0.0146,0.9847,695
GCF_000011565___1024,Negative,0.9943,0.0,0.9943,0.0057,82
GCF_000011565___1025,Negative,0.9544,0.0077,0.9544,0.0378,67
GCF_000011565___1026,Negative,0.9852,0.0007,0.9852,0.0141,125
GCF_000011565___1027,Negative,0.9959,0.0,0.9959,0.0041,269
GCF_000011565___1028,Negative,0.9973,0.0,0.9973,0.0027,63
GCF_000011565___1029,Negative,0.9952,0.0005,0.0042,0.9952,584
GCF_000011565___1030,Negative,0.9673,0.0015,0.0312,0.9673,737
GCF_000011565___1031,Negative,0.9966,0.0004,0.003,0.9966,665
GCF_000011565___1032,Negative,0.4099,0.0003,0.4099,0.5898,143
GCF_000011565___1033,Negative,0.9991,0.0,0.9991,0.0009,203
GCF_000011565___1034,Negative,0.2972,0.0019,0.2972,0.7009,94
GCF_000011565___1035,Negative,0.6484,0.0043,0.6484,0.3473,102
GCF_000011565___1036,Negative,0.9381,0.0065,0.0553,0.9381,122
GCF_000011565___1037,Negative,0.9954,0.0006,0.0039,0.9954,149
GCF_000011565___1038,Negative,0.9999,0.0,0.9999,1e-04,50
GCF_000011565___1039,Inc-protein,0.9025,0.9025,0.0005,0.0969,865
GCF_000011565___1040,Inc-protein,0.9563,0.9563,0.0133,0.0304,868
GCF_000011565___1041,Negative,0.999,0.0,0.999,0.001,231
GCF_000011565___1042,Negative,0.9979,0.0,0.9979,0.0021,368
GCF_000011565___1043,Negative,0.9636,0.0,0.9636,0.0364,390
GCF_000011565___1044,Negative,0.9803,0.0195,0.9803,0.0002,146
GCF_000011565___1045,Negative,0.8925,0.0024,0.1051,0.8925,146
GCF_000011565___1046,Negative,0.9792,0.0,0.9792,0.0208,256
GCF_000011565___1047,Negative,0.9952,0.0,0.9952,0.0048,845
GCF_000011565___1048,Negative,0.7204,1e-04,0.7204,0.2795,771
GCF_000011565___1049,Negative,0.9993,0.0003,0.9993,0.0004,31
GCF_000011565___1050,Negative,0.803,0.1968,0.803,0.0003,235
GCF_000011565___1051,Negative,0.9047,0.0951,0.9047,1e-04,218
GCF_000011565___1052,Negative,0.8076,1e-04,0.8076,0.1923,150
GCF_000011565___1053,Inc-protein,0.8119,0.8119,0.0114,0.1767,501
GCF_000011565___1054,Negative,0.8409,1e-04,0.8409,0.159,57
GCF_000011565___1055,Negative,0.8668,0.0007,0.8668,0.1326,52
GCF_000011565___1056,Negative,0.594,1e-04,0.594,0.4059,148
GCF_000011565___1057,Negative,0.6237,0.3747,0.6237,0.0016,457
GCF_000011565___1058,Negative,0.9825,0.0175,0.9825,0.0,519
GCF_000011565___1059,Negative,0.3795,0.0,0.3795,0.6205,665
GCF_000011565___1060,Negative,0.9033,0.0005,0.9033,0.0962,261
GCF_000011565___1061,Negative,0.9756,0.0244,0.9756,0.0,89
GCF_000011565___1062,Negative,0.9795,1e-04,0.9795,0.0204,242
GCF_000011565___1063,Negative,0.9894,1e-04,0.9894,0.0105,137
GCF_000011565___1064,Negative,0.9969,0.0,0.9969,0.0031,377
GCF_000011565___1065,Negative,0.9654,0.0344,0.9654,0.0002,300
GCF_000011565___1066,Negative,0.9998,0.0,0.9998,0.0002,275
GCF_000011565___1067,Negative,0.9275,1e-04,0.9275,0.0724,45
GCF_000011565___1068,Negative,0.9971,0.0002,0.0027,0.9971,1505
GCF_000011565___1069,Negative,0.8783,0.0073,0.8783,0.1144,101
GCF_000011565___1070,Negative,0.585,0.0002,0.585,0.4148,236
GCF_000011565___1071,Negative,0.9799,0.0,0.9799,0.0201,520
GCF_000011565___1072,Negative,0.9377,0.0,0.9377,0.0623,362
GCF_000011565___1073,Negative,0.9204,1e-04,0.0795,0.9204,364
GCF_000011565___1074,Negative,0.8843,1e-04,0.1157,0.8843,475
GCF_000011565___1075,Negative,0.727,1e-04,0.727,0.2729,369
GCF_000011565___1076,Negative,0.963,0.0,0.963,0.037,225
GCF_000011565___1077,Negative,0.9981,0.0,0.9981,0.0019,856
GCF_000011565___1078,Negative,0.9937,0.0,0.9937,0.0063,835
GCF_000011565___1079,Negative,0.8133,1e-04,0.8133,0.1866,112
GCF_000011565___1080,Negative,0.8041,1e-04,0.8041,0.1958,345
GCF_000011565___1081,Negative,0.9952,0.0,0.9952,0.0048,313
GCF_000011565___1082,Negative,0.927,1e-04,0.927,0.0729,161
GCF_000011565___1083,Negative,0.6148,0.0,0.6148,0.3852,655
GCF_000011565___1084,Negative,0.9867,0.0124,0.9867,0.0008,837
GCF_000011565___1085,Negative,0.2921,1e-04,0.2921,0.7078,451
GCF_000011565___1086,Negative,0.9626,0.037,0.9626,0.0005,374
GCF_000011565___1087,Negative,0.9983,0.0,0.9983,0.0017,88
GCF_000011565___1088,Negative,0.9516,1e-04,0.9516,0.0483,234
GCF_000011565___1089,Negative,0.9687,0.0009,0.9687,0.0304,42
GCF_000011565___1090,Negative,0.9559,0.0437,0.0004,0.9559,391
GCF_000011565___1091,Negative,0.9989,1e-04,0.0009,0.9989,354
GCF_000011565___1092,Negative,0.9903,0.0,0.9903,0.0097,465
GCF_000011565___1093,Negative,0.978,0.0,0.978,0.022,387
GCF_000011565___1094,Negative,0.9677,0.0,0.9677,0.0322,890
GCF_000011565___1095,Negative,0.9845,0.0014,0.0141,0.9845,220
GCF_000011565___1096,Negative,0.928,0.0596,0.928,0.0124,791
GCF_000011565___1097,Negative,0.9689,1e-04,0.9689,0.031,243
GCF_000011565___1098,Negative,0.9931,0.0033,0.9931,0.0037,639
GCF_000011565___1099,Negative,0.9766,0.0002,0.0232,0.9766,168
GCF_000011565___1100,Negative,0.8309,1e-04,0.8309,0.169,385
GCF_000011565___1101,Negative,0.9999,1e-04,1e-04,0.9999,696
GCF_000011565___1102,Negative,0.5939,0.0,0.5939,0.4061,128
GCF_000011565___1103,Negative,0.9998,0.0,0.9998,0.0002,238
GCF_000011565___1104,Negative,0.6686,0.0008,0.6686,0.3306,343
GCF_000011565___1105,Negative,0.295,0.0004,0.295,0.7046,76
GCF_000011565___1106,Negative,0.9985,0.0,0.9985,0.0015,355
GCF_000011565___1107,Negative,0.9769,0.0,0.9769,0.0231,499
GCF_000011565___1108,Negative,0.9585,0.0,0.9585,0.0415,158
GCF_000011565___1109,Negative,0.2981,0.0002,0.2981,0.7017,167
GCF_000011565___1110,Negative,0.9689,0.0,0.9689,0.0311,670
GCF_000011565___1111,Negative,0.4031,0.0003,0.4031,0.5966,287
GCF_000011565___1112,Negative,0.998,0.0,0.998,0.002,332
GCF_000011565___1113,Negative,0.9095,0.0085,0.082,0.9095,179
GCF_000011565___1114,Negative,0.9549,1e-04,0.9549,0.045,144
GCF_000011565___1115,Inc-protein,0.9066,0.9066,0.0,0.0934,320
GCF_000011565___1116,Inc-protein,0.9371,0.9371,0.0006,0.0622,192
GCF_000011565___1117,Negative,0.9947,0.0,0.9947,0.0053,232
GCF_000011565___1118,Inc-protein,0.9994,0.9994,0.0,0.0006,320
GCF_000011565___1119,Negative,0.855,0.1448,0.855,0.0003,504
GCF_000011565___1120,Negative,0.9995,0.0,0.9995,0.0005,606
GCF_000011565___1121,Negative,0.9589,1e-04,0.041,0.9589,690
GCF_000011565___1122,Negative,0.9828,0.0,0.9828,0.0172,718
GCF_000011565___1123,Negative,0.9381,0.0013,0.9381,0.0606,311
GCF_000011565___1124,Negative,0.998,0.002,0.998,0.0,419
GCF_000011565___1125,Negative,0.8741,1e-04,0.8741,0.1258,335
GCF_000011565___1126,Negative,0.9167,0.0061,0.9167,0.0772,302
GCF_000011565___1127,Negative,0.9998,1e-04,1e-04,0.9998,464
GCF_000011565___1128,Negative,0.9942,0.0057,0.9942,1e-04,222
GCF_000011565___1129,Negative,0.9936,0.0056,0.9936,0.0008,68
GCF_000011565___1130,Negative,0.9999,1e-04,0.0,0.9999,774
GCF_000011565___1131,Negative,0.9999,0.0,0.0,0.9999,1106
GCF_000011565___1132,Negative,0.997,0.0005,0.997,0.0024,40
GCF_000011565___1133,Negative,0.866,0.0034,0.866,0.1306,322
GCF_000011565___1134,Negative,0.9978,0.0,0.9978,0.0022,264
GCF_000011565___1135,Negative,0.6965,0.0072,0.6965,0.2963,187
GCF_000011565___1136,Negative,0.4183,0.0012,0.4183,0.5805,224
GCF_000011565___1137,Negative,0.9994,0.0,0.0006,0.9994,749
GCF_000011565___1138,Negative,0.9944,1e-04,0.0055,0.9944,413
GCF_000011565___1139,Negative,0.9179,0.0139,0.0682,0.9179,410
GCF_000011565___1140,Negative,0.8534,0.1459,0.8534,0.0006,372
GCF_000011565___1141,Negative,0.9473,0.0,0.9473,0.0527,61
GCF_000011565___1142,Negative,0.9867,0.0003,0.013,0.9867,194
GCF_000011565___1143,Negative,0.9674,0.0013,0.0314,0.9674,593
GCF_000011565___1144,Negative,0.8702,1e-04,0.8702,0.1297,327
GCF_000011565___1145,Negative,0.9878,0.0,0.9878,0.0122,72
GCF_000011565___1146,Negative,0.8571,0.0002,0.1427,0.8571,87
GCF_000011565___1147,Negative,0.8359,0.0282,0.1359,0.8359,180
GCF_000011565___1148,Negative,0.8731,0.0006,0.8731,0.1263,179
GCF_000011565___1149,Negative,0.9973,1e-04,0.9973,0.0027,154
GCF_000011565___1150,Negative,0.9779,1e-04,0.9779,0.022,79
GCF_000011565___1151,Negative,0.9415,0.0008,0.9415,0.0577,313
GCF_000011565___1152,Negative,0.9979,0.0,0.9979,0.0021,303
GCF_000011565___1153,Negative,0.9601,0.0014,0.9601,0.0385,41
GCF_000011565___1154,Negative,0.5501,0.0,0.5501,0.4499,290
GCF_000011565___1155,Negative,0.1999,0.0012,0.1999,0.7989,369
GCF_000011565___1156,Negative,0.9514,0.0,0.9514,0.0485,91
GCF_000011565___1157,Negative,0.9883,1e-04,0.9883,0.0115,235
GCF_000011565___1158,Negative,0.9317,0.0,0.9317,0.0683,262
GCF_000011565___1159,Negative,0.9795,0.0,0.9795,0.0205,292
GCF_000011565___1160,Negative,0.9922,0.0034,0.9922,0.0043,185
GCF_000011565___1161,Negative,0.9831,1e-04,0.9831,0.0168,54
GCF_000011565___1162,Negative,0.3822,0.0003,0.3822,0.6175,159
GCF_000011565___1163,Negative,0.982,1e-04,0.982,0.0179,237
GCF_000011565___1164,Negative,0.9941,0.0,0.9941,0.0059,269
GCF_000011565___1165,Negative,0.7352,0.2631,0.7352,0.0017,646
GCF_000011565___1166,Negative,0.9924,0.0,0.9924,0.0076,316
GCF_000011565___1167,Negative,0.5227,0.0015,0.5227,0.4758,325
GCF_000011565___1168,Negative,0.9835,1e-04,0.0164,0.9835,516
GCF_000011565___1169,Negative,0.9778,0.0,0.9778,0.0222,111
GCF_000011565___1170,Negative,0.994,0.0,0.994,0.006,425
GCF_000011565___1171,Negative,0.9744,0.0,0.9744,0.0256,130
GCF_000011565___1172,Inc-protein,0.9669,0.9669,0.0225,0.0106,208
GCF_000011565___1173,Negative,0.997,0.0,0.997,0.003,251
GCF_000011565___1174,Negative,0.3512,0.0042,0.3512,0.6446,284
GCF_000011565___1175,Negative,0.9994,0.0,0.9994,0.0006,232
GCF_000011565___1176,Negative,0.9985,0.0,0.9985,0.0015,137
GCF_000011565___1177,Negative,0.9929,0.0,0.9929,0.0071,97
GCF_000011565___1178,Negative,0.933,0.0,0.933,0.067,607
GCF_000011565___1179,Negative,0.9922,0.0,0.9922,0.0078,106
GCF_000011565___1180,Negative,0.9995,0.0,0.9995,0.0005,540
GCF_000011565___1181,Negative,0.9929,0.0,0.9929,0.0071,312
GCF_000011565___1182,Negative,0.9965,0.0,0.9965,0.0035,358
GCF_000011565___1183,Negative,0.7367,0.003,0.7367,0.2603,406
GCF_000011565___1184,Negative,0.5134,0.031,0.5134,0.4556,547
GCF_000011565___1185,Inc-protein,0.9828,0.9828,0.0136,0.0035,140
GCF_000011565___1186,Inc-protein,0.9777,0.9777,0.0035,0.0188,139
GCF_000011565___1187,Negative,0.9808,0.0191,0.9808,1e-04,154
GCF_000011565___1188,Negative,0.9987,0.0013,0.9987,0.0,295
GCF_000011565___1189,Negative,0.9981,0.0019,0.9981,0.0,653
GCF_000011565___1190,Negative,0.9973,0.0027,0.9973,0.0,211
GCF_000011565___1191,Negative,0.9792,0.0208,0.9792,0.0,120
GCF_000011565___1192,Negative,0.9955,0.0045,0.9955,0.0,283
GCF_000011565___1193,Negative,0.9999,0.0,1e-04,0.9999,1689
GCF_000011565___1194,Negative,0.9996,0.0,0.9996,0.0004,61
GCF_000011565___1195,Negative,0.9905,1e-04,0.9905,0.0094,102
GCF_000011565___1196,Negative,0.9778,0.0019,0.0204,0.9778,710
GCF_000011565___1197,Negative,0.9931,0.0,0.9931,0.0068,119
GCF_000011565___1198,Negative,0.9752,0.0,0.9752,0.0248,110
GCF_000011565___1199,Negative,0.9429,0.0,0.9429,0.057,236
GCF_000011565___1200,Negative,0.9828,0.0004,0.9828,0.0168,150
GCF_000011565___1201,Negative,0.952,0.0002,0.952,0.0478,160
GCF_000011565___1202,Negative,0.6052,1e-04,0.6052,0.3947,260
GCF_000011565___1203,Negative,0.9843,0.0,0.9843,0.0157,238
GCF_000011565___1204,Negative,0.819,0.0003,0.819,0.1807,77
GCF_000011565___1205,Negative,0.9996,0.0,0.0003,0.9996,467
GCF_000011565___1206,Negative,0.9998,0.0002,0.0,0.9998,781
GCF_000011565___1207,Negative,0.9999,0.0,0.9999,1e-04,57
GCF_000011565___1208,Negative,0.9252,0.0007,0.0741,0.9252,276
GCF_000011565___1209,Negative,0.9298,1e-04,0.0701,0.9298,369
GCF_000011565___1210,Negative,0.8864,0.0018,0.8864,0.1118,141
GCF_000011565___1211,Negative,0.9892,1e-04,0.9892,0.0107,126
GCF_000011565___1212,Negative,0.9899,0.0097,0.9899,0.0004,383
GCF_000011565___1213,Negative,0.9245,0.0002,0.9245,0.0753,229
GCF_000011565___1214,Negative,0.9962,1e-04,0.9962,0.0038,354
GCF_000011565___1215,Negative,0.7586,0.0026,0.7586,0.2388,486
GCF_000011565___1216,Negative,0.9761,0.0238,0.9761,0.0,435
GCF_000011565___1217,Negative,0.9837,0.0,0.9837,0.0163,847
GCF_000011565___1218,Negative,0.7773,0.0,0.7773,0.2227,34
GCF_000011565___1219,Negative,0.9772,0.0016,0.0213,0.9772,240
GCF_000011565___1220,Negative,1.0,0.0,0.0,1.0,314
GCF_000011565___1221,Negative,0.9737,0.0,0.9737,0.0263,745
GCF_000011565___1222,Negative,0.9657,0.0,0.9657,0.0342,475
GCF_000011565___1223,Negative,0.9931,0.0054,0.9931,0.0015,69
GCF_000011565___1224,Negative,0.9726,0.0,0.9726,0.0273,526
GCF_000011565___1225,Negative,0.9285,0.0715,0.9285,0.0,91
GCF_000011565___1226,Negative,0.9974,0.001,0.0016,0.9974,421
GCF_000011565___1227,Negative,0.9997,0.0,0.0003,0.9997,354
GCF_000011565___1228,Negative,0.9721,1e-04,0.0278,0.9721,435
GCF_000011565___1229,Negative,0.4228,0.0013,0.4228,0.5759,83
GCF_000011565___1230,Negative,0.9822,0.0,0.9822,0.0178,478
GCF_000011565___1231,Negative,0.9434,1e-04,0.9434,0.0565,905
GCF_000011565___1232,Negative,0.9407,0.0,0.9407,0.0593,140
GCF_000011565___1233,Negative,0.9939,0.0,0.9939,0.006,415
GCF_000011565___1234,Negative,0.9968,0.0,0.9968,0.0032,126
GCF_000011565___1235,Negative,0.8916,0.0,0.8916,0.1084,725
GCF_000011565___1236,Negative,0.988,1e-04,0.988,0.0119,213
GCF_000011565___1237,Negative,0.9998,1e-04,1e-04,0.9998,573
GCF_000011565___1238,Negative,0.9596,0.0002,0.9596,0.0402,347
GCF_000011565___1239,Negative,0.9979,0.0,0.9979,0.0021,117
GCF_000011565___1240,Negative,0.9856,0.0,0.9856,0.0144,937
GCF_000011565___1241,Negative,0.9937,0.0014,0.9937,0.0049,287
GCF_000011565___1242,Negative,0.9924,0.0,0.9924,0.0076,454
GCF_000011565___1243,Negative,0.9528,0.0002,0.9528,0.0469,376
GCF_000011565___1244,Negative,0.9986,0.0014,0.9986,0.0,369
GCF_000011565___1245,Negative,0.9941,1e-04,0.9941,0.0058,244
GCF_000011565___1246,Negative,0.9926,0.0,0.9926,0.0074,444
GCF_000011565___1247,Negative,0.9799,0.0197,0.9799,0.0004,410
GCF_000011565___1248,Negative,0.7421,1e-04,0.7421,0.2578,445
GCF_000011565___1249,Negative,0.8469,0.0103,0.8469,0.1428,78
GCF_000011565___1250,Negative,0.8856,0.1143,0.8856,1e-04,381
GCF_000011565___1251,Negative,0.9987,0.0,0.0013,0.9987,642
GCF_000011565___1252,Negative,0.9982,0.0,0.9982,0.0018,271
GCF_000011565___1253,Negative,0.8313,1e-04,0.8313,0.1686,65
GCF_000011565___1254,Negative,0.9939,0.0,0.9939,0.0061,534
GCF_000011565___1255,Negative,0.2837,0.0011,0.2837,0.7152,55
GCF_000011565___1256,Negative,0.997,0.0029,0.997,1e-04,466
GCF_000011565___1257,Negative,0.9928,0.0,0.9928,0.0072,148
GCF_000011565___1258,Negative,0.9999,0.0,0.9999,1e-04,30
GCF_000011565___1259,Negative,0.9869,0.0,0.9869,0.0131,592
GCF_000011565___1260,Negative,0.6957,0.0005,0.6957,0.3038,275
GCF_000011565___1261,Negative,0.9982,0.0,0.9982,0.0017,351
GCF_000011565___1262,Negative,0.9723,0.0,0.9723,0.0277,407
GCF_000011565___1263,Negative,0.9923,0.0002,0.9923,0.0075,269
GCF_000011565___1264,Negative,0.9567,0.0396,0.9567,0.0037,722
GCF_000011565___1265,Negative,0.9961,0.0037,0.9961,0.0003,225
GCF_000011565___1266,Negative,0.9697,1e-04,0.9697,0.0302,206
GCF_000011565___1267,Negative,0.9806,0.0194,0.9806,0.0,287
GCF_000011565___1268,Negative,0.9985,0.0015,0.9985,0.0,35
GCF_000011565___1269,Negative,0.9216,1e-04,0.9216,0.0783,991
GCF_000011565___1270,Negative,0.9511,0.0008,0.0481,0.9511,659
GCF_000011565___1271,Negative,0.9782,0.021,0.0007,0.9782,414
GCF_000011565___1272,Negative,0.858,0.0029,0.858,0.1391,96
GCF_000011565___1273,Negative,0.9985,1e-04,0.9985,0.0014,73
GCF_000011565___1274,Negative,0.9886,0.0004,0.011,0.9886,708
GCF_000011565___1275,Negative,0.9171,1e-04,0.9171,0.0828,141
GCF_000011565___1276,Negative,0.9983,0.0003,0.0014,0.9983,731
GCF_000011565___1277,Negative,0.994,1e-04,0.994,0.0059,91
GCF_000011565___1278,Negative,0.993,1e-04,0.993,0.007,100
GCF_000011565___1279,Negative,0.9994,0.0003,0.0003,0.9994,1082
GCF_000011565___1280,Negative,0.3559,0.0397,0.3559,0.6045,93
GCF_000011565___1281,Negative,0.8142,0.0,0.8142,0.1858,51
GCF_000011565___1282,Negative,0.9751,0.0,0.9751,0.0249,225
GCF_000011565___1283,Negative,0.2281,0.0002,0.2281,0.7717,391
GCF_000011565___1284,Negative,0.9957,0.0,0.9957,0.0043,43
GCF_000011565___1285,Negative,0.934,0.0,0.934,0.0659,329
GCF_000011565___1286,Negative,0.9853,0.0,0.9853,0.0147,480
GCF_000011565___1287,Inc-protein,0.9996,0.9996,0.0,0.0004,287
GCF_000011565___1288,Negative,0.9787,1e-04,0.9787,0.0212,484
GCF_000011565___1289,Negative,0.9997,0.0003,0.0,0.9997,589
GCF_000011565___1290,Negative,0.8256,0.002,0.8256,0.1724,352
GCF_000011565___1291,Negative,0.2614,0.0014,0.2614,0.7372,199
GCF_000011565___1292,Negative,0.9315,0.0685,0.9315,0.0,381
GCF_000011565___1293,Negative,0.9991,0.0,0.9991,0.0009,301
GCF_000011565___1294,Negative,0.992,0.0,0.992,0.008,389
GCF_000011565___1295,Negative,0.9913,1e-04,0.9913,0.0086,309
GCF_000011565___1296,Negative,0.9965,0.0,0.9965,0.0035,192
GCF_000011565___1297,Negative,0.1142,0.7791,0.1142,0.1067,174
GCF_000011565___1298,Negative,0.9973,0.0,0.9973,0.0027,322
GCF_000011565___1299,Negative,0.7078,0.0011,0.7078,0.2911,73
GCF_000011565___1300,Negative,0.9992,0.0007,0.9992,0.0,400
GCF_000011565___1301,Negative,0.9981,0.0,0.9981,0.0019,607
GCF_000011565___1302,Negative,0.9726,0.0,0.9726,0.0274,487
GCF_000011565___1303,Negative,0.7987,0.0,0.7987,0.2012,424
GCF_000011565___1304,Negative,0.4754,0.0011,0.4754,0.5234,269
GCF_000011565___1305,Negative,0.9836,1e-04,0.9836,0.0163,241
GCF_000011565___1306,Negative,0.9886,0.0114,0.9886,0.0,227
GCF_000011565___1307,Negative,0.985,0.0,0.985,0.015,389
GCF_000011565___1308,Negative,0.9944,0.0003,0.9944,0.0052,217
GCF_000011565___1309,Negative,0.986,0.0,0.986,0.014,342
GCF_000011565___1310,Negative,0.9988,0.0,0.9988,0.0012,60
GCF_000011565___1311,Negative,0.9918,0.0,0.9918,0.0081,158
GCF_000011565___1312,Negative,0.9942,0.0,0.9942,0.0058,512
GCF_000011565___1313,Negative,0.9968,0.0,0.9968,0.0031,330
GCF_000011565___1314,Negative,0.8562,0.0035,0.8562,0.1403,85
GCF_000011565___1315,Negative,0.6204,0.0008,0.6204,0.3788,252
GCF_000011565___1316,Negative,0.9999,1e-04,0.9999,0.0,313
GCF_000011565___1317,Negative,0.9178,0.0024,0.0798,0.9178,106
GCF_000011565___1318,Negative,0.9138,1e-04,0.9138,0.0861,292
GCF_000011565___1319,Negative,0.9993,0.0,0.9993,0.0007,507
GCF_000011565___1320,Negative,0.9622,0.0,0.9622,0.0378,276
GCF_000011565___1321,Inc-protein,0.9874,0.9874,0.0099,0.0028,163
GCF_000011565___1322,Negative,0.9729,0.0,0.9729,0.0271,464
GCF_000011565___1323,Negative,0.9982,0.0,0.9982,0.0017,245
GCF_000011565___1324,Negative,0.7081,0.0002,0.7081,0.2917,235
GCF_000011565___1325,Negative,0.91,0.0,0.91,0.0899,170
GCF_000011565___1326,Negative,0.9996,0.0,0.9996,0.0004,340
GCF_000011565___1327,Negative,0.9942,0.0057,0.9942,1e-04,307
GCF_000011565___1328,Negative,0.9863,0.0137,0.9863,0.0,607
GCF_000011565___1329,Negative,0.9472,0.0023,0.9472,0.0505,95
GCF_000011565___1330,Negative,0.8582,1e-04,0.8582,0.1417,174
GCF_000011565___1331,Negative,0.9629,0.0,0.9629,0.0371,178
GCF_000011565___1332,Negative,0.9701,0.0002,0.9701,0.0297,201
GCF_000011565___1333,Negative,0.9996,0.0,0.9996,0.0004,188
GCF_000011565___1334,Negative,0.9949,0.0003,0.0049,0.9949,1764
GCF_000011565___1335,Negative,0.3489,0.0004,0.3489,0.6508,44
GCF_000011565___1336,Negative,0.8085,0.1876,0.8085,0.0039,489
GCF_000011565___1337,Negative,0.8709,0.0003,0.8709,0.1288,115
GCF_000011565___1338,Negative,0.6718,0.0005,0.6718,0.3277,223
GCF_000011565___1339,Negative,0.9975,0.0002,0.0023,0.9975,815
GCF_000011565___1340,Negative,0.9999,0.0,1e-04,0.9999,455
GCF_000011565___1341,Negative,0.9984,0.0,0.9984,0.0016,773
GCF_000011565___1342,Negative,0.9927,0.0,0.9927,0.0072,323
GCF_000011565___1343,Negative,0.9797,0.0011,0.9797,0.0192,54
GCF_000011565___1344,Negative,0.983,0.0,0.983,0.017,75
GCF_000011565___1345,Negative,0.9976,0.0004,0.9976,0.002,145
GCF_000011565___1346,Negative,0.9995,0.0,0.0005,0.9995,469
GCF_000011565___1347,Negative,0.9999,1e-04,0.0,0.9999,850
GCF_000011565___1348,Negative,0.9093,0.0056,0.9093,0.0852,64
GCF_000011565___1349,Negative,0.9788,0.0031,0.0181,0.9788,144
GCF_000011565___1350,Negative,0.7838,0.0,0.7838,0.2162,721
GCF_000011565___1351,Negative,0.3957,0.0,0.3957,0.6043,943
GCF_000011565___1352,Negative,0.8504,0.0,0.8504,0.1496,631
GCF_000011565___1353,Negative,0.9754,0.0,0.9754,0.0246,395
GCF_000011565___1354,Negative,0.9995,0.0004,0.0002,0.9995,1125
GCF_000011565___1355,Negative,0.9884,0.0,0.9884,0.0116,441
GCF_000011565___1356,Negative,0.9814,0.0,0.9814,0.0186,424
GCF_000011565___1357,Negative,0.9939,0.0,0.9939,0.0061,206
GCF_000011565___1358,Negative,0.9997,0.0,0.9997,0.0003,82
GCF_000011565___1359,Negative,0.8369,1e-04,0.8369,0.163,374
GCF_000011565___1360,Negative,0.908,0.0037,0.908,0.0883,58
GCF_000011565___1361,Negative,0.6697,0.0031,0.6697,0.3272,482
GCF_000011565___1362,Negative,0.9929,0.0,0.9929,0.0071,591
GCF_000011565___1363,Negative,0.9994,0.0,0.9994,0.0006,363
GCF_000011565___1364,Negative,0.97,0.0,0.97,0.0299,1161
GCF_000011565___1365,Negative,0.5169,0.0002,0.5169,0.4829,435
GCF_000011565___1366,Negative,0.9996,0.0,0.9996,0.0004,207
GCF_000011565___1367,Negative,0.9988,0.0,0.9988,0.0012,413
GCF_000011565___1368,Negative,0.9392,1e-04,0.0607,0.9392,297
GCF_000011565___1369,Negative,0.8406,1e-04,0.1594,0.8406,307
GCF_000011565___1370,Negative,0.9988,0.0005,0.0007,0.9988,867
GCF_000011565___1371,Negative,0.2683,0.0025,0.2683,0.7292,412
GCF_000011565___1372,Negative,0.8651,0.0032,0.1317,0.8651,480
GCF_000011565___1373,Negative,0.9297,0.0018,0.0685,0.9297,433
GCF_000011565___1374,Negative,0.9517,0.0,0.9517,0.0483,190
GCF_000011565___1375,Negative,0.0756,0.1353,0.0756,0.7891,749
GCF_000011565___1376,Negative,0.9814,0.0,0.9814,0.0186,197
GCF_000011565___1377,Negative,0.9948,0.0,0.0052,0.9948,224
GCF_000011565___1378,Negative,0.998,0.0014,0.0006,0.998,319
GCF_000011565___1379,Negative,0.001,0.4586,0.001,0.5404,360
GCF_000011565___1380,Negative,0.66,0.0002,0.66,0.3398,128
GCF_000011565___1381,Negative,0.8222,0.0058,0.8222,0.172,620
GCF_000011565___1382,Negative,0.9362,0.016,0.0477,0.9362,80
GCF_000011565___1383,Negative,0.8257,0.0011,0.1732,0.8257,153
GCF_000011565___1384,Negative,0.9392,0.0,0.9392,0.0608,222
GCF_000011565___1385,Negative,0.8947,0.0018,0.8947,0.1035,92
GCF_000011565___1386,Negative,0.9975,0.0007,0.0018,0.9975,283
GCF_000011565___1387,Negative,0.984,0.0,0.984,0.016,438
GCF_000011565___1388,Negative,0.9193,0.0037,0.9193,0.0769,165
GCF_000011565___1389,Negative,0.9993,0.0,0.0007,0.9993,330
GCF_000011565___1390,Negative,0.8009,0.0002,0.1989,0.8009,445
GCF_000011565___1391,Negative,0.9773,0.0,0.0227,0.9773,529
GCF_000011565___1392,Negative,0.9982,0.0,0.9982,0.0018,143
GCF_000011565___1393,Negative,0.9933,1e-04,0.9933,0.0066,122
GCF_000011565___1394,Negative,0.9698,1e-04,0.9698,0.0301,51
GCF_000011565___1395,Negative,0.1989,0.0016,0.1989,0.7995,136
GCF_000011565___1396,Negative,0.9886,0.0,0.9886,0.0114,290
GCF_000011565___1397,Negative,0.932,1e-04,0.932,0.0679,106
GCF_000011565___1398,Negative,0.7277,0.0004,0.7277,0.2719,98
GCF_000011565___1399,Negative,0.8657,0.0104,0.8657,0.1239,122
GCF_000011565___1400,Negative,0.6188,1e-04,0.6188,0.3811,184
GCF_000011565___1401,Negative,0.993,0.0,0.993,0.007,372
GCF_000011565___1402,Negative,0.9968,0.0,0.9968,0.0031,66
GCF_000011565___1403,Negative,0.5772,0.0018,0.5772,0.421,67
GCF_000011565___1404,Negative,0.9769,1e-04,0.9769,0.0231,99
GCF_000011565___1405,Negative,0.8387,0.0,0.1612,0.8387,104
GCF_000011565___1406,Negative,0.9965,0.0008,0.0027,0.9965,498
GCF_000011565___1407,Negative,1.0,0.0,0.0,1.0,490
GCF_000011565___1408,Negative,0.8323,1e-04,0.1676,0.8323,367
GCF_000011565___1409,Negative,0.6704,0.0005,0.6704,0.329,275
GCF_000011565___1410,Negative,0.9995,1e-04,0.0004,0.9995,134
GCF_000011565___1411,Negative,0.9991,0.0003,0.9991,0.0006,46
GCF_000011565___1412,Negative,0.9977,0.0019,0.9977,0.0004,105
GCF_000011565___1413,Negative,0.866,0.134,0.866,0.0,101
GCF_000011565___1414,Negative,0.9997,0.0002,0.9997,1e-04,189
GCF_000011565___1415,Negative,0.9404,0.0,0.9404,0.0596,230
GCF_000011565___1416,Negative,0.9977,0.0016,0.9977,0.0007,434
GCF_000011565___1417,Negative,0.971,0.0009,0.971,0.0281,102
GCF_000011565___1418,Negative,0.8309,0.0015,0.1676,0.8309,164
GCF_000011565___1419,Negative,0.9999,0.0,0.9999,1e-04,170
GCF_000011565___1420,Negative,0.9025,0.0003,0.9025,0.0972,123
GCF_000011565___1421,Negative,0.957,0.0,0.957,0.043,124
GCF_000011565___1422,Negative,0.9199,0.0002,0.9199,0.0799,828
GCF_000011565___1423,Negative,0.9867,0.0004,0.9867,0.0129,160
GCF_000011565___1424,Negative,0.9587,0.0,0.9587,0.0412,210
GCF_000011565___1425,Negative,0.9707,0.0,0.9707,0.0292,207
GCF_000011565___1426,Negative,0.9169,0.0003,0.9169,0.0828,311
GCF_000011565___1427,Negative,0.9868,0.0009,0.0123,0.9868,238
GCF_000011565___1428,Negative,0.9994,0.0,0.9994,0.0006,215
GCF_000011565___1429,Negative,0.8348,0.0,0.8348,0.1652,263
GCF_000011565___1430,Negative,0.9668,0.0,0.9668,0.0332,452
GCF_000011565___1431,Negative,0.9976,0.0005,0.9976,0.0019,927
GCF_000011565___1432,Negative,0.9501,0.048,0.9501,0.0019,556
GCF_000011565___1433,Negative,0.9388,0.0024,0.9388,0.0588,117
GCF_000011565___1434,Negative,0.9947,0.0002,0.9947,0.0051,118
GCF_000011565___1435,Negative,0.9473,0.0003,0.9473,0.0524,80
GCF_000011565___1436,Negative,0.9405,0.0,0.9405,0.0595,89
GCF_000011565___1437,Negative,0.9965,1e-04,0.9965,0.0034,270
GCF_000011565___1438,Negative,0.9652,0.0009,0.9652,0.034,44
GCF_000011565___1439,Negative,0.9771,1e-04,0.9771,0.0228,110
GCF_000011565___1440,Negative,0.9782,0.0019,0.0199,0.9782,257
GCF_000011565___1441,Negative,0.9995,0.0005,0.0,0.9995,697
GCF_000011565___1442,Negative,0.9938,0.0007,0.9938,0.0056,64
GCF_000011565___1443,Negative,0.736,0.2638,0.736,0.0002,111
GCF_000011565___1444,Negative,0.2051,0.0118,0.2051,0.7831,344
GCF_000011565___1445,Negative,0.9998,0.0,0.9998,0.0002,45
GCF_000011565___1446,Negative,0.9956,1e-04,0.9956,0.0043,107
GCF_000011565___1447,Negative,0.9925,0.0,0.9925,0.0075,63
GCF_000011565___1448,Negative,0.9938,0.0003,0.0059,0.9938,1866
GCF_000011565___1449,Negative,0.989,0.0,0.989,0.011,125
GCF_000011565___1450,Negative,0.9912,0.0,0.9912,0.0088,76
GCF_000011565___1451,Negative,0.9774,0.0,0.0226,0.9774,61
GCF_000011565___1452,Negative,0.2247,0.0512,0.2247,0.7241,241
GCF_000011565___1453,Negative,0.9914,0.0045,0.9914,0.0041,66
GCF_000011565___1454,Negative,0.989,0.0,0.989,0.011,53
GCF_000011565___1455,Negative,0.9987,0.0,0.9987,0.0012,104
GCF_000011565___1456,Negative,0.9933,0.0004,0.0064,0.9933,870
GCF_000011565___1457,Negative,0.6957,0.0005,0.6957,0.3038,275
GCF_000011565___1458,Negative,0.9948,1e-04,0.0051,0.9948,207
GCF_000011565___1459,Negative,0.9995,0.0005,0.0,0.9995,700
GCF_000011565___1460,Negative,0.4228,0.0085,0.4228,0.5687,129
GCF_000011565___1461,Negative,0.9678,0.0322,0.9678,0.0,54
GCF_000011565___1462,Negative,0.9992,0.0,0.9992,0.0008,185
GCF_000011565___1463,Negative,0.9984,0.0,0.9984,0.0016,139
GCF_000011565___1464,Negative,0.9565,1e-04,0.9565,0.0434,79
GCF_000011565___1465,Negative,0.9944,1e-04,0.9944,0.0055,125
GCF_000011565___1466,Negative,0.9604,0.0152,0.9604,0.0244,48
GCF_000011565___1467,Negative,0.7003,0.0024,0.7003,0.2973,983
GCF_000011565___1468,Negative,0.7738,0.0346,0.7738,0.1917,322
GCF_000011565___1469,Negative,0.9557,0.0003,0.9557,0.0441,117
GCF_000011565___1470,Negative,0.9556,0.0427,0.9556,0.0017,640
GCF_000011565___1471,Negative,0.996,0.0,0.996,0.004,487
GCF_000011565___1472,Negative,0.0011,0.4928,0.0011,0.5061,304
GCF_000011565___1473,Negative,0.9689,0.0306,0.9689,0.0005,342
GCF_000011565___1474,Negative,0.8204,0.0,0.1796,0.8204,1256
GCF_000011565___1475,Negative,0.9834,0.0,0.9834,0.0166,926
GCF_000011565___1476,Negative,0.9969,0.0,0.9969,0.0031,370
GCF_000011565___1477,Negative,0.6542,0.0,0.6542,0.3457,1179
GCF_000011565___1478,Negative,0.9907,1e-04,0.9907,0.0092,426
GCF_000011565___1479,Negative,0.838,1e-04,0.838,0.1619,317
GCF_000011565___1480,Negative,0.9913,0.0,0.9913,0.0087,434
GCF_000011565___1481,Negative,0.9885,0.0068,0.0048,0.9885,455
GCF_000011565___1482,Negative,0.9138,1e-04,0.9138,0.0861,292
GCF_000011565___1483,Negative,0.9663,0.0005,0.0331,0.9663,562
GCF_000011565___1484,Negative,0.9433,0.0,0.9433,0.0567,1022
GCF_000011565___1485,Negative,0.8699,0.0,0.8699,0.1301,385
GCF_000011565___1486,Negative,0.9582,0.0004,0.9582,0.0414,211
GCF_000011565___1487,Negative,0.9994,0.0,0.9994,0.0006,652
GCF_000011565___1488,Negative,0.9699,0.0011,0.0289,0.9699,233
GCF_000011565___1489,Negative,0.8844,1e-04,0.8844,0.1155,267
GCF_000011565___1490,Negative,0.6944,0.002,0.6944,0.3036,527
GCF_000011565___1491,Negative,0.9995,0.0005,0.9995,0.0,311
GCF_000011565___1492,Negative,0.9833,0.0164,0.9833,0.0003,300
GCF_000011565___1493,Negative,0.9997,0.0,0.9997,0.0003,328
GCF_000011565___1494,Negative,0.993,0.0,0.993,0.007,313
GCF_000011565___1495,Negative,0.9843,0.0006,0.0151,0.9843,626
GCF_000011565___1496,Negative,0.9941,0.0008,0.0051,0.9941,660
GCF_000011565___1497,Negative,0.8504,0.0043,0.8504,0.1453,108
GCF_000011565___1498,Negative,0.993,0.0005,0.0065,0.993,670
GCF_000011565___1499,Negative,0.9958,0.0,0.9958,0.0042,847
GCF_000011565___1500,Negative,0.6535,1e-04,0.6535,0.3464,457
GCF_000011565___1501,Negative,0.9998,0.0,0.9998,0.0002,360
GCF_000011565___1502,Negative,0.9995,0.0,0.9995,0.0005,673
GCF_000011565___1503,Negative,0.9979,0.0,0.9979,0.0021,103
GCF_000011565___1504,Negative,0.9972,0.0,0.9972,0.0028,90
GCF_000011565___1505,Negative,0.9975,0.0,0.0025,0.9975,794
GCF_000011565___1506,Negative,0.992,0.0,0.008,0.992,404
GCF_000011565___1507,Negative,0.5429,0.0004,0.5429,0.4567,410
GCF_000011565___1508,Negative,0.993,0.0005,0.993,0.0065,55
GCF_000011565___1509,Negative,0.9958,0.0,0.9958,0.0042,878
GCF_000011565___1510,Negative,0.7666,0.0003,0.7666,0.2331,271
GCF_000011565___1511,Negative,0.983,0.0,0.983,0.017,1125
GCF_000011565___1512,Negative,0.9977,0.0019,0.9977,0.0004,381
GCF_000011565___1513,Negative,0.6807,0.0,0.6807,0.3193,183
GCF_000011565___1514,Negative,0.9998,0.0002,0.0,0.9998,497
GCF_000011565___1515,Negative,0.9988,0.0,0.9988,0.0012,281
GCF_000011565___1516,Negative,0.4183,0.0002,0.4183,0.5815,80
GCF_000011565___1517,Negative,0.9996,0.0,0.9996,0.0004,190
GCF_000011565___1518,Negative,0.9983,0.0,0.9983,0.0017,300
GCF_000011565___1519,Negative,0.9853,0.0137,0.9853,0.0011,185
GCF_000011565___1520,Negative,0.9868,0.0132,0.9868,0.0,465
GCF_000011565___1521,Negative,0.9981,0.0,0.9981,0.0019,129
GCF_000011565___1522,Negative,0.9884,0.0,0.9884,0.0116,615
GCF_000011565___1523,Negative,0.512,0.0023,0.512,0.4857,433
GCF_000011565___1524,Negative,0.9352,0.0008,0.064,0.9352,269
GCF_000011565___1525,Inc-protein,0.9844,0.9844,0.0,0.0156,856
GCF_000011565___1526,Negative,0.8388,1e-04,0.8388,0.1611,176
GCF_000011565___1527,Negative,0.9979,0.0009,0.0012,0.9979,746
GCF_000011565___1528,Negative,0.9535,0.0457,0.9535,0.0008,132
GCF_000011565___1529,Negative,0.9697,0.0,0.9697,0.0303,475
GCF_000011565___1530,Negative,0.8342,1e-04,0.1657,0.8342,131
GCF_000011565___1531,Negative,0.9753,0.0003,0.0244,0.9753,896
GCF_000011565___1532,Negative,0.8632,0.1362,0.8632,0.0006,220
GCF_000011565___1533,Negative,0.9998,1e-04,0.9998,1e-04,146
GCF_000011565___1534,Negative,0.9443,0.0532,0.9443,0.0026,234
GCF_000011565___1535,Negative,0.7186,0.2813,0.7186,1e-04,82
GCF_000011565___1536,Negative,0.8087,0.1041,0.8087,0.0872,68
GCF_000011565___1537,Negative,0.9381,0.0065,0.0553,0.9381,122
GCF_000011565___1538,Negative,0.9954,0.0006,0.0039,0.9954,149
GCF_000011565___1539,Negative,0.9999,0.0,0.9999,1e-04,50
GCF_000011565___1540,Negative,0.253,1e-04,0.253,0.7469,278
GCF_000011565___1541,Negative,0.5408,0.0002,0.5408,0.459,186
GCF_000011565___1542,Negative,0.9573,0.0,0.9573,0.0427,956
GCF_000011565___1543,Negative,0.9982,0.0,0.9982,0.0017,347
GCF_000011565___1544,Inc-protein,0.8391,0.8391,0.0014,0.1596,646
GCF_000011565___1545,Negative,0.9953,0.0,0.9953,0.0047,515
GCF_000011565___1546,Negative,0.9048,0.0002,0.9048,0.095,91
GCF_000011565___1547,Negative,0.995,0.0002,0.995,0.0048,111
GCF_000011565___1548,Negative,0.5157,1e-04,0.5157,0.4841,109
GCF_000011565___1549,Negative,0.9174,0.0002,0.0824,0.9174,361
GCF_000011565___1550,Negative,0.9311,0.0405,0.0283,0.9311,61
GCF_000011565___1551,Negative,0.9785,0.0014,0.02,0.9785,1193
GCF_000011565___1552,Negative,0.9984,0.0,0.9984,0.0016,244
GCF_000011565___1553,Negative,0.99,0.0,0.99,0.01,225
GCF_000011565___1554,Negative,0.9676,0.0,0.9676,0.0323,639
GCF_000011565___1555,Negative,0.9657,0.0,0.9657,0.0343,190
GCF_000011565___1556,Negative,0.9959,0.0,0.9959,0.0041,920
GCF_000011565___1557,Negative,0.9118,0.0,0.9118,0.0882,488
GCF_000011565___1558,Negative,0.9551,0.0,0.9551,0.0449,599
GCF_000011565___1559,Negative,0.9997,0.0,0.9997,0.0003,533
GCF_000011565___1560,Negative,0.9601,0.0399,0.9601,0.0,186
GCF_000011565___1561,Negative,0.9154,0.007,0.0776,0.9154,136
GCF_000011565___1562,Negative,0.9787,0.0,0.9787,0.0213,265
GCF_000011565___1563,Negative,0.8424,0.0017,0.1559,0.8424,404
GCF_000011565___1564,Negative,0.9992,0.0,0.9992,0.0008,275
GCF_000011565___1565,Negative,0.9897,0.0,0.9897,0.0103,342
GCF_000011565___1566,Negative,0.9847,0.014,0.9847,0.0013,411
GCF_000011565___1567,Negative,0.8169,0.0026,0.8169,0.1806,301
GCF_000011565___1568,Negative,0.9253,0.0017,0.073,0.9253,275
GCF_000011565___1569,Negative,0.8664,0.0189,0.1147,0.8664,286
GCF_000011565___1570,Negative,0.9975,0.0,0.9975,0.0025,61
GCF_000011565___1571,Negative,0.9441,0.0002,0.9441,0.0557,77
GCF_000011565___1572,Negative,0.9894,0.0,0.9894,0.0106,453
GCF_000011565___1573,Negative,0.9989,0.0,0.9989,0.0011,328
GCF_000011565___1574,Negative,0.9958,0.0,0.9958,0.0042,277
GCF_000011565___1575,Negative,0.9961,0.0,0.9961,0.0039,161
GCF_000011565___1576,Negative,0.9998,0.0,0.9998,0.0002,86
GCF_000011565___1577,Negative,0.972,0.0,0.972,0.028,114
GCF_000011565___1578,Negative,0.9985,0.0,0.9985,0.0015,198
GCF_000011565___1579,Negative,0.9928,0.0,0.9928,0.0072,186
GCF_000011565___1580,Negative,0.9989,0.0,0.9989,0.0011,313
GCF_000011565___1581,Negative,0.8766,1e-04,0.8766,0.1234,500
GCF_000011565___1582,Negative,0.973,0.027,0.973,0.0,212
GCF_000011565___1583,Negative,0.9842,0.0157,0.9842,1e-04,453
GCF_000011565___1584,Negative,0.9209,0.0,0.9209,0.0791,154
GCF_000011565___1585,Negative,0.5272,0.001,0.5272,0.4718,207
GCF_000011565___1586,Negative,0.9833,0.0,0.9833,0.0167,668
GCF_000011565___1587,Negative,0.9604,0.0396,0.0,0.9604,579
GCF_000011565___1588,Negative,0.9319,1e-04,0.9319,0.068,111
GCF_000011565___1589,Negative,1.0,0.0,1.0,0.0,45
GCF_000011565___1590,Negative,0.999,0.0,0.999,0.001,45
GCF_000011565___1591,Negative,0.9982,0.0,0.9982,0.0018,101
GCF_000011565___1592,Negative,0.5958,0.4014,0.5958,0.0028,158
GCF_000011565___1593,Negative,0.9406,0.0003,0.9406,0.0591,159
GCF_000011565___1594,Negative,0.4452,0.5547,0.4452,1e-04,180
GCF_000011565___1595,Negative,0.997,1e-04,0.0029,0.997,1594
GCF_000011565___1596,Negative,0.9998,1e-04,1e-04,0.9998,503
GCF_000011565___1597,Negative,0.9989,0.0,0.9989,0.0011,70
GCF_000011565___1598,Negative,0.9917,0.0003,0.008,0.9917,813
GCF_000011565___1599,Negative,0.9998,0.0002,0.0,0.9998,926
GCF_000011565___1600,Negative,0.9916,0.0,0.9916,0.0084,44
GCF_000011565___1601,Negative,0.9826,0.0012,0.9826,0.0162,70
GCF_000011565___1602,Negative,0.9957,0.0,0.9957,0.0043,210
GCF_000011565___1603,Negative,0.9975,0.0,0.9975,0.0025,193
GCF_000011565___1604,Negative,0.0248,0.5322,0.0248,0.443,100
GCF_000011565___1605,Negative,0.9041,1e-04,0.9041,0.0958,182
GCF_000011565___1606,Negative,0.9995,0.0,0.9995,0.0005,293
GCF_000011565___1607,Negative,0.9831,0.0,0.9831,0.0168,280
GCF_000011565___1608,Negative,0.9732,0.0,0.9732,0.0267,410
GCF_000011565___1609,Inc-protein,0.8824,0.8824,0.1157,0.0019,153
GCF_000011565___1610,Inc-protein,0.9956,0.9956,0.0004,0.004,184
GCF_000011565___1611,Negative,0.999,0.001,0.999,0.0,343
GCF_000011565___1612,Negative,0.9985,0.0015,0.9985,0.0,465
GCF_000011565___1613,Negative,0.9985,0.0,0.9985,0.0014,264
GCF_000011565___1614,Negative,0.7446,0.2549,0.7446,0.0005,458
GCF_000011565___1615,Negative,0.9249,0.0,0.9249,0.0751,240
GCF_000011565___1616,Negative,0.9999,0.0,1e-04,0.9999,930
GCF_000011565___1617,Negative,0.9964,0.0,0.9964,0.0036,598
GCF_000011565___1618,Negative,0.8137,0.0003,0.8137,0.1859,150
GCF_000011565___1619,Negative,0.855,0.0007,0.1443,0.855,92
GCF_000011565___1620,Negative,0.9994,0.0004,0.0002,0.9994,1533
GCF_000011565___1621,Negative,0.5744,0.0012,0.5744,0.4244,96
GCF_000011565___1622,Negative,0.9948,0.0046,0.9948,0.0006,38
GCF_000011565___1623,Negative,0.9989,0.0,0.9989,0.0011,1899
GCF_000011565___1624,Negative,0.7712,0.2281,0.7712,0.0007,418
GCF_000011565___1625,Negative,0.9996,0.0,0.0003,0.9996,233
GCF_000011565___1626,Negative,0.8558,0.1441,0.8558,1e-04,113
GCF_000011565___1627,Negative,0.9812,0.0083,0.9812,0.0105,62
GCF_000011565___1628,Negative,0.9346,0.0,0.0654,0.9346,982
GCF_000011565___1629,Negative,0.905,1e-04,0.905,0.0949,187
GCF_000011565___1630,Negative,0.9883,1e-04,0.9883,0.0116,55
GCF_000011565___1631,Negative,0.9954,1e-04,0.0045,0.9954,521
GCF_000011565___1632,Negative,0.9969,0.003,1e-04,0.9969,296
GCF_000011565___1633,Negative,0.9927,1e-04,0.9927,0.0072,949
GCF_000011565___1634,Negative,0.9912,0.0,0.0087,0.9912,1103
GCF_000011565___1635,Negative,0.9992,0.0008,0.9992,0.0,465
GCF_000011565___1636,Negative,0.997,0.003,0.997,1e-04,464
GCF_000011565___1637,Negative,0.9407,0.0,0.9407,0.0593,363
GCF_000011565___1638,Negative,0.9492,0.0026,0.0482,0.9492,177
GCF_000011565___1639,Negative,0.9967,0.0,0.9967,0.0033,463
GCF_000011565___1640,Negative,0.6232,0.3022,0.6232,0.0747,323
GCF_000011565___1641,Negative,0.9254,1e-04,0.9254,0.0745,312
GCF_000011565___1642,Negative,0.8971,0.0005,0.8971,0.1025,110
GCF_000011565___1643,Negative,0.9562,0.001,0.0427,0.9562,559
GCF_000011565___1644,Negative,0.9879,0.0,0.9879,0.012,147
GCF_000011565___1645,Negative,0.999,0.0,0.999,0.001,464
GCF_000011565___1646,Negative,0.9791,1e-04,0.9791,0.0208,285
GCF_000011565___1647,Negative,0.9877,0.0,0.9877,0.0123,508
GCF_000011565___1648,Negative,0.7864,1e-04,0.7864,0.2136,181
GCF_000011565___1649,Negative,0.7627,0.2373,0.7627,0.0,160
GCF_000011565___1650,Negative,0.9911,0.0089,0.9911,0.0,77
GCF_000011565___1651,Negative,0.9972,0.0028,0.9972,0.0,271
GCF_000011565___1652,Negative,0.915,0.0843,0.915,0.0008,129
GCF_000011565___1653,Negative,0.9747,0.0253,0.9747,0.0,58
GCF_000011565___1654,Negative,0.9952,0.0047,0.9952,0.0,140
GCF_000011565___1655,Negative,0.9741,0.0255,0.9741,0.0004,638
GCF_000011565___1656,Negative,0.8596,0.0099,0.8596,0.1305,215
GCF_000011565___1657,Negative,0.9747,0.0,0.9747,0.0253,438
GCF_000011565___1658,Negative,0.9777,0.0,0.9777,0.0222,593
GCF_000011565___1659,Negative,0.9938,0.0002,0.0061,0.9938,259
GCF_000011565___1660,Negative,0.8555,1e-04,0.8555,0.1444,208
GCF_000011565___1661,Negative,0.8996,0.0007,0.0997,0.8996,271
GCF_000011565___1662,Negative,0.8936,0.0042,0.8936,0.1023,92
GCF_000011565___1663,Negative,0.2553,0.0032,0.2553,0.7415,169
GCF_000011565___1664,Negative,0.297,0.0229,0.297,0.6801,137
GCF_000011565___1665,Negative,0.952,0.0023,0.952,0.0457,85
GCF_000011565___1666,Negative,0.6957,0.0005,0.6957,0.3038,275
GCF_000011565___1667,Negative,0.9965,0.0014,0.0021,0.9965,591
GCF_000011565___1668,Negative,0.9653,0.0002,0.0345,0.9653,130
GCF_000011565___1669,Negative,0.9856,0.0,0.9856,0.0144,322
GCF_000011565___1670,Negative,0.9984,0.0013,0.0002,0.9984,437
GCF_000011565___1671,Negative,0.7744,0.001,0.7744,0.2246,313
GCF_000011565___1672,Negative,0.9992,1e-04,0.0007,0.9992,618
GCF_000011565___1673,Negative,0.9982,0.0,0.9982,0.0018,460
GCF_000011565___1674,Negative,0.9405,0.0,0.9405,0.0594,294
GCF_000011565___1675,Negative,0.9533,0.0466,0.9533,0.0,217
GCF_000011565___1676,Negative,0.9481,0.0513,0.9481,0.0005,172
GCF_000011565___1677,Negative,0.9845,1e-04,0.9845,0.0155,422
GCF_000011565___1678,Negative,0.9744,0.0019,0.0236,0.9744,167
GCF_000011565___1679,Negative,0.9937,0.0,0.9937,0.0062,292
GCF_000011565___1680,Negative,0.4461,0.0019,0.4461,0.552,357
GCF_000011565___1681,Negative,0.2423,0.003,0.2423,0.7547,82
GCF_000011565___1682,Negative,0.2292,1e-04,0.2292,0.7707,454
GCF_000011565___1683,Negative,0.9578,0.0,0.9578,0.0422,374
GCF_000011565___1684,Negative,0.798,1e-04,0.798,0.2019,359
GCF_000011565___1685,Negative,0.9821,0.0033,0.9821,0.0146,43
GCF_000011565___1686,Negative,0.9985,1e-04,0.9985,0.0014,153
GCF_000011565___1687,Negative,0.9805,1e-04,0.9805,0.0194,140
GCF_000011565___1688,Negative,0.4932,0.5061,0.4932,0.0006,163
GCF_000011565___1689,Negative,0.6053,0.3943,0.6053,0.0004,364
GCF_000011565___1690,Negative,0.9991,0.0,0.9991,0.0009,122
GCF_000011565___1691,Negative,0.9952,0.0008,0.9952,0.004,273
GCF_000011565___1692,Negative,0.9995,0.0,0.9995,0.0005,316
GCF_000011565___1693,Inc-protein,0.9947,0.9947,0.0029,0.0024,165
GCF_000011565___1694,Negative,0.9952,0.0048,0.9952,1e-04,476
GCF_000011565___1695,Negative,1.0,0.0,0.0,1.0,597
GCF_000011565___1696,Negative,0.8975,0.0,0.8975,0.1024,77
GCF_000011565___1697,Negative,0.9978,0.0,0.9978,0.0022,251
GCF_000011565___1698,Negative,0.9871,0.0,0.9871,0.0129,316
GCF_000011565___1699,Negative,0.9985,0.0,0.9985,0.0015,332
GCF_000011565___1700,Negative,0.9779,0.0221,0.9779,0.0,40
GCF_000011565___1701,Negative,0.9802,0.0179,0.9802,0.0018,78
GCF_000011565___1702,Negative,0.9988,0.0,0.9988,0.0012,60
GCF_000011565___1703,Negative,0.9925,1e-04,0.9925,0.0074,198
GCF_000011565___1704,Negative,0.9401,0.0008,0.9401,0.0591,815
GCF_000011565___1705,Negative,0.759,0.001,0.759,0.24,190
GCF_000011565___1706,Negative,0.8354,0.0002,0.8354,0.1644,349
GCF_000011565___1707,Negative,0.9957,0.002,0.0023,0.9957,486
GCF_000011565___1708,Inc-protein,0.9996,0.9996,0.0,0.0004,257
GCF_000011565___1709,Negative,0.9945,0.0,0.9945,0.0055,433
GCF_000011565___1710,Negative,0.9998,0.0,0.9998,0.0002,330
GCF_000011565___1711,Negative,0.9978,1e-04,0.9978,0.0021,357
GCF_000011565___1712,Negative,0.9962,0.0037,0.9962,0.0,419
GCF_000011565___1713,Negative,0.9977,0.0,0.9977,0.0023,229
GCF_000011565___1714,Negative,0.8156,0.0014,0.8156,0.183,157
GCF_000011565___1715,Negative,0.8449,0.155,0.8449,1e-04,342
GCF_000011565___1716,Negative,0.4594,0.5405,0.4594,1e-04,159
GCF_000011565___1717,Negative,0.9854,0.0145,0.9854,1e-04,721
GCF_000011565___1718,Negative,0.5171,0.007,0.5171,0.4759,140
GCF_000011565___1719,Inc-protein,0.9765,0.9765,0.0049,0.0186,200
GCF_000011565___1720,Negative,0.9997,1e-04,0.0003,0.9997,281
GCF_000011565___1721,Negative,0.9986,0.0,0.0014,0.9986,102
GCF_000011565___1722,Negative,0.989,0.0019,0.0091,0.989,91
GCF_000011565___1723,Negative,0.9999,0.0,1e-04,0.9999,277
GCF_000011565___1724,Negative,0.8342,0.0013,0.8342,0.1645,73
GCF_000011565___1725,Negative,0.9954,0.0,0.9954,0.0046,436
GCF_000011565___1726,Negative,0.991,0.001,0.991,0.0081,632
GCF_000011565___1727,Negative,0.9831,0.0023,0.9831,0.0146,1285
GCF_000011565___1728,Inc-protein,0.8097,0.8097,0.1355,0.0547,120
GCF_000011565___1729,Negative,0.9926,0.0073,0.9926,0.0002,263
GCF_000011565___1730,Negative,0.9976,0.0,0.9976,0.0023,258
GCF_000011565___1731,Negative,0.9985,0.0003,0.9985,0.0012,409
GCF_000011565___1732,Negative,0.9725,0.0008,0.9725,0.0267,189
GCF_000011565___1733,Negative,0.9969,0.0,0.9969,0.0031,129
GCF_000011565___1734,Negative,0.9998,0.0,0.9998,0.0002,143
GCF_000011565___1735,Negative,0.9954,0.0,0.9954,0.0046,438
GCF_000011565___1736,Negative,0.7729,0.0008,0.7729,0.2263,205
GCF_000011565___1737,Negative,0.9714,0.0,0.9714,0.0286,665
GCF_000011565___1738,Negative,0.9876,0.0,0.9876,0.0124,727
GCF_000011565___1739,Negative,0.8716,0.0051,0.1232,0.8716,359
GCF_000011565___1740,Negative,0.9915,0.0,0.9915,0.0085,434
GCF_000011565___1741,Negative,0.9998,0.0002,0.0,0.9998,2402
GCF_000011565___1742,Negative,0.9917,0.0,0.9917,0.0083,231
GCF_000011565___1743,Negative,0.9663,0.0,0.9663,0.0337,444
GCF_000011565___1744,Negative,0.996,0.0,0.996,0.004,249
GCF_000011565___1745,Negative,0.982,0.0149,0.982,0.003,166
GCF_000011565___1746,Negative,0.9125,0.0,0.9125,0.0875,334
GCF_000011565___1747,Inc-protein,0.927,0.927,0.0718,0.0012,273
GCF_000011565___1748,Negative,0.9942,0.0,0.9942,0.0058,386
GCF_000011565___1749,Negative,0.9973,0.0,0.9973,0.0027,330
GCF_000011565___1750,Negative,0.9942,0.0,0.9942,0.0058,297
GCF_000011565___1751,Negative,0.2135,0.0,0.2135,0.7864,273
GCF_000011565___1752,Negative,0.9381,0.0065,0.0553,0.9381,122
GCF_000011565___1753,Negative,0.9954,0.0006,0.0039,0.9954,149
GCF_000011565___1754,Negative,0.9995,0.0,0.9995,0.0005,50
GCF_000011565___1755,Negative,0.9028,0.0396,0.0575,0.9028,102
GCF_000011565___1756,Negative,0.9979,0.0,0.002,0.9979,330
GCF_000011565___1757,Inc-protein,0.9339,0.9339,0.0633,0.0027,118
GCF_000011565___1758,Inc-protein,0.9954,0.9954,0.0045,0.0,177
GCF_000011565___1759,Negative,0.9882,0.0,0.9882,0.0117,319
GCF_000011565___1760,Negative,0.995,0.0,0.995,0.005,482
GCF_000011565___1761,Negative,0.7257,0.0,0.7257,0.2743,267
GCF_000011565___1762,Negative,0.996,0.004,0.996,0.0,409
GCF_000011565___1763,Negative,0.9952,0.003,0.9952,0.0018,368
GCF_000011565___1764,Negative,0.9919,0.0,0.9919,0.0081,192
GCF_000011565___1765,Negative,0.997,0.0,0.997,0.003,197
GCF_000011565___1766,Inc-protein,0.9523,0.9523,0.0456,0.0022,410
GCF_000011565___1767,Negative,0.9984,0.0,0.9984,0.0015,219
GCF_000011565___1768,Negative,0.9833,0.0,0.9833,0.0167,271
GCF_000011565___1769,Negative,0.9732,0.0,0.9732,0.0267,287
GCF_000011565___1770,Negative,0.9729,1e-04,0.9729,0.027,342
GCF_000011565___1771,Negative,0.4225,0.0004,0.4225,0.5771,231
GCF_000011565___1772,Negative,0.9999,1e-04,0.9999,0.0,175
GCF_000011565___1773,Negative,0.999,0.0,0.999,0.001,121
GCF_000011565___1774,Negative,0.9652,0.0,0.9652,0.0347,162
GCF_000011565___1775,Negative,0.9914,0.0,0.9914,0.0085,376
GCF_000011565___1776,Negative,0.9997,1e-04,0.9997,0.0002,42
GCF_000011565___1777,Negative,0.9731,0.0,0.9731,0.0269,130
GCF_000011565___1778,Inc-protein,0.9077,0.9077,0.0011,0.0912,272
GCF_000011565___1779,Negative,0.9934,0.0,0.9934,0.0066,356
GCF_000011565___1780,Negative,0.9573,0.0,0.9573,0.0427,148
GCF_000011565___1781,Negative,0.6162,0.0063,0.6162,0.3775,285
GCF_000011565___1782,Negative,0.992,0.0,0.992,0.008,245
GCF_000011565___1783,Negative,0.9969,0.0029,0.9969,0.0002,299
GCF_000011565___1784,Negative,0.8114,0.0026,0.8114,0.186,117
GCF_000011565___1785,Negative,0.9915,0.0069,0.9915,0.0016,414
GCF_000011565___1786,Negative,0.9704,0.0,0.9704,0.0296,481
GCF_000011565___1787,Negative,0.9393,0.0038,0.0569,0.9393,153
GCF_000011565___1788,Negative,0.8778,1e-04,0.8778,0.1222,363
GCF_000011565___1789,Negative,0.8716,1e-04,0.8716,0.1284,269
GCF_000011565___1790,Negative,0.9349,1e-04,0.065,0.9349,251
GCF_000011565___1791,Negative,0.5089,1e-04,0.5089,0.4909,471
GCF_000011565___1792,Negative,0.9996,0.0,0.0004,0.9996,732
GCF_000011565___1793,Negative,0.9638,1e-04,0.9638,0.0361,60
GCF_000011565___1794,Negative,0.9997,0.0,0.9997,0.0003,52
GCF_000011565___1795,Negative,0.9638,0.0002,0.9638,0.036,58
GCF_000011565___1796,Negative,0.9574,0.0,0.9574,0.0425,92
GCF_000011565___1797,Negative,0.9981,0.0,0.9981,0.0019,350
GCF_000011565___1798,Negative,0.8372,0.0017,0.1611,0.8372,145
GCF_000011565___1799,Negative,0.9864,0.0134,0.9864,0.0002,455
GCF_000011565___1800,Negative,0.9818,0.018,0.9818,0.0002,189
GCF_000011565___1801,Negative,0.9637,0.0,0.9637,0.0363,272
GCF_000011565___1802,Negative,0.7204,0.001,0.7204,0.2786,550
GCF_000011565___1803,Negative,0.8202,0.0,0.8202,0.1798,226
GCF_000011565___1804,Negative,0.9092,0.0004,0.0904,0.9092,402
GCF_000011565___1805,Negative,0.4335,0.0002,0.4335,0.5663,311
GCF_000011565___1806,Negative,0.9988,0.0,0.9988,0.0012,156
GCF_000011565___1807,Negative,0.9431,1e-04,0.9431,0.0568,284
GCF_000011565___1808,Negative,0.9884,0.0,0.9884,0.0116,225
GCF_000011565___1809,Negative,0.9884,0.0015,0.0102,0.9884,459
GCF_000011565___1810,Negative,0.9095,0.0,0.9095,0.0905,828
GCF_000011565___1811,Negative,0.9933,0.0,0.9933,0.0067,482
GCF_000011565___1812,Negative,0.9861,0.0,0.9861,0.0139,173
GCF_000011565___1813,Negative,0.8556,0.0002,0.1442,0.8556,211
GCF_000011565___1814,Negative,0.9608,0.0392,0.9608,0.0,138
GCF_000011565___1815,Negative,0.9988,0.0,0.9988,0.0012,239
GCF_000011565___1816,Negative,0.999,0.0,0.999,0.001,625
GCF_000011565___1817,Negative,0.9756,0.0242,0.9756,0.0002,517
GCF_000011565___1818,Negative,0.9994,0.0,0.9994,0.0006,256
GCF_000011565___1819,Negative,0.9904,0.0,0.9904,0.0096,627
GCF_000011565___1820,Negative,0.9972,0.0028,0.9972,0.0,320
GCF_000011565___1821,Negative,0.9838,1e-04,0.9838,0.0161,265
GCF_000011565___1822,Negative,0.9979,0.002,0.9979,0.0002,747
GCF_000011565___1823,Negative,0.8229,0.1762,0.8229,0.001,250
GCF_000011565___1824,Negative,0.9978,0.0002,0.9978,0.002,142
GCF_000011565___1825,Negative,0.9947,0.0045,0.9947,0.0008,353
GCF_000011565___1826,Negative,0.6263,0.0004,0.6263,0.3733,469
GCF_000011565___1827,Negative,0.9823,1e-04,0.9823,0.0177,246
GCF_000011565___1828,Negative,0.6952,0.0,0.6952,0.3048,226
GCF_000011565___1829,Negative,0.9967,0.0,0.9967,0.0033,273
GCF_000011565___1830,Negative,0.86,0.0202,0.86,0.1198,152
GCF_000011565___1831,Negative,0.9734,0.0,0.9734,0.0266,229
GCF_000011565___1832,Negative,0.9993,0.0007,0.9993,1e-04,310
GCF_000011565___1833,Inc-protein,0.9985,0.9985,0.0015,0.0,343
GCF_000011565___1834,Negative,0.9069,0.004,0.0891,0.9069,423
GCF_000011565___1835,Negative,0.9848,0.0,0.9848,0.0152,192
GCF_000011565___1836,Negative,0.2729,0.0004,0.2729,0.7267,325
GCF_000011565___1837,Negative,0.8536,0.1444,0.8536,0.002,400
GCF_000011565___1838,Negative,0.8176,0.0004,0.182,0.8176,164
GCF_000011565___1839,Negative,0.919,1e-04,0.919,0.0809,146
GCF_000011565___1840,Negative,0.894,0.0,0.894,0.1059,210
GCF_000011565___1841,Negative,0.9854,0.0,0.9854,0.0146,286
GCF_000011565___1842,Negative,0.4912,0.0,0.4912,0.5088,298
GCF_000011565___1843,Negative,0.4211,0.0063,0.4211,0.5725,212
GCF_000011565___1844,Negative,0.8419,0.0,0.8419,0.1581,256
GCF_000011565___1845,Negative,0.5675,0.0003,0.5675,0.4322,215
GCF_000011565___1846,Negative,1.0,0.0,0.0,1.0,516
GCF_000011565___1847,Negative,0.7984,1e-04,0.7984,0.2015,163
GCF_000011565___1848,Negative,0.9968,1e-04,0.9968,0.0031,29
GCF_000011565___1849,Negative,0.9591,0.0,0.9591,0.0409,57
GCF_000011565___1850,Negative,0.9053,0.0,0.9053,0.0947,364
GCF_000011565___1851,Negative,0.513,0.0,0.513,0.487,358
GCF_000011565___1852,Negative,0.5089,0.0,0.5089,0.4911,192
GCF_000011565___1853,Negative,0.8719,0.0003,0.8719,0.1278,183
GCF_000011565___1854,Negative,0.9997,0.0,0.9997,0.0003,251
GCF_000011565___1855,Negative,0.4699,0.0046,0.4699,0.5255,295
GCF_000011565___1856,Negative,0.9909,0.0011,0.9909,0.008,361
GCF_000011565___1857,Negative,0.8813,1e-04,0.8813,0.1186,348
GCF_000011565___1858,Negative,0.882,0.1125,0.882,0.0055,589
GCF_000011565___1859,Negative,0.9998,0.0,0.9998,0.0002,330
GCF_000011565___1860,Negative,0.9973,0.0,0.9973,0.0027,292
GCF_000011565___1861,Negative,0.0481,0.247,0.0481,0.7049,364
GCF_000011565___1862,Negative,0.8084,0.0038,0.8084,0.1878,217
GCF_000011565___1863,Negative,0.9997,0.0003,0.9997,0.0,369
GCF_000011565___1864,Negative,0.9994,0.0006,0.9994,0.0,375
GCF_000011565___1865,Negative,0.9985,0.0,0.9985,0.0015,576
GCF_000011565___1866,Negative,0.9945,0.0004,0.9945,0.0051,282
GCF_000011565___1867,Negative,0.9987,0.0,0.9987,0.0013,323
GCF_000011565___1868,Negative,0.5021,0.0138,0.5021,0.4841,275
GCF_000011565___1869,Negative,0.8829,0.0005,0.8829,0.1166,265
GCF_000011565___1870,Negative,0.8172,0.0025,0.8172,0.1802,173
GCF_000011565___1871,Negative,0.9521,0.0011,0.9521,0.0468,190
GCF_000011565___1872,Negative,0.9591,0.0019,0.9591,0.039,134
GCF_000011565___1873,Negative,0.9853,0.0146,0.9853,1e-04,395
GCF_000011565___1874,Negative,0.9994,0.0,0.9994,0.0006,543
GCF_000011565___1875,Negative,0.5825,0.0039,0.5825,0.4136,850
GCF_000011565___1876,Negative,0.8541,0.0004,0.8541,0.1455,472
GCF_000011565___1877,Inc-protein,0.9947,0.9947,0.0047,0.0006,174
GCF_000011565___1878,Negative,0.8025,0.0002,0.8025,0.1973,492
GCF_000011565___1879,Negative,0.9864,0.0003,0.0133,0.9864,79
GCF_000011565___1880,Negative,0.5352,1e-04,0.5352,0.4647,142
GCF_000011565___1881,Negative,0.949,0.0005,0.949,0.0506,86
GCF_000011565___1882,Negative,0.9459,1e-04,0.9459,0.054,145
GCF_000011565___1883,Negative,0.9118,0.0003,0.9118,0.0879,89
GCF_000011565___1884,Negative,0.9688,0.0003,0.9688,0.0309,39
GCF_000011565___1885,Negative,0.97,0.0035,0.0266,0.97,264
GCF_000011565___1886,Inc-protein,0.9752,0.9752,0.0085,0.0163,318
GCF_000011565___1887,Negative,0.2234,0.0003,0.2234,0.7763,73
GCF_000011565___1888,Negative,0.9995,0.0,0.9995,0.0005,32
GCF_000011565___1889,Negative,0.8888,0.0008,0.8888,0.1104,88
GCF_000011565___1890,Negative,0.8733,0.0005,0.8733,0.1262,88
GCF_000011565___1891,Negative,0.9825,0.0017,0.0158,0.9825,562
GCF_000011565___1892,Negative,0.9939,0.0006,0.0055,0.9939,683
GCF_000011565___1893,Negative,0.9991,0.0005,0.0004,0.9991,164
GCF_000011565___1894,Negative,0.3383,0.0002,0.3383,0.6615,310
GCF_000011565___1895,Negative,0.9946,0.0,0.9946,0.0054,82
GCF_000011565___1896,Negative,0.9909,0.0009,0.0083,0.9909,586
GCF_000011565___1897,Negative,0.4734,0.0,0.4734,0.5265,97
GCF_000011565___1898,Negative,0.9884,0.0011,0.0105,0.9884,520
GCF_000011565___1899,Negative,0.2356,0.0011,0.2356,0.7633,76
GCF_000011565___1900,Negative,0.852,0.0011,0.852,0.1469,104
GCF_000011565___1901,Negative,0.9387,0.0006,0.9387,0.0607,92
GCF_000011565___1902,Negative,0.996,1e-04,0.996,0.0039,38
GCF_000011565___1903,Negative,0.9746,0.0008,0.0246,0.9746,508
GCF_000011565___1904,Negative,0.9637,1e-04,0.9637,0.0362,46
GCF_000011565___1905,Negative,0.7436,0.0017,0.7436,0.2546,151
GCF_000011565___1906,Negative,0.982,0.0008,0.0172,0.982,792
GCF_000011565___1907,Negative,0.3466,0.0003,0.3466,0.6531,128
GCF_000011565___1908,Negative,0.9945,0.0008,0.0047,0.9945,559
GCF_000011565___1909,Negative,0.9924,0.0,0.9924,0.0075,119
GCF_000011565___1910,Negative,0.9954,0.0,0.9954,0.0045,117
GCF_000011565___1911,Negative,0.9495,0.0035,0.9495,0.047,196
GCF_000011565___1912,Negative,0.6112,0.0005,0.6112,0.3883,82
GCF_000011565___1913,Negative,0.5342,0.0004,0.5342,0.4655,261
GCF_000011565___1914,Negative,0.9917,0.0019,0.0064,0.9917,504
GCF_000011565___1915,Negative,0.5165,0.0,0.5165,0.4835,376
GCF_000011565___1916,Negative,0.9406,0.0261,0.0332,0.9406,229
GCF_000011565___1917,Negative,0.9634,1e-04,0.9634,0.0364,99
GCF_000011565___1918,Negative,0.8332,0.0,0.8332,0.1668,88
GCF_000011565___1919,Negative,0.688,0.0037,0.688,0.3083,67
GCF_000011565___1920,Negative,0.7949,1e-04,0.7949,0.205,63
GCF_000011565___1921,Negative,0.9964,0.0012,0.0024,0.9964,1002
GCF_000011565___1922,Negative,0.9414,0.0,0.9414,0.0585,97
GCF_000011565___1923,Negative,0.9995,0.0,0.0005,0.9995,462
GCF_000011565___1924,Negative,0.9998,0.0002,0.0,0.9998,847
GCF_000011565___1925,Negative,0.9909,0.0003,0.9909,0.0087,111
GCF_000011565___1926,Negative,0.8074,0.0002,0.1924,0.8074,369
GCF_000011565___1927,Negative,0.9025,0.0,0.9025,0.0975,115
GCF_000011565___1928,Negative,0.9343,0.0035,0.0621,0.9343,738
GCF_000011565___1929,Negative,0.9536,0.0008,0.0456,0.9536,488
GCF_000011565___1930,Negative,0.9608,0.0012,0.038,0.9608,659
GCF_000011565___1931,Negative,0.9938,1e-04,0.0061,0.9938,1144
GCF_000011565___1932,Negative,0.9882,0.0005,0.0113,0.9882,486
GCF_000011565___1933,Negative,0.9905,1e-04,0.9905,0.0094,50
GCF_000011565___1934,Negative,0.4947,0.0,0.4947,0.5053,358
GCF_000011565___1935,Negative,0.9959,1e-04,0.9959,0.004,49
GCF_000011565___1936,Negative,0.9912,0.0003,0.0084,0.9912,393
GCF_000011565___1937,Negative,0.9852,0.0007,0.9852,0.0141,125
GCF_000011565___1938,Negative,0.9959,0.0,0.9959,0.0041,269
GCF_000011565___1939,Negative,0.8271,0.0005,0.1723,0.8271,326
GCF_000011565___1940,Negative,0.9977,1e-04,0.0023,0.9977,1274
GCF_000011565___1941,Negative,0.9987,0.0,0.0013,0.9987,415
GCF_000011565___1942,Negative,0.9987,0.0,0.0013,0.9987,433
GCF_000011565___1943,Negative,0.9887,0.0002,0.0111,0.9887,223
GCF_000011565___1944,Negative,0.9999,0.0,1e-04,0.9999,688
GCF_000011565___1945,Negative,0.5928,0.0161,0.5928,0.3911,228
GCF_000011565___1946,Negative,0.9844,0.0,0.9844,0.0156,266
GCF_000011565___1947,Negative,0.8058,0.1867,0.8058,0.0075,97
GCF_000011565___1948,Negative,0.896,0.1039,0.896,1e-04,80
GCF_000011565___1949,Negative,0.9978,0.0002,0.9978,0.002,436
GCF_000011565___1950,Negative,0.9975,0.0024,0.9975,0.0,471
GCF_000011565___1951,Negative,0.9808,0.0004,0.9808,0.0187,72
GCF_000011565___1952,Negative,0.9246,0.0753,0.9246,0.0,47
GCF_000011565___1953,Negative,0.9452,0.0,0.9452,0.0547,201
GCF_000011565___1954,Negative,0.9873,0.0,0.9873,0.0127,390
GCF_000011565___1955,Negative,0.9954,0.0,0.9954,0.0046,219
GCF_000011565___1956,Negative,0.9573,1e-04,0.0427,0.9573,784
GCF_000011565___1957,Negative,0.9784,1e-04,0.0215,0.9784,534
GCF_000011565___1958,Negative,0.7989,0.0,0.7989,0.201,242
GCF_000011565___1959,Negative,0.9936,0.0,0.9936,0.0064,344
GCF_000011565___1960,Negative,0.9918,0.0081,0.9918,0.0,91
GCF_000011565___1961,Inc-protein,0.8742,0.8742,0.0837,0.0421,525
GCF_000011565___1962,Negative,0.9637,0.0291,0.9637,0.0072,207
GCF_000011565___1963,Negative,0.5752,1e-04,0.5752,0.4247,433
GCF_000011565___1964,Negative,0.9947,0.0003,0.005,0.9947,537
GCF_000011565___1965,Negative,0.6417,0.0002,0.6417,0.3581,129
GCF_000011565___1966,Negative,0.9985,0.0,0.9985,0.0014,361
GCF_000011565___1967,Negative,0.7775,0.0011,0.7775,0.2214,298
GCF_000011565___1968,Negative,0.9502,0.0,0.9502,0.0498,226
GCF_000011565___1969,Negative,0.9327,0.0,0.9327,0.0673,383
GCF_000011565___1970,Negative,0.9988,0.0012,0.9988,0.0,229
GCF_000011565___1971,Negative,0.418,0.001,0.418,0.581,82
GCF_000011565___1972,Negative,0.9671,0.0,0.9671,0.0329,286
GCF_000011565___1973,Negative,0.9677,0.0,0.9677,0.0323,197
GCF_000011565___1974,Negative,0.9842,0.0,0.9842,0.0158,187
GCF_000011565___1975,Negative,0.9099,0.001,0.9099,0.0892,261
GCF_000011565___1976,Negative,0.3747,0.0011,0.3747,0.6241,175
GCF_000011565___1977,Negative,0.7965,1e-04,0.7965,0.2034,100
GCF_000011565___1978,Negative,0.8253,0.0003,0.8253,0.1744,82
GCF_000011565___1979,Negative,0.2111,0.0015,0.2111,0.7873,199
GCF_000011565___1980,Negative,0.522,0.0008,0.522,0.4773,134
GCF_000011565___1981,Negative,0.9332,0.0002,0.0666,0.9332,106
GCF_000011565___1982,Negative,0.9523,0.0,0.9523,0.0477,236
GCF_000011565___1983,Negative,0.8964,1e-04,0.1034,0.8964,245
GCF_000011565___1984,Negative,0.9998,0.0,0.9998,0.0002,250
GCF_000011565___1985,Negative,0.99,0.0,0.99,0.01,643
GCF_000011565___1986,Negative,0.9968,0.0,0.9968,0.0032,66
GCF_000011565___1987,Negative,0.9994,1e-04,0.0005,0.9994,405
GCF_000011565___1988,Negative,0.3638,0.0028,0.3638,0.6334,62
GCF_000011565___1989,Negative,0.9927,1e-04,0.0072,0.9927,962
GCF_000011565___1990,Negative,0.926,0.0737,0.926,0.0003,86
GCF_000011565___1991,Negative,0.9951,0.0048,0.0,0.9951,479
GCF_000011565___1992,Negative,0.9995,0.0002,0.0003,0.9995,483
GCF_000011565___1993,Negative,0.9226,0.0002,0.0772,0.9226,275
GCF_000011565___1994,Negative,0.9849,0.0034,0.0117,0.9849,119
GCF_000011565___1995,Negative,0.999,1e-04,0.999,0.0009,44
GCF_000011565___1996,Negative,0.9996,0.0,0.0004,0.9996,426
GCF_000011565___1997,Negative,0.9263,0.001,0.0727,0.9263,218
GCF_000011565___1998,Negative,0.9976,1e-04,0.9976,0.0023,99
GCF_000011565___1999,Negative,0.8748,0.0027,0.8748,0.1225,85
