name,pred_class,score,inc.prob,nega.prob,sec.prob,length
GCF_000237205___0,Inc-protein,0.8209,0.8209,0.1741,0.005,413
GCF_000237205___1,Negative,0.8544,1e-04,0.8544,0.1455,259
GCF_000237205___2,Negative,0.693,0.0,0.693,0.3069,826
GCF_000237205___3,Negative,0.9875,0.0,0.9875,0.0124,907
GCF_000237205___4,Negative,0.9412,0.0002,0.9412,0.0586,141
GCF_000237205___5,Negative,0.5312,0.0,0.5312,0.4687,215
GCF_000237205___6,Negative,0.9459,0.001,0.0531,0.9459,139
GCF_000237205___7,Negative,0.9961,1e-04,0.9961,0.0039,118
GCF_000237205___8,Negative,0.9247,0.0006,0.9247,0.0747,121
GCF_000237205___9,Negative,0.2751,0.0015,0.2751,0.7234,108
GCF_000237205___10,Negative,0.2896,1e-04,0.2896,0.7103,289
GCF_000237205___11,Negative,0.9961,1e-04,0.9961,0.0039,118
GCF_000237205___12,Negative,0.9428,0.0189,0.9428,0.0382,140
GCF_000237205___13,Negative,0.9786,0.0,0.9786,0.0214,246
GCF_000237205___14,Negative,0.9956,0.0,0.9956,0.0044,86
GCF_000237205___15,Negative,0.6532,0.3458,0.6532,0.0009,113
GCF_000237205___16,Negative,0.9284,0.0716,0.9284,0.0,107
GCF_000237205___17,Negative,0.9229,0.0005,0.9229,0.0766,270
GCF_000237205___18,Negative,0.8428,0.0026,0.1545,0.8428,262
GCF_000237205___19,Negative,0.8468,0.0008,0.1525,0.8468,275
GCF_000237205___20,Negative,0.9329,1e-04,0.9329,0.0669,73
GCF_000237205___21,Negative,0.9994,1e-04,0.0005,0.9994,985
GCF_000237205___22,Negative,0.2659,0.0002,0.2659,0.7339,1040
GCF_000237205___23,Negative,0.9108,0.0,0.0892,0.9108,999
GCF_000237205___24,Negative,0.3879,0.0018,0.3879,0.6103,222
GCF_000237205___25,Negative,0.9792,0.002,0.0188,0.9792,299
GCF_000237205___26,Negative,0.9932,1e-04,0.0067,0.9932,139
GCF_000237205___27,Negative,0.9803,0.0028,0.0169,0.9803,537
GCF_000237205___28,Negative,0.6012,0.3963,0.6012,0.0024,595
GCF_000237205___29,Negative,0.9747,0.0,0.9747,0.0253,185
GCF_000237205___30,Negative,0.9869,0.0,0.9869,0.0131,217
GCF_000237205___31,Negative,0.7672,0.0,0.7672,0.2328,261
GCF_000237205___32,Negative,0.7909,1e-04,0.7909,0.209,236
GCF_000237205___33,Negative,0.8044,0.0,0.8044,0.1956,228
GCF_000237205___34,Negative,0.8634,0.0,0.8634,0.1365,240
GCF_000237205___35,Inc-protein,0.9755,0.9755,0.0007,0.0238,562
GCF_000237205___36,Negative,0.9672,0.0247,0.0081,0.9672,1003
GCF_000237205___37,Negative,0.9695,0.0005,0.9695,0.03,415
GCF_000237205___38,Negative,0.871,0.0008,0.871,0.1282,314
GCF_000237205___39,Negative,0.2705,0.0037,0.2705,0.7259,259
GCF_000237205___40,Negative,0.7553,0.0017,0.7553,0.243,260
GCF_000237205___41,Negative,0.8999,0.0002,0.8999,0.1,97
GCF_000237205___42,Negative,0.9848,0.0035,0.0117,0.9848,247
GCF_000237205___43,Negative,0.9991,1e-04,0.0008,0.9991,845
GCF_000237205___44,Negative,0.9857,0.0,0.9857,0.0142,641
GCF_000237205___45,Negative,0.9998,0.0,0.9998,0.0002,266
GCF_000237205___46,Negative,0.9807,1e-04,0.0192,0.9807,242
GCF_000237205___47,Negative,0.9935,1e-04,0.9935,0.0064,473
GCF_000237205___48,Negative,0.9217,0.0,0.9217,0.0783,216
GCF_000237205___49,Negative,0.8935,0.1061,0.8935,0.0004,408
GCF_000237205___50,Negative,0.5083,0.4324,0.5083,0.0593,531
GCF_000237205___51,Negative,0.9906,0.0034,0.006,0.9906,577
GCF_000237205___52,Negative,0.6683,0.0002,0.6683,0.3315,170
GCF_000237205___53,Negative,0.9033,0.0149,0.0818,0.9033,116
GCF_000237205___54,Negative,0.9333,0.0,0.9333,0.0666,303
GCF_000237205___55,Negative,0.9148,0.0845,0.9148,0.0006,412
GCF_000237205___56,Negative,0.9626,0.0,0.9626,0.0374,226
GCF_000237205___57,Negative,0.853,0.0,0.853,0.147,1476
GCF_000237205___58,Inc-protein,0.9857,0.9857,0.0014,0.0129,169
GCF_000237205___59,Negative,0.6011,0.3969,0.6011,0.002,137
GCF_000237205___60,Negative,0.4888,1e-04,0.4888,0.5112,263
GCF_000237205___61,Negative,0.9828,0.0,0.9828,0.0172,748
GCF_000237205___62,Negative,0.7972,0.0,0.7972,0.2028,218
GCF_000237205___63,Negative,0.682,0.0011,0.682,0.3168,283
GCF_000237205___64,Negative,0.9996,0.0,0.9996,0.0004,343
GCF_000237205___65,Negative,0.9992,0.0,0.0008,0.9992,450
GCF_000237205___66,Negative,0.9977,0.0006,0.0017,0.9977,304
GCF_000237205___67,Negative,0.9998,0.0,0.9998,0.0002,331
GCF_000237205___68,Negative,0.5158,0.0007,0.5158,0.4836,368
GCF_000237205___69,Negative,0.9998,0.0,0.0002,0.9998,2804
GCF_000237205___70,Negative,0.867,0.0015,0.1315,0.867,176
GCF_000237205___71,Negative,0.3633,0.0002,0.3633,0.6365,169
GCF_000237205___72,Negative,0.5103,0.0009,0.5103,0.4888,294
GCF_000237205___73,Negative,0.2367,0.0011,0.2367,0.7623,174
GCF_000237205___74,Negative,0.8218,0.0004,0.8218,0.1778,346
GCF_000237205___75,Negative,0.9504,0.0003,0.0493,0.9504,370
GCF_000237205___76,Negative,0.9578,0.0092,0.9578,0.033,47
GCF_000237205___77,Negative,0.9977,0.0,0.9977,0.0023,400
GCF_000237205___78,Negative,0.9244,0.0427,0.9244,0.0329,382
GCF_000237205___79,Negative,0.9866,0.0002,0.9866,0.0132,326
GCF_000237205___80,Negative,0.9928,0.0071,0.9928,1e-04,210
GCF_000237205___81,Negative,0.9444,0.0,0.9444,0.0556,370
GCF_000237205___82,Negative,0.7001,1e-04,0.7001,0.2998,364
GCF_000237205___83,Inc-protein,0.9552,0.9552,0.0107,0.034,586
GCF_000237205___84,Negative,0.9495,1e-04,0.0505,0.9495,167
GCF_000237205___85,Negative,0.9637,0.0002,0.9637,0.0362,348
GCF_000237205___86,Negative,0.9123,0.0173,0.9123,0.0704,58
GCF_000237205___87,Negative,0.9899,0.0101,0.9899,0.0,713
GCF_000237205___88,Negative,0.9999,0.0,0.0,0.9999,713
GCF_000237205___89,Negative,0.8492,0.0922,0.8492,0.0586,244
GCF_000237205___90,Inc-protein,0.9249,0.9249,0.0748,0.0003,134
GCF_000237205___91,Negative,0.926,0.0075,0.0664,0.926,464
GCF_000237205___92,Negative,0.8346,0.0031,0.1623,0.8346,795
GCF_000237205___93,Negative,0.9992,0.0,0.9992,0.0008,526
GCF_000237205___94,Negative,0.8075,0.1909,0.8075,0.0016,394
GCF_000237205___95,Negative,0.9178,0.0819,0.9178,0.0003,58
GCF_000237205___96,Negative,0.9426,0.0559,0.9426,0.0015,336
GCF_000237205___97,Negative,0.9343,0.0016,0.9343,0.064,147
GCF_000237205___98,Negative,0.9608,0.0007,0.9608,0.0385,128
GCF_000237205___99,Negative,0.9889,0.0111,0.9889,0.0,124
GCF_000237205___100,Negative,0.8821,1e-04,0.1178,0.8821,699
GCF_000237205___101,Negative,0.9067,1e-04,0.9067,0.0931,179
GCF_000237205___102,Negative,0.124,0.7998,0.124,0.0762,200
GCF_000237205___103,Negative,0.8664,1e-04,0.8664,0.1335,85
GCF_000237205___104,Negative,0.8027,0.0009,0.8027,0.1964,82
GCF_000237205___105,Negative,0.6873,0.0201,0.6873,0.2926,103
GCF_000237205___106,Negative,0.9817,0.0,0.9817,0.0183,192
GCF_000237205___107,Negative,0.992,0.0003,0.0077,0.992,1305
GCF_000237205___108,Negative,0.9956,1e-04,0.0043,0.9956,947
GCF_000237205___109,Negative,0.9325,0.0113,0.0561,0.9325,321
GCF_000237205___110,Negative,0.9826,0.0,0.9826,0.0174,107
GCF_000237205___111,Negative,0.986,1e-04,0.0139,0.986,493
GCF_000237205___112,Inc-protein,0.9999,0.9999,1e-04,0.0,337
GCF_000237205___113,Negative,0.9869,0.0009,0.9869,0.0122,148
GCF_000237205___114,Negative,0.8522,0.1463,0.8522,0.0014,360
GCF_000237205___115,Negative,0.9807,0.0,0.9807,0.0193,236
GCF_000237205___116,Negative,0.8482,1e-04,0.8482,0.1516,212
GCF_000237205___117,Negative,0.9175,0.0003,0.9175,0.0822,229
GCF_000237205___118,Negative,0.9466,0.0009,0.0526,0.9466,434
GCF_000237205___119,Negative,0.9878,0.011,0.9878,0.0012,234
GCF_000237205___120,Negative,0.9976,0.0023,0.9976,1e-04,141
GCF_000237205___121,Negative,0.7141,0.2845,0.7141,0.0014,236
GCF_000237205___122,Negative,0.998,0.0,0.998,0.002,256
GCF_000237205___123,Negative,0.2255,0.0002,0.2255,0.7743,59
GCF_000237205___124,Negative,0.2262,0.0024,0.2262,0.7714,105
GCF_000237205___125,Negative,0.9544,0.0455,0.9544,0.0,69
GCF_000237205___126,Negative,0.9968,0.0,0.9968,0.0031,125
GCF_000237205___127,Negative,0.998,0.0019,0.998,0.0,339
GCF_000237205___128,Negative,0.9774,0.0,0.9774,0.0226,629
GCF_000237205___129,Negative,0.9996,0.0,0.9996,0.0004,255
GCF_000237205___130,Negative,0.6631,0.0002,0.6631,0.3367,59
GCF_000237205___131,Inc-protein,0.9895,0.9895,0.0047,0.0058,210
GCF_000237205___132,Negative,0.9428,0.0189,0.9428,0.0382,140
GCF_000237205___133,Negative,0.9961,1e-04,0.9961,0.0039,118
GCF_000237205___134,Negative,0.9392,0.0133,0.0475,0.9392,232
GCF_000237205___135,Negative,0.9996,0.0,0.9996,0.0004,450
GCF_000237205___136,Negative,0.9995,0.0,0.9995,0.0005,333
GCF_000237205___137,Negative,0.9672,0.0002,0.9672,0.0325,284
GCF_000237205___138,Negative,0.4615,0.0031,0.4615,0.5355,402
GCF_000237205___139,Negative,0.8833,0.0003,0.1164,0.8833,519
GCF_000237205___140,Negative,0.9468,0.0,0.9468,0.0532,473
GCF_000237205___141,Negative,0.7288,0.0008,0.7288,0.2704,233
GCF_000237205___142,Negative,0.8422,1e-04,0.1578,0.8422,260
GCF_000237205___143,Negative,0.997,0.0,0.997,0.003,238
GCF_000237205___144,Negative,0.8001,0.0011,0.1987,0.8001,146
GCF_000237205___145,Negative,0.8778,1e-04,0.1221,0.8778,321
GCF_000237205___146,Negative,0.9983,0.0,0.9983,0.0017,605
GCF_000237205___147,Negative,0.9988,0.0011,0.9988,0.0,263
GCF_000237205___148,Negative,0.4112,0.0033,0.4112,0.5855,94
GCF_000237205___149,Negative,0.8022,0.0002,0.8022,0.1976,44
GCF_000237205___150,Negative,0.9571,1e-04,0.0428,0.9571,130
GCF_000237205___151,Negative,0.4238,0.0032,0.4238,0.573,84
GCF_000237205___152,Negative,0.2404,0.0087,0.2404,0.7508,89
GCF_000237205___153,Negative,0.9799,0.0,0.9799,0.0201,484
GCF_000237205___154,Negative,0.0049,0.6752,0.0049,0.32,281
GCF_000237205___155,Inc-protein,0.9855,0.9855,0.0004,0.0141,915
GCF_000237205___156,Negative,0.448,0.0373,0.448,0.5147,273
GCF_000237205___157,Negative,0.5432,0.0008,0.5432,0.4559,269
GCF_000237205___158,Negative,0.9403,0.0003,0.9403,0.0594,577
GCF_000237205___159,Negative,0.6841,0.0,0.6841,0.3159,571
GCF_000237205___160,Negative,0.8632,1e-04,0.8632,0.1368,360
GCF_000237205___161,Negative,0.982,0.0099,0.982,0.0081,827
GCF_000237205___162,Negative,0.999,0.001,0.999,0.0,126
GCF_000237205___163,Negative,0.9855,0.0008,0.0137,0.9855,98
GCF_000237205___164,Negative,0.9871,0.0,0.9871,0.0129,98
GCF_000237205___165,Inc-protein,0.9949,0.9949,0.0002,0.0048,271
GCF_000237205___166,Negative,0.6353,0.0047,0.6353,0.36,115
GCF_000237205___167,Negative,0.3462,0.6535,0.3462,0.0004,417
GCF_000237205___168,Negative,0.339,0.0441,0.339,0.617,308
GCF_000237205___169,Negative,0.9076,0.0011,0.9076,0.0913,187
GCF_000237205___170,Negative,0.4523,0.0011,0.4523,0.5466,294
GCF_000237205___171,Negative,0.999,1e-04,0.999,0.0009,58
GCF_000237205___172,Negative,0.6535,0.0005,0.6535,0.346,75
GCF_000237205___173,Negative,0.9996,1e-04,0.0003,0.9996,1206
GCF_000237205___174,Negative,0.9994,0.0006,0.9994,1e-04,52
GCF_000237205___175,Negative,0.5002,0.0349,0.5002,0.4648,103
GCF_000237205___176,Negative,0.9169,0.0,0.9169,0.083,124
GCF_000237205___177,Negative,0.9023,0.0017,0.9023,0.096,104
GCF_000237205___178,Negative,0.9959,0.004,0.9959,1e-04,621
GCF_000237205___179,Negative,0.646,0.0028,0.646,0.3512,153
GCF_000237205___180,Negative,0.9927,0.0008,0.0065,0.9927,328
GCF_000237205___181,Negative,0.8362,1e-04,0.8362,0.1638,253
GCF_000237205___182,Negative,0.902,0.0968,0.902,0.0013,270
GCF_000237205___183,Negative,0.9996,0.0,0.9996,0.0004,90
GCF_000237205___184,Negative,0.9968,0.0,0.9968,0.0032,433
GCF_000237205___185,Negative,0.9346,0.0067,0.0587,0.9346,299
GCF_000237205___186,Negative,0.9891,0.0,0.9891,0.0109,315
GCF_000237205___187,Negative,0.9974,0.0,0.9974,0.0026,468
GCF_000237205___188,Inc-protein,0.9918,0.9918,0.005,0.0032,188
GCF_000237205___189,Negative,0.6171,0.0,0.6171,0.3829,230
GCF_000237205___190,Negative,0.9933,0.0002,0.9933,0.0065,98
GCF_000237205___191,Negative,0.9458,0.0,0.9458,0.0541,257
GCF_000237205___192,Negative,0.9712,0.0002,0.9712,0.0286,426
GCF_000237205___193,Negative,0.5673,0.001,0.5673,0.4318,239
GCF_000237205___194,Negative,0.6134,0.0004,0.6134,0.3862,368
GCF_000237205___195,Negative,0.9479,0.0002,0.9479,0.0519,985
GCF_000237205___196,Negative,0.8536,0.0007,0.8536,0.1457,307
GCF_000237205___197,Negative,0.9766,0.0,0.9766,0.0233,316
GCF_000237205___198,Negative,0.9674,0.0,0.9674,0.0326,110
GCF_000237205___199,Negative,0.999,0.0,0.999,0.001,204
GCF_000237205___200,Negative,0.6851,0.0,0.6851,0.3148,456
GCF_000237205___201,Negative,0.9843,0.0005,0.9843,0.0152,123
GCF_000237205___202,Inc-protein,0.9958,0.9958,0.0032,0.001,338
GCF_000237205___203,Inc-protein,0.9975,0.9975,0.0,0.0025,337
GCF_000237205___204,Negative,0.8585,0.0,0.8585,0.1414,197
GCF_000237205___205,Negative,0.9759,0.0,0.9759,0.024,169
GCF_000237205___206,Negative,0.923,0.0,0.923,0.077,351
GCF_000237205___207,Negative,0.9612,0.0009,0.0379,0.9612,312
GCF_000237205___208,Negative,0.9647,0.0,0.9647,0.0353,358
GCF_000237205___209,Negative,0.9948,0.0,0.9948,0.0052,480
GCF_000237205___210,Negative,0.9862,0.0,0.9862,0.0138,332
GCF_000237205___211,Negative,0.9816,0.0,0.9816,0.0183,503
GCF_000237205___212,Negative,0.5552,0.0012,0.5552,0.4435,174
GCF_000237205___213,Negative,0.7463,0.0003,0.7463,0.2535,333
GCF_000237205___214,Negative,0.8047,0.195,0.8047,0.0004,597
GCF_000237205___215,Negative,0.3156,1e-04,0.3156,0.6843,499
GCF_000237205___216,Negative,0.9555,0.0002,0.9555,0.0443,76
GCF_000237205___217,Negative,0.9992,0.0,0.9992,0.0008,295
GCF_000237205___218,Negative,0.9543,0.004,0.9543,0.0417,382
GCF_000237205___219,Negative,0.4229,0.3476,0.4229,0.2295,985
GCF_000237205___220,Negative,0.8829,0.0681,0.8829,0.049,477
GCF_000237205___221,Negative,0.9517,0.0003,0.9517,0.048,1121
GCF_000237205___222,Negative,0.9691,0.0007,0.0302,0.9691,290
GCF_000237205___223,Negative,0.8495,0.1042,0.0463,0.8495,454
GCF_000237205___224,Negative,0.9758,0.0,0.9758,0.0242,303
GCF_000237205___225,Negative,0.9099,1e-04,0.9099,0.09,283
GCF_000237205___226,Negative,0.9996,0.0,0.9996,0.0004,241
GCF_000237205___227,Negative,0.9756,0.0,0.9756,0.0243,183
GCF_000237205___228,Negative,0.9651,0.0036,0.0313,0.9651,425
GCF_000237205___229,Negative,0.9607,0.0,0.9607,0.0393,176
GCF_000237205___230,Negative,0.9978,0.0,0.9978,0.0022,328
GCF_000237205___231,Negative,0.9211,1e-04,0.9211,0.0788,437
GCF_000237205___232,Negative,0.9166,0.0,0.0833,0.9166,348
GCF_000237205___233,Negative,0.3024,0.0,0.3024,0.6975,170
GCF_000237205___234,Negative,0.8513,0.0004,0.8513,0.1484,171
GCF_000237205___235,Negative,0.9407,0.0592,0.9407,1e-04,294
GCF_000237205___236,Negative,0.63,0.0011,0.63,0.3689,165
GCF_000237205___237,Negative,0.9865,0.0007,0.9865,0.0129,314
GCF_000237205___238,Negative,0.958,0.0003,0.958,0.0418,465
GCF_000237205___239,Negative,0.9824,0.0,0.9824,0.0176,489
GCF_000237205___240,Negative,0.7724,0.0095,0.7724,0.2181,219
GCF_000237205___241,Negative,0.995,0.0,0.995,0.005,245
GCF_000237205___242,Negative,0.9985,0.0,0.9985,0.0015,173
GCF_000237205___243,Negative,0.9827,0.0,0.9827,0.0173,285
GCF_000237205___244,Negative,0.998,0.0,0.998,0.002,332
GCF_000237205___245,Negative,0.9973,0.0,0.9973,0.0027,242
GCF_000237205___246,Inc-protein,0.9598,0.9598,0.0145,0.0257,192
GCF_000237205___247,Negative,0.229,0.365,0.229,0.406,327
GCF_000237205___248,Negative,0.9975,0.0,0.9975,0.0025,479
GCF_000237205___249,Negative,0.9996,0.0,0.9996,0.0004,244
GCF_000237205___250,Negative,0.2849,1e-04,0.2849,0.715,380
GCF_000237205___251,Negative,0.9989,0.0,0.9989,0.0011,419
GCF_000237205___252,Negative,0.9947,1e-04,0.9947,0.0052,107
GCF_000237205___253,Negative,0.954,0.007,0.0389,0.954,117
GCF_000237205___254,Negative,0.9996,0.0002,0.0002,0.9996,465
GCF_000237205___255,Negative,0.8527,0.0004,0.8527,0.1469,367
GCF_000237205___256,Negative,0.6347,0.0011,0.6347,0.3642,361
GCF_000237205___257,Negative,0.9366,0.0002,0.9366,0.0632,389
GCF_000237205___258,Negative,0.9941,1e-04,0.9941,0.0058,180
GCF_000237205___259,Negative,0.9792,0.0,0.9792,0.0207,180
GCF_000237205___260,Negative,0.8553,0.0003,0.8553,0.1444,347
GCF_000237205___261,Negative,0.9049,1e-04,0.9049,0.095,368
GCF_000237205___262,Negative,0.7295,0.0004,0.7295,0.2701,365
GCF_000237205___263,Negative,0.9999,1e-04,0.9999,0.0,281
GCF_000237205___264,Negative,0.9995,0.0005,0.9995,0.0,89
GCF_000237205___265,Negative,0.9988,0.0003,0.9988,0.0008,288
GCF_000237205___266,Negative,0.3702,1e-04,0.3702,0.6297,208
GCF_000237205___267,Negative,0.9998,0.0,1e-04,0.9998,288
GCF_000237205___268,Negative,0.9271,0.0666,0.9271,0.0064,316
GCF_000237205___269,Negative,0.6719,0.0015,0.6719,0.3265,322
GCF_000237205___270,Negative,0.8642,1e-04,0.8642,0.1358,358
GCF_000237205___271,Negative,0.3248,0.0002,0.3248,0.675,355
GCF_000237205___272,Inc-protein,0.9742,0.9742,0.0009,0.025,265
GCF_000237205___273,Negative,0.9494,0.0506,0.9494,0.0,718
GCF_000237205___274,Negative,0.8242,1e-04,0.8242,0.1757,131
GCF_000237205___275,Negative,0.7132,0.0005,0.7132,0.2863,243
GCF_000237205___276,Negative,0.8188,0.1808,0.8188,0.0003,70
GCF_000237205___277,Negative,0.5563,0.3404,0.5563,0.1033,93
GCF_000237205___278,Negative,0.9927,0.0,0.9927,0.0073,857
GCF_000237205___279,Negative,0.9206,0.0002,0.9206,0.0792,152
GCF_000237205___280,Negative,0.9947,0.0053,0.9947,0.0,474
GCF_000237205___281,Negative,0.9752,1e-04,0.9752,0.0247,223
GCF_000237205___282,Negative,0.9589,1e-04,0.9589,0.0411,233
GCF_000237205___283,Negative,0.9765,0.0,0.9765,0.0235,240
GCF_000237205___284,Negative,0.7762,0.0004,0.7762,0.2235,387
GCF_000237205___285,Negative,0.9387,0.0,0.9387,0.0613,258
GCF_000237205___286,Negative,0.9935,0.0008,0.0057,0.9935,267
GCF_000237205___287,Negative,0.835,0.0,0.1649,0.835,265
GCF_000237205___288,Negative,0.9933,0.0066,0.9933,1e-04,185
GCF_000237205___289,Negative,0.8777,0.0,0.1222,0.8777,269
GCF_000237205___290,Negative,0.9866,0.0096,0.9866,0.0038,63
GCF_000237205___291,Negative,0.5489,0.0002,0.5489,0.4508,150
GCF_000237205___292,Negative,0.9962,0.0,0.9962,0.0038,244
GCF_000237205___293,Negative,0.9864,0.0134,0.9864,0.0003,377
GCF_000237205___294,Negative,0.3492,0.0,0.3492,0.6508,177
GCF_000237205___295,Negative,0.714,1e-04,0.714,0.2858,112
GCF_000237205___296,Negative,0.1443,0.7702,0.1443,0.0855,119
GCF_000237205___297,Inc-protein,0.9983,0.9983,0.0008,0.0009,124
GCF_000237205___298,Inc-protein,0.9844,0.9844,0.0144,0.0012,132
GCF_000237205___299,Negative,0.6429,0.3531,0.6429,0.0041,123
GCF_000237205___300,Inc-protein,0.8174,0.8174,0.1824,0.0002,130
GCF_000237205___301,Inc-protein,0.949,0.949,0.0435,0.0075,122
GCF_000237205___302,Negative,0.999,0.0,0.999,0.001,112
GCF_000237205___303,Negative,0.9995,0.0,0.9995,0.0005,695
GCF_000237205___304,Negative,0.9994,0.0,0.9994,0.0005,157
GCF_000237205___305,Negative,0.9989,0.0,0.9989,0.0011,123
GCF_000237205___306,Negative,0.9923,0.0,0.9923,0.0077,621
GCF_000237205___307,Negative,0.9925,0.0002,0.0073,0.9925,470
GCF_000237205___308,Negative,0.9654,0.0,0.9654,0.0346,252
GCF_000237205___309,Negative,0.9935,0.0,0.9935,0.0065,189
GCF_000237205___310,Negative,0.9817,0.0,0.9817,0.0183,163
GCF_000237205___311,Negative,0.9911,0.0004,0.0085,0.9911,373
GCF_000237205___312,Negative,0.9968,0.0,0.9968,0.0032,111
GCF_000237205___313,Negative,0.9997,0.0,0.9997,0.0003,116
GCF_000237205___314,Negative,0.9946,0.0,0.9946,0.0054,204
GCF_000237205___315,Negative,0.9229,0.0005,0.9229,0.0766,270
GCF_000237205___316,Negative,0.9658,0.0015,0.9658,0.0327,101
GCF_000237205___317,Negative,0.8284,0.0292,0.1423,0.8284,306
GCF_000237205___318,Negative,0.9894,0.0003,0.9894,0.0103,567
GCF_000237205___319,Negative,0.8042,0.1509,0.8042,0.0449,245
GCF_000237205___320,Negative,0.2729,0.0,0.2729,0.7271,1072
GCF_000237205___321,Negative,0.9659,0.0,0.9659,0.0341,337
GCF_000237205___322,Negative,1.0,0.0,1.0,0.0,82
GCF_000237205___323,Negative,0.9998,0.0,0.9998,0.0002,103
GCF_000237205___324,Inc-protein,0.9348,0.9348,0.0461,0.0192,164
GCF_000237205___325,Inc-protein,0.956,0.956,0.0023,0.0417,519
GCF_000237205___326,Negative,0.9987,0.0012,0.9987,1e-04,283
GCF_000237205___327,Negative,0.9934,0.0,0.9934,0.0066,232
GCF_000237205___328,Negative,0.4297,0.0016,0.4297,0.5686,300
GCF_000237205___329,Negative,0.9642,0.0,0.9642,0.0358,155
GCF_000237205___330,Negative,0.9964,0.0,0.9964,0.0035,121
GCF_000237205___331,Negative,0.989,0.0105,0.989,0.0005,181
GCF_000237205___332,Negative,0.3076,0.0005,0.3076,0.6919,229
GCF_000237205___333,Negative,0.9953,0.0,0.9953,0.0047,416
GCF_000237205___334,Negative,0.9959,0.0,0.9959,0.0041,269
GCF_000237205___335,Negative,0.9868,0.0,0.9868,0.0132,268
GCF_000237205___336,Negative,0.9681,0.0,0.9681,0.0319,212
GCF_000237205___337,Negative,0.9969,0.0031,0.9969,0.0,404
GCF_000237205___338,Negative,0.6843,0.0011,0.6843,0.3146,110
GCF_000237205___339,Negative,0.9654,0.0,0.9654,0.0346,203
GCF_000237205___340,Negative,0.767,0.0022,0.767,0.2308,365
GCF_000237205___341,Negative,0.9971,0.0029,0.9971,0.0,404
GCF_000237205___342,Negative,0.9544,0.0,0.9544,0.0455,394
GCF_000237205___343,Negative,0.9996,1e-04,0.0003,0.9996,559
GCF_000237205___344,Negative,0.961,0.0146,0.961,0.0244,120
GCF_000237205___345,Negative,0.9966,0.0,0.9966,0.0034,478
GCF_000237205___346,Negative,0.8745,1e-04,0.8745,0.1254,319
GCF_000237205___347,Negative,0.9725,1e-04,0.9725,0.0274,97
GCF_000237205___348,Inc-protein,0.9999,0.9999,1e-04,0.0,143
GCF_000237205___349,Negative,0.9998,0.0002,0.9998,0.0,439
GCF_000237205___350,Negative,0.9985,0.0,0.9985,0.0014,60
GCF_000237205___351,Negative,0.4142,0.0007,0.4142,0.5851,143
GCF_000237205___352,Negative,0.9819,0.0,0.9819,0.0181,143
GCF_000237205___353,Negative,0.4569,0.0147,0.4569,0.5284,88
GCF_000237205___354,Negative,0.9581,0.0076,0.0343,0.9581,122
GCF_000237205___355,Negative,0.9914,0.0085,1e-04,0.9914,449
GCF_000237205___356,Negative,0.9813,0.0165,0.0021,0.9813,354
GCF_000237205___357,Negative,0.9853,0.0,0.9853,0.0147,282
GCF_000237205___358,Negative,0.9911,0.0089,0.9911,0.0,239
GCF_000237205___359,Negative,0.8504,0.003,0.8504,0.1467,94
GCF_000237205___360,Negative,0.9291,0.0,0.9291,0.0709,460
GCF_000237205___361,Negative,0.9605,0.0384,0.9605,0.0011,132
GCF_000237205___362,Negative,1.0,0.0,0.0,1.0,1583
GCF_000237205___363,Negative,0.9928,0.0072,0.9928,0.0,290
GCF_000237205___364,Negative,0.9831,0.0,0.9831,0.0169,611
GCF_000237205___365,Negative,0.9851,0.0121,0.9851,0.0028,67
GCF_000237205___366,Negative,0.9999,0.0,1e-04,0.9999,1214
GCF_000237205___367,Negative,0.9486,1e-04,0.9486,0.0514,72
GCF_000237205___368,Negative,0.9849,0.0149,0.9849,0.0002,450
GCF_000237205___369,Inc-protein,0.9761,0.9761,0.0165,0.0075,214
GCF_000237205___370,Negative,0.9982,0.0018,0.9982,0.0,425
GCF_000237205___371,Negative,0.9959,0.0,0.9959,0.0041,546
GCF_000237205___372,Inc-protein,0.9445,0.9445,0.0019,0.0535,200
GCF_000237205___373,Negative,0.9941,0.0,0.9941,0.0058,185
GCF_000237205___374,Negative,0.9948,0.0,0.9948,0.0052,280
GCF_000237205___375,Negative,0.9928,0.0,0.9928,0.0071,311
GCF_000237205___376,Negative,0.9993,0.0,0.9993,0.0007,188
GCF_000237205___377,Negative,0.8154,0.1831,0.0015,0.8154,161
GCF_000237205___378,Negative,0.0,0.6701,0.0,0.3299,273
GCF_000237205___379,Negative,0.9988,0.0,0.9988,0.0012,267
GCF_000237205___380,Negative,0.9934,0.0065,0.9934,1e-04,464
GCF_000237205___381,Negative,0.9935,0.0064,0.9935,1e-04,461
GCF_000237205___382,Negative,0.9926,0.0017,0.0057,0.9926,319
GCF_000237205___383,Negative,0.2631,0.0012,0.2631,0.7357,274
GCF_000237205___384,Negative,0.9653,0.0,0.9653,0.0347,1077
GCF_000237205___385,Negative,0.9697,0.0069,0.9697,0.0233,37
GCF_000237205___386,Negative,0.4951,0.0006,0.4951,0.5043,216
GCF_000237205___387,Negative,0.9998,1e-04,1e-04,0.9998,482
GCF_000237205___388,Negative,0.9999,1e-04,1e-04,0.9999,503
GCF_000237205___389,Negative,0.9919,1e-04,0.9919,0.008,877
GCF_000237205___390,Negative,0.9995,0.0,0.9995,0.0005,664
GCF_000237205___391,Negative,0.9991,0.0,0.9991,0.0009,341
GCF_000237205___392,Negative,0.9797,0.0,0.9797,0.0203,260
GCF_000237205___393,Negative,0.9846,0.0,0.9846,0.0154,440
GCF_000237205___394,Negative,0.6863,1e-04,0.6863,0.3136,451
GCF_000237205___395,Negative,0.5232,0.0004,0.5232,0.4764,237
GCF_000237205___396,Negative,0.8986,0.0028,0.8986,0.0986,132
GCF_000237205___397,Negative,0.956,0.0429,0.0012,0.956,523
GCF_000237205___398,Inc-protein,0.9623,0.9623,0.0083,0.0294,296
GCF_000237205___399,Negative,0.9017,0.0978,0.9017,0.0005,425
GCF_000237205___400,Negative,0.9907,0.0003,0.9907,0.009,54
GCF_000237205___401,Negative,0.7222,0.276,0.7222,0.0018,163
GCF_000237205___402,Negative,0.9432,0.0002,0.9432,0.0565,422
GCF_000237205___403,Negative,0.9992,0.0,0.9992,0.0008,442
GCF_000237205___404,Negative,0.9985,1e-04,0.0015,0.9985,254
GCF_000237205___405,Negative,0.9933,0.0,0.9933,0.0067,236
GCF_000237205___406,Negative,0.999,0.0,0.999,0.001,458
GCF_000237205___407,Negative,0.9746,0.0,0.9746,0.0254,435
GCF_000237205___408,Negative,0.99,0.0,0.99,0.01,325
GCF_000237205___409,Negative,0.9998,0.0,0.9998,0.0002,147
GCF_000237205___410,Negative,0.6305,1e-04,0.6305,0.3694,166
GCF_000237205___411,Negative,0.9615,0.0,0.9615,0.0385,339
GCF_000237205___412,Negative,0.9795,0.0204,0.9795,1e-04,439
GCF_000237205___413,Negative,0.9425,0.0,0.0575,0.9425,534
GCF_000237205___414,Negative,0.9293,0.0,0.0707,0.9293,326
GCF_000237205___415,Negative,0.9344,0.0345,0.031,0.9344,37
GCF_000237205___416,Negative,0.1966,0.0263,0.1966,0.7771,477
GCF_000237205___417,Negative,0.9574,0.0,0.9574,0.0426,79
GCF_000237205___418,Negative,0.8555,0.144,0.8555,0.0005,178
GCF_000237205___419,Negative,0.9977,0.0022,0.9977,0.0,1009
GCF_000237205___420,Negative,0.8029,0.0008,0.8029,0.1964,357
GCF_000237205___421,Negative,0.616,0.0122,0.616,0.3719,825
GCF_000237205___422,Negative,0.7052,0.0,0.7052,0.2948,246
GCF_000237205___423,Negative,0.9951,0.0043,0.0006,0.9951,249
GCF_000237205___424,Negative,0.9964,0.0,0.9964,0.0036,853
GCF_000237205___425,Negative,0.873,0.0,0.873,0.1269,236
GCF_000237205___426,Negative,0.9964,0.0,0.0036,0.9964,690
GCF_000237205___427,Negative,0.9996,0.0004,1e-04,0.9996,1101
GCF_000237205___428,Inc-protein,0.9884,0.9884,1e-04,0.0115,541
GCF_000237205___429,Negative,0.7981,0.0004,0.7981,0.2015,56
GCF_000237205___430,Negative,0.9978,0.0,0.9978,0.0022,499
GCF_000237205___431,Negative,0.5357,0.3813,0.5357,0.083,347
GCF_000237205___432,Negative,0.9911,0.0088,0.9911,1e-04,450
GCF_000237205___433,Negative,0.9917,1e-04,0.9917,0.0082,796
GCF_000237205___434,Negative,0.9985,0.0,0.9985,0.0015,203
GCF_000237205___435,Negative,0.9973,0.0,0.9973,0.0027,119
GCF_000237205___436,Negative,0.8886,0.0026,0.1088,0.8886,252
GCF_000237205___437,Negative,0.9765,0.0,0.9765,0.0234,225
GCF_000237205___438,Negative,0.9961,0.0028,0.0011,0.9961,280
GCF_000237205___439,Negative,0.8221,0.1515,0.8221,0.0264,33
GCF_000237205___440,Negative,0.9997,0.0003,0.9997,0.0,240
GCF_000237205___441,Negative,0.9999,1e-04,0.9999,0.0,208
GCF_000237205___442,Negative,1.0,0.0,1.0,0.0,295
GCF_000237205___443,Negative,0.9981,0.0018,0.9981,0.0002,511
GCF_000237205___444,Negative,0.9843,0.0157,0.9843,0.0,65
GCF_000237205___445,Negative,0.9811,0.0,0.9811,0.0188,320
GCF_000237205___446,Negative,0.9813,0.0187,0.9813,0.0,131
GCF_000237205___447,Negative,0.7634,0.0068,0.7634,0.2298,1694
GCF_000237205___448,Negative,0.4628,0.0002,0.4628,0.537,229
GCF_000237205___449,Inc-protein,0.9368,0.9368,0.0541,0.0091,138
GCF_000237205___450,Negative,0.7455,0.0896,0.7455,0.1649,100
GCF_000237205___451,Negative,0.0559,0.449,0.0559,0.4952,203
GCF_000237205___452,Negative,0.6997,0.0004,0.6997,0.2999,445
GCF_000237205___453,Negative,0.9764,0.0236,0.9764,1e-04,392
GCF_000237205___454,Negative,0.9873,0.0,0.9873,0.0127,305
GCF_000237205___455,Negative,0.9855,0.0,0.9855,0.0145,480
GCF_000237205___456,Negative,0.995,0.0,0.995,0.005,197
GCF_000237205___457,Negative,0.8532,0.0663,0.0805,0.8532,571
GCF_000237205___458,Inc-protein,0.9057,0.9057,0.0918,0.0025,335
GCF_000237205___459,Negative,0.991,1e-04,0.991,0.0089,131
GCF_000237205___460,Negative,0.8736,0.0004,0.126,0.8736,172
GCF_000237205___461,Negative,0.9926,0.0,0.9926,0.0074,171
GCF_000237205___462,Negative,0.9846,0.0,0.9846,0.0154,106
GCF_000237205___463,Negative,0.9045,0.0,0.9045,0.0955,189
GCF_000237205___464,Negative,0.9152,0.0827,0.9152,0.0021,91
GCF_000237205___465,Negative,0.9973,0.0003,0.9973,0.0024,660
GCF_000237205___466,Negative,0.9466,0.0,0.9466,0.0534,488
GCF_000237205___467,Negative,0.9296,0.0003,0.9296,0.0701,224
GCF_000237205___468,Negative,0.9526,0.0422,0.0052,0.9526,1073
GCF_000237205___469,Negative,0.2511,0.7053,0.2511,0.0436,389
GCF_000237205___470,Negative,0.9986,0.0,0.9986,0.0014,484
GCF_000237205___471,Negative,0.9674,0.0003,0.0324,0.9674,89
GCF_000237205___472,Negative,0.9997,0.0,0.9997,0.0003,603
GCF_000237205___473,Negative,0.9955,0.0043,0.9955,0.0002,528
GCF_000237205___474,Negative,0.415,0.0014,0.415,0.5836,176
GCF_000237205___475,Negative,0.8911,1e-04,0.8911,0.1088,404
GCF_000237205___476,Negative,0.9999,0.0,0.9999,1e-04,277
GCF_000237205___477,Negative,0.9998,0.0,0.9998,0.0002,88
GCF_000237205___478,Negative,0.2055,0.0012,0.2055,0.7933,325
GCF_000237205___479,Negative,0.9996,0.0,0.9996,0.0004,255
GCF_000237205___480,Negative,0.9751,0.0225,0.9751,0.0024,439
GCF_000237205___481,Negative,0.9484,0.0465,0.9484,0.005,340
GCF_000237205___482,Negative,0.9984,0.0,0.9984,0.0016,380
GCF_000237205___483,Negative,0.9921,0.0073,0.9921,0.0006,650
GCF_000237205___484,Negative,0.9543,0.0063,0.0394,0.9543,108
GCF_000237205___485,Negative,0.0005,0.5194,0.0005,0.4801,223
GCF_000237205___486,Negative,0.3801,0.0,0.3801,0.6199,1717
GCF_000237205___487,Negative,0.2121,1e-04,0.2121,0.7878,647
GCF_000237205___488,Negative,0.999,0.0,0.999,0.001,207
GCF_000237205___489,Negative,0.9945,0.0055,0.9945,0.0,432
GCF_000237205___490,Negative,0.9976,1e-04,0.0023,0.9976,248
GCF_000237205___491,Negative,0.9984,0.0005,0.0011,0.9984,693
GCF_000237205___492,Negative,0.9876,0.0,0.0123,0.9876,810
GCF_000237205___493,Negative,0.9996,0.0,0.9996,0.0004,555
GCF_000237205___494,Negative,0.9929,0.0002,0.9929,0.0069,32
GCF_000237205___495,Negative,0.9952,0.0,0.9952,0.0047,371
GCF_000237205___496,Negative,0.9995,0.0004,1e-04,0.9995,743
GCF_000237205___497,Negative,0.5873,0.0025,0.5873,0.4102,517
GCF_000237205___498,Negative,0.9999,0.0,0.9999,1e-04,643
GCF_000237205___499,Negative,0.6196,0.0048,0.6196,0.3756,194
GCF_000237205___500,Negative,0.9384,0.0,0.9384,0.0616,377
GCF_000237205___501,Negative,0.9435,0.0,0.9435,0.0565,478
GCF_000237205___502,Negative,0.9717,0.0,0.9717,0.0283,1042
GCF_000237205___503,Negative,0.4026,0.5966,0.4026,0.0007,648
GCF_000237205___504,Negative,0.2464,0.7521,0.2464,0.0015,246
GCF_000237205___505,Negative,0.9198,0.0,0.9198,0.0802,426
GCF_000237205___506,Inc-protein,0.9685,0.9685,0.0057,0.0258,350
GCF_000237205___507,Inc-protein,0.9877,0.9877,0.0002,0.0121,406
GCF_000237205___508,Negative,0.9955,0.0,0.9955,0.0044,101
GCF_000237205___509,Negative,0.9931,1e-04,0.9931,0.0068,423
GCF_000237205___510,Negative,0.9986,0.0,0.0014,0.9986,370
GCF_000237205___511,Negative,0.9974,1e-04,0.9974,0.0026,684
GCF_000237205___512,Inc-protein,0.8735,0.8735,0.0226,0.1039,361
GCF_000237205___513,Negative,0.0813,0.7281,0.0813,0.1905,458
GCF_000237205___514,Inc-protein,0.9458,0.9458,1e-04,0.0541,646
GCF_000237205___515,Inc-protein,0.8618,0.8618,0.0027,0.1355,438
GCF_000237205___516,Inc-protein,0.8111,0.8111,0.0033,0.1856,536
GCF_000237205___517,Negative,0.9679,0.0004,0.0317,0.9679,93
GCF_000237205___518,Negative,0.9579,0.0,0.9579,0.0421,260
GCF_000237205___519,Negative,0.9634,0.0,0.9634,0.0366,443
GCF_000237205___520,Negative,0.936,0.0633,0.936,0.0008,761
GCF_000237205___521,Negative,0.8544,0.1213,0.8544,0.0242,491
GCF_000237205___522,Inc-protein,0.9725,0.9725,0.0244,0.0031,126
GCF_000237205___523,Negative,0.9566,0.0008,0.0426,0.9566,252
GCF_000237205___524,Negative,0.9913,0.001,0.9913,0.0077,428
GCF_000237205___525,Negative,0.4224,0.0008,0.4224,0.5768,244
GCF_000237205___526,Negative,0.9392,0.0,0.9392,0.0608,321
GCF_000237205___527,Negative,0.9942,0.0,0.9942,0.0058,96
GCF_000237205___528,Negative,0.3624,1e-04,0.3624,0.6375,586
GCF_000237205___529,Negative,0.9957,0.0003,0.004,0.9957,1137
GCF_000237205___530,Negative,0.7609,0.0009,0.7609,0.2382,119
GCF_000237205___531,Negative,0.8703,0.1281,0.8703,0.0016,468
GCF_000237205___532,Negative,0.9453,0.0004,0.9453,0.0544,104
GCF_000237205___533,Negative,0.8468,1e-04,0.8468,0.1531,491
GCF_000237205___534,Negative,0.9861,0.0118,0.9861,0.002,705
GCF_000237205___535,Negative,0.6794,0.0,0.6794,0.3205,261
GCF_000237205___536,Negative,0.9948,0.0004,0.0048,0.9948,155
GCF_000237205___537,Negative,0.9966,0.0019,0.0015,0.9966,173
GCF_000237205___538,Negative,0.9997,1e-04,0.0002,0.9997,1126
GCF_000237205___539,Negative,0.9858,0.0003,0.9858,0.0139,249
GCF_000237205___540,Negative,0.9011,0.0,0.9011,0.0989,581
GCF_000237205___541,Negative,0.9694,0.0,0.9694,0.0306,141
GCF_000237205___542,Negative,0.8614,0.0004,0.8614,0.1382,289
GCF_000237205___543,Negative,0.9978,0.0006,0.0017,0.9978,111
GCF_000237205___544,Negative,0.9805,0.0193,0.9805,0.0002,208
GCF_000237205___545,Negative,0.9315,0.0197,0.9315,0.0488,219
GCF_000237205___546,Negative,0.9867,0.0054,0.9867,0.0078,219
GCF_000237205___547,Negative,0.5348,0.0002,0.5348,0.4649,319
GCF_000237205___548,Negative,0.903,0.0009,0.0961,0.903,313
GCF_000237205___549,Negative,0.9947,0.0,0.9947,0.0053,533
GCF_000237205___550,Negative,0.9911,0.0,0.9911,0.0089,310
GCF_000237205___551,Negative,0.3901,0.0,0.3901,0.6099,636
GCF_000237205___552,Inc-protein,0.9581,0.9581,0.0412,0.0007,133
GCF_000237205___553,Negative,0.9352,0.0644,0.9352,0.0004,473
GCF_000237205___554,Negative,0.9765,0.0043,0.0192,0.9765,505
GCF_000237205___555,Negative,0.2261,1e-04,0.2261,0.7739,140
GCF_000237205___556,Negative,0.8322,0.0007,0.1671,0.8322,126
GCF_000237205___557,Negative,0.9984,0.0016,0.9984,0.0,306
GCF_000237205___558,Negative,0.8928,0.1056,0.8928,0.0016,338
GCF_000237205___559,Negative,0.4523,0.0011,0.4523,0.5466,294
GCF_000237205___560,Negative,0.9994,0.0006,0.9994,0.0,197
GCF_000237205___561,Negative,0.9865,0.0016,0.0119,0.9865,128
GCF_000237205___562,Negative,0.999,0.0,0.999,0.001,254
GCF_000237205___563,Negative,0.9913,0.0086,0.9913,1e-04,476
GCF_000237205___564,Negative,0.8431,1e-04,0.8431,0.1568,246
GCF_000237205___565,Negative,0.7757,0.0002,0.7757,0.2241,105
GCF_000237205___566,Negative,0.7394,0.0068,0.7394,0.2538,191
GCF_000237205___567,Negative,0.2008,1e-04,0.2008,0.7991,208
GCF_000237205___568,Negative,0.9973,0.0027,0.9973,0.0,50
GCF_000237205___569,Negative,0.9957,0.0,0.9957,0.0042,43
GCF_000237205___570,Negative,0.5103,0.0009,0.5103,0.4888,294
GCF_000237205___571,Negative,0.9975,0.0,0.9975,0.0025,160
GCF_000237205___572,Negative,0.8523,0.0002,0.8523,0.1475,282
GCF_000237205___573,Negative,0.992,0.0024,0.0055,0.992,409
GCF_000237205___574,Inc-protein,0.9388,0.9388,0.054,0.0072,136
GCF_000237205___575,Negative,0.9542,0.0,0.9542,0.0458,636
GCF_000237205___576,Negative,0.9998,0.0,0.9998,0.0002,285
GCF_000237205___577,Negative,0.9959,0.0,0.9959,0.0041,343
GCF_000237205___578,Negative,0.9953,0.0018,0.0029,0.9953,368
GCF_000237205___579,Negative,0.9555,0.0003,0.9555,0.0442,89
GCF_000237205___580,Negative,0.2558,0.7329,0.2558,0.0113,216
GCF_000237205___581,Negative,0.5272,0.0004,0.5272,0.4724,230
GCF_000237205___582,Negative,0.9552,0.0,0.9552,0.0448,185
GCF_000237205___583,Negative,0.4526,0.0004,0.4526,0.547,440
GCF_000237205___584,Negative,0.9989,0.0005,0.0007,0.9989,294
GCF_000237205___585,Negative,0.9798,0.0,0.9798,0.0201,532
GCF_000237205___586,Negative,0.8273,1e-04,0.1726,0.8273,207
GCF_000237205___587,Negative,0.9967,0.0033,0.9967,0.0,68
GCF_000237205___588,Negative,0.9913,0.0087,0.9913,0.0,70
GCF_000237205___589,Negative,0.9074,0.0,0.9074,0.0926,212
GCF_000237205___590,Negative,0.5725,0.0,0.5725,0.4275,236
GCF_000237205___591,Negative,0.942,0.0012,0.0567,0.942,194
GCF_000237205___592,Negative,0.981,0.0186,0.981,0.0004,214
GCF_000237205___593,Negative,0.9507,0.0486,0.9507,0.0007,194
GCF_000237205___594,Negative,0.9008,0.0062,0.9008,0.093,240
GCF_000237205___595,Negative,0.8181,0.0007,0.8181,0.1812,52
GCF_000237205___596,Negative,0.9921,0.0002,0.9921,0.0077,370
GCF_000237205___597,Negative,0.3539,0.0011,0.3539,0.645,435
GCF_000237205___598,Negative,0.5127,0.0044,0.5127,0.4829,215
GCF_000237205___599,Negative,0.9855,0.0,0.9855,0.0144,236
GCF_000237205___600,Negative,0.976,0.0009,0.976,0.0231,367
GCF_000237205___601,Negative,0.6641,0.0003,0.6641,0.3356,113
GCF_000237205___602,Inc-protein,0.8923,0.8923,0.0912,0.0165,203
GCF_000237205___603,Negative,0.9563,1e-04,0.9563,0.0436,428
GCF_000237205___604,Negative,0.9992,0.0008,0.9992,0.0,564
GCF_000237205___605,Negative,0.9755,0.0017,0.0229,0.9755,125
GCF_000237205___606,Negative,0.9789,0.0207,0.9789,0.0004,187
GCF_000237205___607,Negative,0.4286,0.0,0.4286,0.5713,193
GCF_000237205___608,Negative,0.968,0.0317,0.968,0.0003,420
GCF_000237205___609,Negative,0.999,0.0004,0.0006,0.999,500
GCF_000237205___610,Negative,0.9428,0.0189,0.9428,0.0382,140
GCF_000237205___611,Negative,0.9961,1e-04,0.9961,0.0039,118
GCF_000237205___612,Negative,0.8792,0.0,0.8792,0.1208,241
GCF_000237205___613,Negative,0.9017,0.0966,0.9017,0.0017,745
GCF_000237205___614,Negative,0.9889,0.0,0.9889,0.0111,151
GCF_000237205___615,Negative,0.9827,0.0023,0.015,0.9827,182
GCF_000237205___616,Negative,0.9972,0.0028,0.9972,0.0,157
GCF_000237205___617,Negative,0.9278,0.0002,0.9278,0.0719,481
GCF_000237205___618,Negative,0.9977,0.0003,0.9977,0.002,443
GCF_000237205___619,Negative,0.1407,0.0728,0.1407,0.7865,135
GCF_000237205___620,Negative,0.767,0.0015,0.767,0.2316,715
GCF_000237205___621,Negative,0.8629,0.1369,0.8629,1e-04,180
GCF_000237205___622,Negative,0.9362,1e-04,0.9362,0.0637,348
GCF_000237205___623,Negative,0.9586,0.0,0.9586,0.0414,421
GCF_000237205___624,Negative,0.9833,0.0,0.9833,0.0166,235
GCF_000237205___625,Negative,0.9987,0.0013,0.9987,1e-04,389
GCF_000237205___626,Negative,0.8202,0.0024,0.8202,0.1774,464
GCF_000237205___627,Negative,0.9987,0.0003,0.9987,0.001,302
GCF_000237205___628,Negative,0.9894,0.0105,0.9894,1e-04,444
GCF_000237205___629,Negative,0.9254,0.0008,0.0738,0.9254,280
GCF_000237205___630,Negative,0.9997,1e-04,0.0002,0.9997,342
GCF_000237205___631,Negative,0.2245,0.0,0.2245,0.7755,268
GCF_000237205___632,Negative,0.9973,0.0,0.9973,0.0027,475
GCF_000237205___633,Negative,0.9686,0.0,0.9686,0.0314,180
GCF_000237205___634,Negative,0.9889,0.011,0.9889,1e-04,285
GCF_000237205___635,Negative,0.9167,1e-04,0.9167,0.0833,221
GCF_000237205___636,Negative,0.9927,0.0012,0.9927,0.006,533
GCF_000237205___637,Negative,0.4784,0.0006,0.4784,0.521,190
GCF_000237205___638,Negative,0.4028,1e-04,0.4028,0.5971,295
GCF_000237205___639,Negative,0.9756,0.0243,0.9756,0.0,69
GCF_000237205___640,Negative,0.9891,0.0107,0.9891,0.0002,513
GCF_000237205___641,Negative,0.9852,1e-04,0.9852,0.0147,465
GCF_000237205___642,Negative,0.9984,0.0015,0.9984,0.0,485
GCF_000237205___643,Negative,0.997,0.0029,0.997,1e-04,463
GCF_000237205___644,Negative,0.8358,0.0008,0.1633,0.8358,118
GCF_000237205___645,Negative,0.9885,1e-04,0.9885,0.0113,517
GCF_000237205___646,Negative,0.9506,0.0,0.0494,0.9506,218
GCF_000237205___647,Negative,0.4652,0.0078,0.4652,0.527,392
GCF_000237205___648,Negative,0.2129,1e-04,0.2129,0.7869,299
GCF_000237205___649,Negative,0.998,0.0019,0.998,1e-04,315
GCF_000237205___650,Negative,0.9777,0.0045,0.0177,0.9777,602
GCF_000237205___651,Negative,0.9972,0.0,0.9972,0.0028,376
GCF_000237205___652,Negative,0.999,0.0009,0.999,0.0,223
GCF_000237205___653,Negative,0.9887,0.0113,0.9887,0.0,371
GCF_000237205___654,Negative,0.9969,0.0,0.9969,0.0031,101
GCF_000237205___655,Negative,0.9753,1e-04,0.9753,0.0247,83
GCF_000237205___656,Negative,0.7521,0.0013,0.7521,0.2466,91
GCF_000237205___657,Negative,0.948,0.0002,0.948,0.0518,126
GCF_000237205___658,Negative,0.9905,0.0006,0.0088,0.9905,710
GCF_000237205___659,Negative,0.9428,0.0189,0.9428,0.0382,140
GCF_000237205___660,Negative,0.9961,1e-04,0.9961,0.0039,118
GCF_000237205___661,Negative,0.9995,0.0,0.9995,0.0005,285
GCF_000237205___662,Inc-protein,0.8188,0.8188,0.0962,0.0849,400
GCF_000237205___663,Negative,0.9995,0.0,0.9995,0.0005,330
GCF_000237205___664,Negative,0.996,0.0,0.996,0.0039,384
GCF_000237205___665,Negative,0.9913,0.0004,0.0083,0.9913,312
GCF_000237205___666,Inc-protein,0.9855,0.9855,0.0106,0.0039,375
GCF_000237205___667,Inc-protein,0.8121,0.8121,0.186,0.0019,271
GCF_000237205___668,Negative,0.7104,1e-04,0.7104,0.2895,338
GCF_000237205___669,Negative,0.9974,0.0,0.9974,0.0026,259
GCF_000237205___670,Negative,0.9404,0.0,0.9404,0.0596,435
GCF_000237205___671,Negative,0.9787,0.0,0.9787,0.0213,230
GCF_000237205___672,Negative,0.9992,0.0008,0.9992,0.0,198
GCF_000237205___673,Negative,0.9931,0.0,0.9931,0.0069,422
GCF_000237205___674,Negative,0.9847,0.0009,0.0144,0.9847,350
GCF_000237205___675,Negative,0.8765,0.0003,0.8765,0.1232,138
GCF_000237205___676,Negative,0.9939,0.0061,0.9939,0.0,103
GCF_000237205___677,Negative,0.992,0.008,0.992,1e-04,227
GCF_000237205___678,Negative,0.9821,0.0034,0.9821,0.0145,323
GCF_000237205___679,Negative,0.951,0.0,0.951,0.049,693
GCF_000237205___680,Negative,0.9743,0.0,0.9743,0.0257,663
GCF_000237205___681,Negative,0.9997,1e-04,0.0002,0.9997,514
GCF_000237205___682,Negative,0.9939,0.0028,0.0033,0.9939,317
GCF_000237205___683,Negative,0.9679,0.032,0.9679,1e-04,198
GCF_000237205___684,Negative,0.9914,0.0,0.9914,0.0086,431
GCF_000237205___685,Negative,0.9999,0.0,0.9999,1e-04,150
GCF_000237205___686,Negative,0.999,0.0,0.999,0.001,129
GCF_000237205___687,Negative,0.7232,1e-04,0.7232,0.2767,335
GCF_000237205___688,Negative,0.9988,0.0012,0.9988,0.0,257
GCF_000237205___689,Negative,0.319,1e-04,0.319,0.6809,373
GCF_000237205___690,Negative,0.6846,0.0006,0.6846,0.3148,501
GCF_000237205___691,Negative,0.9584,0.0404,0.9584,0.0012,242
GCF_000237205___692,Negative,0.8112,0.1836,0.8112,0.0052,361
GCF_000237205___693,Negative,0.8972,0.1008,0.8972,0.0021,345
GCF_000237205___694,Negative,0.2427,1e-04,0.2427,0.7572,406
GCF_000237205___695,Negative,0.996,0.0002,0.996,0.0038,941
GCF_000237205___696,Negative,0.9548,0.0,0.9548,0.0451,189
GCF_000237205___697,Negative,0.9937,1e-04,0.9937,0.0061,54
GCF_000237205___698,Negative,0.8801,1e-04,0.1198,0.8801,273
GCF_000237205___699,Negative,0.865,0.0002,0.1348,0.865,277
GCF_000237205___700,Negative,0.9994,1e-04,0.0004,0.9994,283
GCF_000237205___701,Negative,0.9126,1e-04,0.9126,0.0873,373
GCF_000237205___702,Negative,0.8329,0.0002,0.8329,0.1669,396
GCF_000237205___703,Negative,0.6363,0.0003,0.6363,0.3633,386
GCF_000237205___704,Inc-protein,0.994,0.994,0.0005,0.0055,226
GCF_000237205___705,Negative,0.3794,1e-04,0.3794,0.6205,113
GCF_000237205___706,Negative,0.9998,0.0,0.0002,0.9998,359
GCF_000237205___707,Negative,0.9992,0.0,0.9992,0.0008,646
GCF_000237205___708,Negative,0.835,1e-04,0.835,0.1649,108
GCF_000237205___709,Negative,0.9873,0.0,0.9873,0.0126,89
GCF_000237205___710,Negative,0.9768,0.0004,0.9768,0.0228,234
GCF_000237205___711,Negative,0.6775,0.3223,0.6775,0.0002,303
GCF_000237205___712,Negative,0.9896,1e-04,0.9896,0.0104,82
GCF_000237205___713,Negative,0.9984,0.0,0.9984,0.0016,344
GCF_000237205___714,Negative,0.9904,0.0,0.9904,0.0095,174
GCF_000237205___715,Negative,0.9966,0.0002,0.9966,0.0033,455
GCF_000237205___716,Negative,0.9991,0.0,0.9991,0.0009,105
GCF_000237205___717,Negative,0.9855,0.0,0.9855,0.0145,231
GCF_000237205___718,Negative,0.9704,0.0,0.9704,0.0296,175
GCF_000237205___719,Negative,0.996,0.0,0.996,0.004,195
GCF_000237205___720,Inc-protein,0.888,0.888,0.004,0.108,974
GCF_000237205___721,Negative,0.0052,0.772,0.0052,0.2228,978
GCF_000237205___722,Negative,0.5974,0.0005,0.5974,0.4021,296
GCF_000237205___723,Negative,0.9985,0.0,0.9985,0.0015,197
GCF_000237205___724,Negative,0.6901,0.0003,0.6901,0.3096,69
GCF_000237205___725,Negative,0.9909,0.0,0.9909,0.009,683
GCF_000237205___726,Negative,0.9993,0.0002,0.9993,0.0004,35
GCF_000237205___727,Negative,0.9799,0.0,0.9799,0.0201,731
GCF_000237205___728,Negative,0.9673,0.0,0.0327,0.9673,77
GCF_000237205___729,Negative,0.2709,1e-04,0.2709,0.729,181
GCF_000237205___730,Negative,0.9973,0.0,0.9973,0.0027,519
GCF_000237205___731,Negative,0.5071,0.0138,0.5071,0.479,335
GCF_000237205___732,Negative,0.9793,1e-04,0.9793,0.0206,279
GCF_000237205___733,Negative,0.6561,0.0002,0.6561,0.3436,155
GCF_000237205___734,Negative,0.8438,0.0031,0.153,0.8438,271
GCF_000237205___735,Negative,0.6653,1e-04,0.6653,0.3345,215
GCF_000237205___736,Negative,0.8874,0.1115,0.8874,0.001,149
GCF_000237205___737,Negative,0.4957,0.0011,0.4957,0.5032,110
GCF_000237205___738,Negative,0.407,0.0044,0.407,0.5886,434
GCF_000237205___739,Negative,0.8123,0.0002,0.8123,0.1875,392
GCF_000237205___740,Negative,0.9983,0.0,0.9983,0.0017,285
GCF_000237205___741,Negative,0.9768,0.005,0.9768,0.0182,229
GCF_000237205___742,Negative,0.9983,0.0,0.9983,0.0017,543
GCF_000237205___743,Negative,0.9729,0.0,0.9729,0.0271,102
GCF_000237205___744,Negative,0.9995,0.0,0.0005,0.9995,555
GCF_000237205___745,Negative,0.933,0.0,0.933,0.0669,603
GCF_000237205___746,Negative,0.9827,0.0,0.9827,0.0173,94
GCF_000237205___747,Negative,0.9988,0.0,0.9988,0.0011,137
GCF_000237205___748,Negative,0.9986,0.0,0.9986,0.0014,227
GCF_000237205___749,Negative,0.3148,0.0012,0.3148,0.684,93
GCF_000237205___750,Inc-protein,0.9064,0.9064,0.0924,0.0012,140
GCF_000237205___751,Inc-protein,0.9606,0.9606,0.0358,0.0036,162
GCF_000237205___752,Negative,0.5511,1e-04,0.5511,0.4487,355
GCF_000237205___753,Negative,0.9853,1e-04,0.9853,0.0146,424
GCF_000237205___754,Negative,0.9765,0.0,0.9765,0.0235,108
GCF_000237205___755,Negative,0.9963,1e-04,0.0036,0.9963,501
GCF_000237205___756,Negative,0.3919,0.0002,0.3919,0.6079,334
GCF_000237205___757,Negative,0.9952,0.0,0.9952,0.0048,323
GCF_000237205___758,Negative,0.8488,0.1503,0.8488,0.0009,643
GCF_000237205___759,Negative,0.8468,0.0044,0.8468,0.1488,103
GCF_000237205___760,Negative,0.7627,1e-04,0.7627,0.2372,130
GCF_000237205___761,Negative,0.5531,0.0011,0.5531,0.4458,347
GCF_000237205___762,Negative,0.525,0.0006,0.525,0.4745,349
GCF_000237205___763,Negative,0.9732,0.0002,0.9732,0.0266,232
GCF_000237205___764,Negative,0.998,1e-04,0.998,0.002,58
GCF_000237205___765,Negative,0.9986,0.0002,0.9986,0.0012,342
GCF_000237205___766,Negative,0.9997,0.0,0.9997,0.0003,331
GCF_000237205___767,Negative,0.9953,0.0,0.9953,0.0047,432
GCF_000237205___768,Negative,0.8713,0.0777,0.051,0.8713,286
GCF_000237205___769,Negative,0.446,0.5535,0.446,0.0006,306
GCF_000237205___770,Negative,0.7883,0.0004,0.7883,0.2113,348
GCF_000237205___771,Negative,0.851,0.0005,0.851,0.1485,194
GCF_000237205___772,Negative,0.8957,0.001,0.8957,0.1033,798
GCF_000237205___773,Negative,0.9928,0.0,0.9928,0.0072,200
GCF_000237205___774,Inc-protein,0.9928,0.9928,0.0008,0.0064,292
GCF_000237205___775,Negative,0.9919,0.0065,0.0016,0.9919,586
GCF_000237205___776,Negative,0.9985,0.0,0.0015,0.9985,330
GCF_000237205___777,Negative,0.9973,0.0,0.9973,0.0027,331
GCF_000237205___778,Negative,0.9977,0.0,0.9977,0.0023,317
GCF_000237205___779,Negative,0.998,0.0,0.998,0.002,251
GCF_000237205___780,Negative,0.9068,0.0,0.9068,0.0932,77
GCF_000237205___781,Negative,0.9038,0.0958,0.9038,0.0004,412
GCF_000237205___782,Negative,0.8656,0.1336,0.8656,0.0008,414
GCF_000237205___783,Negative,0.9685,0.0314,0.9685,0.0,392
GCF_000237205___784,Negative,0.7488,0.0131,0.7488,0.238,358
GCF_000237205___785,Negative,0.9065,0.0923,0.9065,0.0013,260
GCF_000237205___786,Negative,0.9952,0.0046,0.9952,0.0003,295
GCF_000237205___787,Negative,0.9879,0.0,0.9879,0.0121,363
GCF_000237205___788,Negative,0.9996,0.0,0.9996,0.0004,317
GCF_000237205___789,Negative,0.978,0.0023,0.978,0.0197,269
GCF_000237205___790,Negative,0.9966,0.0,0.9966,0.0034,119
GCF_000237205___791,Negative,0.9284,0.0,0.9284,0.0716,346
GCF_000237205___792,Negative,0.9773,0.0224,0.0003,0.9773,192
GCF_000237205___793,Negative,0.976,0.0,0.976,0.024,121
GCF_000237205___794,Negative,0.8139,0.1859,0.8139,0.0002,373
GCF_000237205___795,Negative,0.2394,0.7596,0.2394,0.001,163
GCF_000237205___796,Negative,0.9704,0.0,0.9704,0.0296,136
GCF_000237205___797,Negative,0.9105,0.0884,0.9105,0.0012,359
GCF_000237205___798,Negative,0.9869,0.0105,0.9869,0.0026,119
GCF_000237205___799,Negative,0.9981,0.0,0.9981,0.0019,142
GCF_000237205___800,Negative,0.9999,1e-04,0.0,0.9999,611
GCF_000237205___801,Negative,0.8636,0.0004,0.8636,0.136,390
GCF_000237205___802,Negative,0.9696,0.0,0.9696,0.0304,164
GCF_000237205___803,Negative,0.9943,1e-04,0.9943,0.0056,491
GCF_000237205___804,Negative,0.8092,1e-04,0.8092,0.1907,275
GCF_000237205___805,Negative,0.8382,0.1607,0.8382,0.0011,443
GCF_000237205___806,Negative,0.8793,0.0,0.8793,0.1206,351
GCF_000237205___807,Negative,0.9924,0.0,0.9924,0.0076,372
GCF_000237205___808,Negative,0.2836,1e-04,0.2836,0.7164,156
GCF_000237205___809,Negative,0.9713,0.0285,0.0003,0.9713,1221
GCF_000237205___810,Inc-protein,0.9598,0.9598,0.0006,0.0396,778
GCF_000237205___811,Negative,0.9758,0.0004,0.9758,0.0238,210
GCF_000237205___812,Negative,0.4455,0.0006,0.4455,0.5539,349
GCF_000237205___813,Negative,0.9993,0.0,0.9993,0.0007,153
GCF_000237205___814,Negative,0.9815,0.0177,0.0008,0.9815,246
GCF_000237205___815,Negative,0.981,0.007,0.012,0.981,323
GCF_000237205___816,Negative,0.9758,0.0,0.9758,0.0242,39
GCF_000237205___817,Negative,0.9982,0.0,0.9982,0.0018,1878
GCF_000237205___818,Negative,0.9984,0.0,0.9984,0.0016,602
GCF_000237205___819,Inc-protein,0.9271,0.9271,0.0038,0.0691,187
GCF_000237205___820,Inc-protein,0.9446,0.9446,0.0318,0.0236,242
GCF_000237205___821,Negative,0.0725,0.4728,0.0725,0.4548,319
GCF_000237205___822,Negative,0.7436,0.0142,0.7436,0.2422,123
GCF_000237205___823,Negative,0.9954,0.0,0.9954,0.0046,794
GCF_000237205___824,Negative,0.7984,0.0002,0.7984,0.2014,230
GCF_000237205___825,Negative,0.5979,0.0185,0.5979,0.3836,421
GCF_000237205___826,Negative,0.7684,0.0002,0.7684,0.2314,393
GCF_000237205___827,Negative,0.9567,0.0005,0.9567,0.0428,418
GCF_000237205___828,Negative,0.8904,0.1096,0.8904,1e-04,277
GCF_000237205___829,Negative,0.9883,1e-04,0.9883,0.0117,164
GCF_000237205___830,Negative,0.9938,0.0003,0.9938,0.0059,181
GCF_000237205___831,Negative,0.9978,0.0021,0.9978,0.0,457
GCF_000237205___832,Negative,0.9983,0.0017,0.9983,0.0,341
GCF_000237205___833,Negative,0.8422,0.0002,0.8422,0.1576,397
GCF_000237205___834,Negative,0.9444,1e-04,0.9444,0.0555,383
GCF_000237205___835,Negative,0.9988,0.0005,0.0007,0.9988,293
GCF_000237205___836,Negative,0.9941,1e-04,0.0058,0.9941,399
GCF_000237205___837,Negative,0.9621,0.0,0.9621,0.0378,280
GCF_000237205___838,Negative,0.9908,1e-04,0.9908,0.0091,630
GCF_000237205___839,Negative,0.9914,0.0,0.9914,0.0086,94
GCF_000237205___840,Negative,0.9878,0.0,0.9878,0.0122,474
GCF_000237205___841,Negative,0.9992,0.0,0.9992,0.0008,255
GCF_000237205___842,Negative,0.9853,0.0147,0.9853,0.0,97
GCF_000237205___843,Negative,0.4012,0.0003,0.4012,0.5984,175
GCF_000237205___844,Negative,0.8845,0.0011,0.8845,0.1144,80
GCF_000237205___845,Negative,0.986,0.0004,0.0136,0.986,328
GCF_000237205___846,Negative,0.6661,0.0045,0.6661,0.3295,701
GCF_000237205___847,Negative,0.9984,0.0004,0.0012,0.9984,559
GCF_000237205___848,Negative,0.9874,0.0,0.9874,0.0126,195
GCF_000237205___849,Negative,0.9991,0.0008,1e-04,0.9991,690
GCF_000237205___850,Negative,0.9989,0.001,0.0002,0.9989,495
GCF_000237205___851,Negative,0.9989,0.0011,0.0,0.9989,491
GCF_000237205___852,Negative,0.8784,0.0033,0.8784,0.1183,173
GCF_000237205___853,Negative,0.4459,0.0,0.4459,0.5541,633
GCF_000237205___854,Inc-protein,0.925,0.925,0.0723,0.0027,433
GCF_000237205___855,Negative,0.9847,0.0016,0.0136,0.9847,299
GCF_000237205___856,Negative,0.8668,1e-04,0.1332,0.8668,155
GCF_000237205___857,Negative,0.9989,0.0,0.9989,0.0011,52
GCF_000237205___858,Negative,0.9989,0.0,0.9989,0.0011,56
GCF_000237205___859,Negative,0.9977,0.0023,0.9977,0.0,67
GCF_000237205___860,Negative,0.9904,0.0,0.9904,0.0095,462
GCF_000237205___861,Negative,0.8308,0.0003,0.8308,0.1689,195
GCF_000237205___862,Negative,0.9943,0.0016,0.9943,0.0041,161
GCF_000237205___863,Negative,0.4014,0.0004,0.4014,0.5982,144
GCF_000237205___864,Negative,0.9589,0.0411,0.9589,1e-04,221
GCF_000237205___865,Negative,0.9742,0.0257,0.9742,0.0,221
GCF_000237205___866,Negative,0.4308,0.0642,0.4308,0.505,69
GCF_000237205___867,Negative,0.2344,0.0003,0.2344,0.7653,673
GCF_000237205___868,Negative,0.7799,0.1742,0.7799,0.046,289
GCF_000237205___869,Negative,0.9695,0.0,0.9695,0.0304,351
GCF_000237205___870,Negative,0.9908,0.0,0.9908,0.0092,81
GCF_000237205___871,Negative,0.9474,0.0285,0.0241,0.9474,95
GCF_000237205___872,Negative,0.9468,0.0411,0.0121,0.9468,95
GCF_000237205___873,Negative,0.9881,0.0074,0.0044,0.9881,95
GCF_000237205___874,Negative,0.997,0.0,0.997,0.003,434
GCF_000237205___875,Negative,0.8153,0.0,0.1846,0.8153,457
GCF_000237205___876,Inc-protein,0.8895,0.8895,0.1074,0.0031,659
GCF_000237205___877,Negative,0.4518,0.54,0.4518,0.0082,699
GCF_000237205___878,Negative,0.9868,0.0052,0.9868,0.008,261
GCF_000237205___879,Negative,0.6357,0.0002,0.6357,0.3641,202
GCF_000237205___880,Negative,0.8227,0.004,0.1732,0.8227,316
GCF_000237205___881,Negative,0.9977,0.0,0.9977,0.0023,283
GCF_000237205___882,Negative,0.9506,0.0,0.9506,0.0494,278
GCF_000237205___883,Negative,0.8745,0.1242,0.8745,0.0012,181
GCF_000237205___884,Negative,0.9424,1e-04,0.9424,0.0575,319
GCF_000237205___885,Negative,0.8385,0.1608,0.8385,0.0007,244
GCF_000237205___886,Negative,0.7007,0.0002,0.7007,0.2992,413
GCF_000237205___887,Negative,0.9949,0.0013,0.0038,0.9949,271
GCF_000237205___888,Negative,0.2214,0.0023,0.2214,0.7764,335
GCF_000237205___889,Negative,0.9667,0.0015,0.0318,0.9667,335
GCF_000237205___890,Negative,0.9188,0.0003,0.9188,0.0809,293
GCF_000237205___891,Negative,0.9983,0.0,0.9983,0.0017,476
GCF_000237205___892,Negative,0.9242,1e-04,0.9242,0.0756,222
GCF_000237205___893,Negative,0.9997,1e-04,0.9997,1e-04,698
GCF_000237205___894,Negative,0.9997,0.0,0.9997,0.0003,53
GCF_000237205___895,Negative,0.9995,0.0,0.9995,0.0005,340
GCF_000237205___896,Negative,0.8094,0.0369,0.1537,0.8094,318
GCF_000237205___897,Negative,0.9967,0.0007,0.0026,0.9967,344
GCF_000237205___898,Negative,0.9971,0.0,0.9971,0.0029,253
GCF_000237205___899,Negative,0.2977,1e-04,0.2977,0.7023,364
GCF_000237205___900,Negative,0.9992,0.0,0.9992,0.0008,513
GCF_000237205___901,Negative,0.9042,0.0007,0.0951,0.9042,308
GCF_000237205___902,Negative,0.997,0.0,0.997,0.003,336
GCF_000237205___903,Negative,0.9979,0.0,0.9979,0.0021,137
GCF_000237205___904,Negative,0.9989,0.0,0.9989,0.0011,534
GCF_000237205___905,Negative,0.9925,0.0074,0.9925,1e-04,309
GCF_000237205___906,Negative,0.9967,0.0,0.9967,0.0033,384
GCF_000237205___907,Negative,0.9641,0.0124,0.9641,0.0235,261
GCF_000237205___908,Negative,0.8748,1e-04,0.1251,0.8748,97
GCF_000237205___909,Negative,0.9946,0.0,0.9946,0.0054,474
GCF_000237205___910,Negative,0.974,0.0,0.974,0.026,525
GCF_000237205___911,Negative,0.9843,0.0,0.9843,0.0157,336
GCF_000237205___912,Negative,0.9879,0.0,0.9879,0.0121,221
GCF_000237205___913,Negative,0.9941,0.0,0.9941,0.0059,115
GCF_000237205___914,Negative,0.9997,0.0,0.9997,0.0003,604
GCF_000237205___915,Negative,0.7455,0.0778,0.7455,0.1766,322
GCF_000237205___916,Negative,0.9736,0.0028,0.9736,0.0236,230
GCF_000237205___917,Negative,0.9917,0.0004,0.0079,0.9917,88
GCF_000237205___918,Negative,0.522,1e-04,0.522,0.478,412
GCF_000237205___919,Negative,0.7878,0.0014,0.7878,0.2108,84
GCF_000237205___920,Negative,0.2456,0.7538,0.2456,0.0006,156
GCF_000237205___921,Negative,0.9686,0.0002,0.9686,0.0312,421
GCF_000237205___922,Negative,0.9924,0.0075,0.9924,1e-04,477
GCF_000237205___923,Negative,0.9741,0.0,0.9741,0.0259,86
GCF_000237205___924,Negative,0.9221,1e-04,0.9221,0.0778,634
GCF_000237205___925,Negative,0.7186,0.0,0.7186,0.2814,102
GCF_000237205___926,Negative,0.703,1e-04,0.703,0.297,198
GCF_000237205___927,Negative,0.8634,0.1287,0.8634,0.0079,230
GCF_000237205___928,Negative,0.9878,0.0,0.9878,0.0122,275
GCF_000237205___929,Inc-protein,0.9881,0.9881,0.0,0.0119,474
GCF_000237205___930,Negative,0.9157,0.0006,0.9157,0.0837,232
GCF_000237205___931,Negative,0.9864,1e-04,0.9864,0.0135,138
GCF_000237205___932,Negative,0.3419,0.6578,0.3419,0.0003,116
GCF_000237205___933,Negative,0.9558,0.0,0.9558,0.0442,325
GCF_000237205___934,Negative,0.4221,0.0052,0.4221,0.5727,127
GCF_000237205___935,Negative,0.9965,0.0,0.9965,0.0035,194
GCF_000237205___936,Negative,0.9839,0.009,0.9839,0.0071,255
GCF_000237205___937,Inc-protein,0.9998,0.9998,1e-04,1e-04,456
GCF_000237205___938,Negative,0.2183,0.0014,0.2183,0.7803,319
GCF_000237205___939,Negative,0.8819,0.1165,0.0016,0.8819,1833
GCF_000237205___940,Negative,0.4129,0.0003,0.4129,0.5867,353
GCF_000237205___941,Negative,0.831,0.0037,0.831,0.1653,235
GCF_000237205___942,Negative,0.9957,0.0,0.9957,0.0043,61
GCF_000237205___943,Negative,0.7811,0.0,0.7811,0.2188,139
GCF_000237205___944,Negative,0.9358,0.0,0.9358,0.0642,236
GCF_000237205___945,Negative,0.9984,0.0,0.9984,0.0016,247
GCF_000237205___946,Negative,0.5869,0.2466,0.5869,0.1665,607
GCF_000237205___947,Negative,0.9223,0.0002,0.9223,0.0775,70
GCF_000237205___948,Negative,0.9809,0.0,0.9809,0.0191,497
GCF_000237205___949,Negative,0.9653,0.0181,0.9653,0.0167,654
GCF_000237205___950,Negative,0.7153,0.0,0.7153,0.2847,77
GCF_000237205___951,Negative,0.9445,0.0,0.9445,0.0555,184
GCF_000237205___952,Negative,0.9428,0.0189,0.9428,0.0382,140
GCF_000237205___953,Negative,0.9961,1e-04,0.9961,0.0039,118
GCF_000237205___954,Negative,0.9999,0.0,1e-04,0.9999,627
GCF_000237205___955,Negative,0.6459,1e-04,0.6459,0.3541,429
GCF_000237205___956,Negative,0.9703,0.0,0.9703,0.0297,91
GCF_000237205___957,Negative,0.9829,0.0,0.9829,0.017,490
GCF_000237205___958,Negative,0.9973,0.0,0.9973,0.0027,193
GCF_000237205___959,Negative,0.9603,0.0,0.9603,0.0397,330
GCF_000237205___960,Negative,0.964,0.0,0.964,0.036,264
GCF_000237205___961,Negative,0.9903,1e-04,0.9903,0.0096,207
GCF_000237205___962,Negative,0.998,0.0,0.998,0.002,389
GCF_000237205___963,Negative,0.9995,0.0,0.9995,0.0005,253
GCF_000237205___964,Negative,0.9988,0.0,0.9988,0.0012,341
GCF_000237205___965,Negative,0.9996,0.0003,1e-04,0.9996,482
GCF_000237205___966,Negative,0.9956,0.0015,0.0029,0.9956,268
GCF_000237205___967,Negative,0.9375,0.0003,0.9375,0.0622,300
GCF_000237205___968,Negative,0.9637,0.0,0.9637,0.0362,265
GCF_000237205___969,Negative,0.9955,0.0005,0.004,0.9955,196
GCF_000237205___970,Negative,0.9988,0.0004,0.0008,0.9988,256
GCF_000237205___971,Negative,0.997,0.0013,0.997,0.0018,293
GCF_000237205___972,Negative,0.9925,0.0074,0.9925,0.0,719
GCF_000237205___973,Negative,0.3208,0.0003,0.3208,0.6789,176
GCF_000237205___974,Negative,0.9985,0.0,0.9985,0.0015,156
GCF_000237205___975,Negative,0.994,0.0,0.994,0.0059,160
GCF_000237205___976,Negative,0.997,0.0,0.997,0.003,237
GCF_000237205___977,Negative,0.9976,0.0,0.9976,0.0024,264
GCF_000237205___978,Negative,0.9559,0.0,0.9559,0.0441,341
GCF_000237205___979,Negative,0.9982,0.0,0.9982,0.0017,394
GCF_000237205___980,Negative,0.9941,0.0,0.9941,0.0059,146
GCF_000237205___981,Negative,0.3562,0.0005,0.3562,0.6433,200
GCF_000237205___982,Negative,0.9875,0.0,0.9875,0.0124,138
GCF_000237205___983,Negative,0.2548,0.0011,0.2548,0.7442,161
GCF_000237205___984,Negative,0.2819,0.0,0.2819,0.718,348
GCF_000237205___985,Negative,0.995,0.0,0.995,0.0049,369
GCF_000237205___986,Negative,0.9468,0.0002,0.0531,0.9468,1163
GCF_000237205___987,Negative,0.781,0.0004,0.781,0.2186,121
GCF_000237205___988,Negative,0.8646,0.1331,0.8646,0.0023,464
GCF_000237205___989,Negative,0.475,0.0013,0.475,0.5237,538
GCF_000237205___990,Negative,0.7891,0.0007,0.7891,0.2102,533
GCF_000237205___991,Negative,0.9003,0.0,0.9003,0.0997,814
GCF_000237205___992,Negative,0.9937,0.0002,0.9937,0.006,484
GCF_000237205___993,Negative,0.9998,0.0,0.9998,1e-04,391
GCF_000237205___994,Negative,0.9997,0.0003,0.9997,0.0,515
GCF_000237205___995,Negative,0.9187,0.0807,0.9187,0.0006,404
GCF_000237205___996,Negative,0.893,0.0006,0.893,0.1063,562
GCF_000237205___997,Negative,0.9746,0.0002,0.0252,0.9746,424
GCF_000237205___998,Negative,0.8838,0.0009,0.1153,0.8838,466
GCF_000237205___999,Negative,0.9983,0.0,0.9983,0.0017,646
GCF_000237205___1000,Negative,0.9992,0.0,0.9992,0.0008,115
GCF_000237205___1001,Negative,0.9937,0.0062,0.9937,1e-04,413
GCF_000237205___1002,Negative,0.9935,0.0065,0.9935,1e-04,260
GCF_000237205___1003,Negative,0.996,0.0,0.996,0.004,302
GCF_000237205___1004,Negative,0.5237,0.4751,0.5237,0.0013,159
GCF_000237205___1005,Inc-protein,0.9994,0.9994,0.0004,1e-04,114
GCF_000237205___1006,Negative,0.9358,0.0003,0.0639,0.9358,69
GCF_000237205___1007,Negative,0.9974,0.0,0.9974,0.0026,208
GCF_000237205___1008,Negative,0.3124,0.0025,0.3124,0.6851,301
GCF_000237205___1009,Negative,0.8999,0.0007,0.0994,0.8999,297
GCF_000237205___1010,Negative,1.0,0.0,0.0,1.0,682
GCF_000237205___1011,Negative,0.4728,0.0027,0.4728,0.5245,529
GCF_000237205___1012,Negative,0.4832,0.0006,0.4832,0.5161,537
GCF_000237205___1013,Negative,0.8423,0.0034,0.1543,0.8423,296
GCF_000237205___1014,Negative,0.9689,0.0307,0.9689,0.0004,504
GCF_000237205___1015,Negative,0.7332,0.0002,0.7332,0.2666,268
GCF_000237205___1016,Negative,0.9993,0.0002,0.0005,0.9993,718
GCF_000237205___1017,Negative,0.2939,0.6809,0.2939,0.0251,111
GCF_000237205___1018,Negative,0.9928,0.0,0.9928,0.0072,242
GCF_000237205___1019,Negative,0.9551,0.0011,0.9551,0.0438,189
GCF_000237205___1020,Negative,0.9984,0.0,0.9984,0.0015,403
GCF_000237205___1021,Negative,0.9959,0.0,0.9959,0.0041,259
GCF_000237205___1022,Negative,0.995,0.005,0.995,0.0,242
GCF_000237205___1023,Negative,0.9978,0.0,0.9978,0.0022,160
GCF_000237205___1024,Negative,1e-04,0.2726,1e-04,0.7273,475
GCF_000237205___1025,Negative,0.0078,0.3329,0.0078,0.6592,358
GCF_000237205___1026,Negative,0.9773,0.0,0.9773,0.0227,160
GCF_000237205___1027,Negative,0.2841,0.0064,0.2841,0.7095,176
GCF_000237205___1028,Negative,0.9793,0.0,0.9793,0.0207,467
GCF_000237205___1029,Negative,0.9855,0.0144,0.9855,0.0,724
GCF_000237205___1030,Negative,0.4997,0.5003,0.4997,0.0,156
GCF_000237205___1031,Negative,0.9521,0.0479,0.9521,0.0,346
GCF_000237205___1032,Negative,0.8173,0.0192,0.8173,0.1635,121
GCF_000237205___1033,Negative,0.0063,0.79,0.0063,0.2038,329
GCF_000237205___1034,Negative,0.0614,0.3034,0.0614,0.6351,310
GCF_000237205___1035,Negative,0.9992,0.0004,0.9992,0.0004,174
GCF_000237205___1036,Negative,0.9958,0.0,0.9958,0.0041,276
GCF_000237205___1037,Negative,0.9975,1e-04,0.0024,0.9975,398
GCF_000237205___1038,Negative,0.9988,0.0,0.9988,0.0012,309
GCF_000237205___1039,Inc-protein,0.966,0.966,0.0052,0.0289,747
GCF_000237205___1040,Negative,0.9825,1e-04,0.0174,0.9825,146
GCF_000237205___1041,Negative,0.653,0.0023,0.653,0.3448,343
GCF_000237205___1042,Negative,0.9997,0.0,0.9997,0.0003,235
GCF_000237205___1043,Negative,0.9997,0.0,0.9997,0.0003,128
GCF_000237205___1044,Negative,0.4181,0.0003,0.4181,0.5816,344
GCF_000237205___1045,Negative,0.9513,0.0002,0.0485,0.9513,153
GCF_000237205___1046,Negative,0.9701,0.0,0.9701,0.0299,909
GCF_000237205___1047,Negative,0.9989,0.0,0.9989,0.0011,377
GCF_000237205___1048,Negative,0.9906,0.0002,0.9906,0.0093,461
GCF_000237205___1049,Negative,0.9003,0.0365,0.0632,0.9003,705
GCF_000237205___1050,Negative,0.9995,0.0004,1e-04,0.9995,574
GCF_000237205___1051,Negative,0.8122,0.0022,0.8122,0.1856,70
GCF_000237205___1052,Negative,0.9993,0.0,0.9993,0.0007,86
GCF_000237205___1053,Negative,0.9951,0.0,0.9951,0.0049,190
GCF_000237205___1054,Negative,0.9995,0.0002,0.0002,0.9995,1357
GCF_000237205___1055,Negative,0.9969,0.0,0.9969,0.0031,204
GCF_000237205___1056,Inc-protein,0.9956,0.9956,0.0,0.0044,633
GCF_000237205___1057,Negative,0.9827,0.0,0.9827,0.0172,290
GCF_000237205___1058,Negative,0.9511,1e-04,0.9511,0.0488,329
GCF_000237205___1059,Negative,0.9999,1e-04,0.9999,0.0,1059
GCF_000237205___1060,Negative,0.9325,1e-04,0.9325,0.0674,372
GCF_000237205___1061,Negative,0.9915,0.0002,0.9915,0.0083,482
GCF_000237205___1062,Inc-protein,0.9902,0.9902,0.0021,0.0077,283
GCF_000237205___1063,Negative,0.9987,0.0011,0.0002,0.9987,339
GCF_000237205___1064,Negative,0.0014,0.5928,0.0014,0.4057,511
GCF_000237205___1065,Negative,0.9037,0.0002,0.096,0.9037,189
GCF_000237205___1066,Negative,0.9878,0.0,0.9878,0.0122,488
GCF_000237205___1067,Negative,0.9945,1e-04,0.9945,0.0054,489
GCF_000237205___1068,Negative,0.8986,0.0014,0.8986,0.1,98
GCF_000237205___1069,Negative,0.3491,1e-04,0.3491,0.6508,530
GCF_000237205___1070,Negative,0.9999,1e-04,0.9999,0.0,71
GCF_000237205___1071,Negative,0.7254,0.0,0.7254,0.2745,457
GCF_000237205___1072,Negative,0.0572,0.2704,0.0572,0.6724,200
GCF_000237205___1073,Negative,0.9983,0.0016,0.9983,0.0,384
GCF_000237205___1074,Negative,0.9763,0.0237,0.9763,0.0,211
GCF_000237205___1075,Negative,0.4438,0.0007,0.4438,0.5554,202
GCF_000237205___1076,Negative,0.6372,0.3626,0.6372,0.0002,156
GCF_000237205___1077,Negative,0.9957,0.0037,0.0005,0.9957,543
GCF_000237205___1078,Negative,0.9184,0.0809,0.9184,0.0006,434
GCF_000237205___1079,Negative,0.9982,0.0,0.9982,0.0018,126
GCF_000237205___1080,Negative,0.9878,0.0014,0.0107,0.9878,437
GCF_000237205___1081,Negative,0.9315,0.0013,0.0672,0.9315,249
GCF_000237205___1082,Negative,0.88,1e-04,0.88,0.1199,524
GCF_000237205___1083,Negative,0.9327,0.0,0.9327,0.0673,299
GCF_000237205___1084,Negative,0.6435,0.3565,0.6435,0.0,135
GCF_000237205___1085,Negative,0.8993,0.0139,0.8993,0.0868,49
GCF_000237205___1086,Negative,0.9832,0.0,0.9832,0.0168,676
GCF_000237205___1087,Negative,0.5209,0.0,0.5209,0.4791,672
GCF_000237205___1088,Negative,0.9638,0.0003,0.9638,0.0359,137
GCF_000237205___1089,Inc-protein,0.9937,0.9937,0.0011,0.0052,348
GCF_000237205___1090,Negative,0.9893,0.0,0.9893,0.0107,309
GCF_000237205___1091,Negative,0.9879,0.0118,0.9879,0.0003,636
GCF_000237205___1092,Negative,0.9405,0.0,0.9405,0.0595,151
GCF_000237205___1093,Negative,0.9644,0.0237,0.0119,0.9644,466
GCF_000237205___1094,Negative,0.9993,0.0,0.9993,0.0007,317
GCF_000237205___1095,Negative,0.9993,0.0,0.9993,0.0007,329
GCF_000237205___1096,Negative,0.9988,0.0012,0.9988,0.0,301
GCF_000237205___1097,Negative,0.9996,0.0004,0.9996,0.0,311
GCF_000237205___1098,Negative,0.9428,0.0006,0.9428,0.0566,56
GCF_000237205___1099,Negative,0.9999,0.0,0.9999,1e-04,351
GCF_000237205___1100,Negative,0.6125,0.0253,0.6125,0.3622,1334
GCF_000237205___1101,Negative,0.9908,0.0,0.9908,0.0091,186
GCF_000237205___1102,Negative,0.6309,0.0002,0.6309,0.3688,239
GCF_000237205___1103,Negative,0.9419,0.0558,0.9419,0.0022,503
GCF_000237205___1104,Negative,0.9895,0.0104,0.9895,0.0002,155
GCF_000237205___1105,Negative,0.8219,0.0004,0.8219,0.1777,205
GCF_000237205___1106,Negative,0.9719,0.0,0.9719,0.0281,221
GCF_000237205___1107,Negative,0.9944,0.0056,0.9944,0.0,135
GCF_000237205___1108,Negative,0.915,1e-04,0.915,0.0849,308
GCF_000237205___1109,Negative,0.9322,0.0,0.9322,0.0678,133
GCF_000237205___1110,Negative,0.849,0.0002,0.849,0.1508,135
GCF_000237205___1111,Negative,0.9894,0.0,0.9894,0.0105,168
GCF_000237205___1112,Negative,0.9736,0.0102,0.9736,0.0162,170
GCF_000237205___1113,Negative,0.9111,1e-04,0.9111,0.0888,323
GCF_000237205___1114,Negative,0.9906,0.0,0.9906,0.0094,119
GCF_000237205___1115,Negative,0.9925,1e-04,0.0074,0.9925,367
GCF_000237205___1116,Inc-protein,0.9147,0.9147,0.0047,0.0806,245
GCF_000237205___1117,Inc-protein,0.9163,0.9163,0.076,0.0077,169
GCF_000237205___1118,Negative,0.9599,0.001,0.0391,0.9599,202
GCF_000237205___1119,Negative,0.8799,0.0009,0.8799,0.1193,308
GCF_000237205___1120,Negative,0.4093,0.5902,0.4093,0.0004,239
GCF_000237205___1121,Negative,0.9972,0.0,0.9972,0.0028,365
GCF_000237205___1122,Negative,0.9698,0.0,0.9698,0.0302,184
GCF_000237205___1123,Negative,0.9985,0.0,0.9985,0.0015,428
GCF_000237205___1124,Negative,0.9906,0.0,0.9906,0.0094,376
GCF_000237205___1125,Negative,0.7162,0.0002,0.7162,0.2836,269
GCF_000237205___1126,Negative,0.9166,0.0007,0.9166,0.0827,89
GCF_000237205___1127,Negative,0.9981,0.0,0.9981,0.0019,337
GCF_000237205___1128,Negative,0.9877,0.0,0.9877,0.0123,316
GCF_000237205___1129,Inc-protein,0.9971,0.9971,1e-04,0.0028,235
GCF_000237205___1130,Negative,0.8963,1e-04,0.8963,0.1036,275
GCF_000237205___1131,Negative,0.933,0.0,0.933,0.067,493
GCF_000237205___1132,Negative,0.2957,0.0024,0.2957,0.702,374
GCF_000237205___1133,Negative,0.8724,0.0015,0.8724,0.1261,99
GCF_000237205___1134,Negative,0.2021,0.7872,0.2021,0.0107,205
GCF_000237205___1135,Negative,0.9743,0.0036,0.0222,0.9743,221
GCF_000237205___1136,Negative,0.9987,0.0013,0.9987,0.0,470
GCF_000237205___1137,Negative,0.9934,0.0,0.0065,0.9934,303
GCF_000237205___1138,Negative,0.9994,0.0,0.0006,0.9994,522
GCF_000237205___1139,Negative,0.9984,0.0,0.9984,0.0016,406
GCF_000237205___1140,Negative,0.9767,1e-04,0.0233,0.9767,314
GCF_000237205___1141,Negative,0.9983,0.0,0.9983,0.0017,645
GCF_000237205___1142,Negative,0.988,0.0117,0.988,0.0003,117
GCF_000237205___1143,Negative,0.9997,0.0002,1e-04,0.9997,1223
GCF_000237205___1144,Negative,0.9933,0.0,0.9933,0.0067,374
GCF_000237205___1145,Inc-protein,0.8873,0.8873,0.0007,0.112,604
GCF_000237205___1146,Negative,0.9998,0.0002,0.0,0.9998,649
GCF_000237205___1147,Negative,0.5636,0.0004,0.5636,0.436,336
GCF_000237205___1148,Negative,0.8372,1e-04,0.8372,0.1627,129
GCF_000237205___1149,Inc-protein,0.9977,0.9977,0.0004,0.002,294
GCF_000237205___1150,Negative,0.8903,0.1091,0.0006,0.8903,346
GCF_000237205___1151,Negative,0.6374,0.0035,0.6374,0.359,351
GCF_000237205___1152,Negative,0.9919,0.0081,0.9919,0.0,265
GCF_000237205___1153,Negative,0.9738,1e-04,0.9738,0.0261,112
GCF_000237205___1154,Negative,0.9955,0.0038,0.0007,0.9955,198
GCF_000237205___1155,Negative,0.9954,0.0,0.9954,0.0046,175
GCF_000237205___1156,Negative,0.9976,0.0,0.9976,0.0024,569
GCF_000237205___1157,Negative,0.8627,0.1346,0.8627,0.0028,428
GCF_000237205___1158,Negative,0.8524,0.1433,0.8524,0.0043,420
GCF_000237205___1159,Negative,0.2976,0.0002,0.2976,0.7022,437
GCF_000237205___1160,Negative,0.9958,0.0041,0.9958,1e-04,439
GCF_000237205___1161,Negative,0.995,0.005,0.995,1e-04,438
GCF_000237205___1162,Negative,0.9996,0.0,0.9996,0.0004,343
GCF_000237205___1163,Negative,0.8564,0.0005,0.8564,0.1431,90
GCF_000237205___1164,Negative,0.928,0.0003,0.0717,0.928,212
GCF_000237205___1165,Negative,0.9998,1e-04,1e-04,0.9998,444
GCF_000237205___1166,Negative,0.9344,0.0061,0.0595,0.9344,244
GCF_000237205___1167,Negative,0.9443,0.0011,0.9443,0.0545,258
GCF_000237205___1168,Negative,0.4058,0.0005,0.4058,0.5937,244
GCF_000237205___1169,Negative,0.7792,0.0015,0.7792,0.2192,59
GCF_000237205___1170,Negative,0.9937,0.0002,0.0061,0.9937,401
GCF_000237205___1171,Negative,0.9742,0.0235,0.0023,0.9742,245
GCF_000237205___1172,Negative,0.998,0.0,0.998,0.0019,74
GCF_000237205___1173,Negative,0.7403,1e-04,0.7403,0.2596,81
GCF_000237205___1174,Negative,0.673,1e-04,0.673,0.3269,509
GCF_000237205___1175,Negative,0.775,1e-04,0.775,0.2249,323
GCF_000237205___1176,Negative,0.9851,1e-04,0.9851,0.0147,96
GCF_000237205___1177,Negative,0.9428,0.0189,0.9428,0.0382,140
GCF_000237205___1178,Negative,0.9961,1e-04,0.9961,0.0039,118
GCF_000237205___1179,Negative,0.8968,1e-04,0.8968,0.1031,125
GCF_000237205___1180,Negative,0.9348,1e-04,0.9348,0.0651,107
GCF_000237205___1181,Negative,0.9948,1e-04,0.0051,0.9948,352
GCF_000237205___1182,Negative,0.9813,1e-04,0.9813,0.0186,367
GCF_000237205___1183,Negative,0.8633,0.0173,0.8633,0.1194,430
GCF_000237205___1184,Negative,0.9683,0.0,0.9683,0.0316,860
GCF_000237205___1185,Negative,0.9415,0.0003,0.0581,0.9415,481
GCF_000237205___1186,Negative,0.9905,0.0094,0.9905,1e-04,242
GCF_000237205___1187,Negative,0.524,0.4759,0.524,1e-04,107
GCF_000237205___1188,Negative,0.7077,0.2922,0.7077,0.0,61
GCF_000237205___1189,Negative,0.92,0.0,0.92,0.08,143
GCF_000237205___1190,Negative,0.9969,0.0003,0.9969,0.0028,153
GCF_000237205___1191,Negative,0.9811,0.0,0.9811,0.0189,365
GCF_000237205___1192,Negative,0.8301,1e-04,0.8301,0.1698,361
GCF_000237205___1193,Negative,0.9996,0.0004,0.0,0.9996,1052
GCF_000237205___1194,Negative,0.9616,0.0371,0.9616,0.0013,353
GCF_000237205___1195,Negative,0.963,0.0365,0.963,0.0005,353
GCF_000237205___1196,Negative,0.9835,0.0163,0.9835,1e-04,425
GCF_000237205___1197,Negative,0.9867,0.0,0.9867,0.0133,528
GCF_000237205___1198,Negative,0.9074,1e-04,0.9074,0.0925,531
GCF_000237205___1199,Negative,0.6109,0.0006,0.6109,0.3885,383
GCF_000237205___1200,Negative,0.9946,0.0,0.9946,0.0054,416
GCF_000237205___1201,Negative,0.9268,1e-04,0.0731,0.9268,316
GCF_000237205___1202,Negative,0.9883,0.0,0.9883,0.0117,219
GCF_000237205___1203,Negative,0.9013,0.0925,0.9013,0.0062,226
GCF_000237205___1204,Negative,0.996,0.002,0.996,0.002,153
GCF_000237205___1205,Negative,0.9994,0.0,0.9994,0.0006,178
GCF_000237205___1206,Negative,0.7444,0.0025,0.7444,0.2531,219
GCF_000237205___1207,Negative,0.9975,0.0004,0.9975,0.0021,80
GCF_000237205___1208,Negative,0.9117,0.0,0.9117,0.0882,536
GCF_000237205___1209,Negative,0.8083,0.0016,0.19,0.8083,118
GCF_000237205___1210,Negative,0.6982,0.3013,0.6982,0.0004,972
GCF_000237205___1211,Negative,0.9913,0.0087,0.9913,0.0,726
GCF_000237205___1212,Negative,0.9905,0.0031,0.9905,0.0064,271
GCF_000237205___1213,Negative,0.9097,0.001,0.9097,0.0893,100
GCF_000237205___1214,Negative,0.9856,0.0,0.9856,0.0144,179
GCF_000237205___1215,Negative,0.9857,0.0042,0.01,0.9857,122
GCF_000237205___1216,Negative,0.9973,0.0,0.9973,0.0027,78
GCF_000237205___1217,Inc-protein,0.9691,0.9691,0.0063,0.0246,211
GCF_000237205___1218,Inc-protein,0.9223,0.9223,0.0026,0.0751,234
GCF_000237205___1219,Negative,0.9995,0.0,0.9995,0.0005,779
GCF_000237205___1220,Negative,0.9879,0.0121,0.9879,0.0,828
GCF_000237205___1221,Negative,0.9942,0.0006,0.0053,0.9942,218
GCF_000237205___1222,Negative,0.894,0.0002,0.1059,0.894,221
GCF_000237205___1223,Negative,0.9992,0.0002,0.0006,0.9992,468
GCF_000237205___1224,Negative,0.9803,1e-04,0.0195,0.9803,217
GCF_000237205___1225,Negative,0.2955,0.0212,0.2955,0.6833,296
GCF_000237205___1226,Negative,0.8503,0.0136,0.1361,0.8503,129
GCF_000237205___1227,Negative,0.9576,0.0004,0.9576,0.042,195
GCF_000237205___1228,Negative,0.9966,1e-04,0.0033,0.9966,475
GCF_000237205___1229,Negative,0.9959,0.0039,0.0002,0.9959,326
GCF_000237205___1230,Inc-protein,0.8981,0.8981,0.0061,0.0958,427
GCF_000237205___1231,Negative,0.8815,0.0009,0.8815,0.1177,202
GCF_000237205___1232,Negative,0.8334,1e-04,0.1665,0.8334,192
GCF_000237205___1233,Negative,0.9857,1e-04,0.0142,0.9857,192
GCF_000237205___1234,Negative,0.9796,0.0198,0.9796,0.0006,517
GCF_000237205___1235,Negative,0.7308,0.0032,0.7308,0.266,221
GCF_000237205___1236,Inc-protein,0.9244,0.9244,0.0192,0.0564,524
GCF_000237205___1237,Negative,0.9953,0.0004,0.0043,0.9953,315
GCF_000237205___1238,Negative,0.9965,0.0005,0.9965,0.003,321
GCF_000237205___1239,Negative,0.9883,0.0116,0.9883,1e-04,390
GCF_000237205___1240,Negative,0.9992,0.0003,0.9992,0.0005,52
GCF_000237205___1241,Negative,0.5447,0.023,0.5447,0.4324,345
GCF_000237205___1242,Negative,0.8466,0.0002,0.8466,0.1532,165
GCF_000237205___1243,Negative,0.8415,0.0061,0.1524,0.8415,205
GCF_000237205___1244,Negative,0.9971,1e-04,0.0028,0.9971,286
GCF_000237205___1245,Inc-protein,0.937,0.937,0.0624,0.0006,676
GCF_000237205___1246,Negative,0.9972,0.0,0.9972,0.0028,141
GCF_000237205___1247,Negative,0.9954,0.0,0.9954,0.0046,404
GCF_000237205___1248,Negative,0.9715,1e-04,0.9715,0.0284,309
GCF_000237205___1249,Negative,0.6362,0.0002,0.6362,0.3636,362
GCF_000237205___1250,Negative,0.8881,0.0002,0.1117,0.8881,122
GCF_000237205___1251,Negative,0.2477,0.0014,0.2477,0.7509,263
GCF_000237205___1252,Negative,0.542,0.2671,0.542,0.191,132
GCF_000237205___1253,Negative,0.9081,0.0918,0.9081,1e-04,325
GCF_000237205___1254,Negative,0.9536,0.0,0.9536,0.0463,252
GCF_000237205___1255,Negative,0.9946,0.0,0.9946,0.0054,616
GCF_000237205___1256,Negative,0.8542,0.1435,0.8542,0.0023,454
GCF_000237205___1257,Negative,0.9948,1e-04,0.9948,0.0051,101
GCF_000237205___1258,Negative,0.2353,0.0019,0.2353,0.7628,239
GCF_000237205___1259,Negative,0.9945,0.0,0.9945,0.0055,890
GCF_000237205___1260,Negative,0.9205,0.0782,0.0013,0.9205,1204
GCF_000237205___1261,Inc-protein,0.9981,0.9981,1e-04,0.0018,599
GCF_000237205___1262,Inc-protein,0.9684,0.9684,0.0085,0.0231,409
GCF_000237205___1263,Negative,0.997,0.003,0.997,0.0,298
GCF_000237205___1264,Negative,0.9902,0.0097,0.9902,0.0,426
GCF_000237205___1265,Negative,0.2828,0.0018,0.2828,0.7153,335
GCF_000237205___1266,Negative,0.9936,0.0064,0.9936,0.0,429
GCF_000237205___1267,Negative,0.2141,0.0033,0.2141,0.7826,210
GCF_000237205___1268,Negative,0.9768,0.0,0.9768,0.0231,359
GCF_000237205___1269,Negative,0.973,0.0,0.973,0.027,81
GCF_000237205___1270,Negative,0.9931,0.0,0.0069,0.9931,619
GCF_000237205___1271,Negative,0.9114,0.0009,0.0877,0.9114,217
GCF_000237205___1272,Negative,0.9845,0.0004,0.0151,0.9845,253
GCF_000237205___1273,Negative,0.9985,0.0015,0.0,0.9985,1428
GCF_000237205___1274,Inc-protein,0.8903,0.8903,0.1072,0.0025,138
GCF_000237205___1275,Negative,0.8022,0.1966,0.8022,0.0012,520
GCF_000237205___1276,Negative,0.5777,0.0004,0.5777,0.4219,587
GCF_000237205___1277,Negative,0.9935,0.0002,0.9935,0.0063,69
GCF_000237205___1278,Negative,0.8753,0.0002,0.8753,0.1245,443
GCF_000237205___1279,Negative,0.8407,0.1557,0.8407,0.0037,368
GCF_000237205___1280,Negative,0.9998,0.0002,0.9998,0.0,244
GCF_000237205___1281,Negative,0.9997,0.0,0.9997,0.0003,494
GCF_000237205___1282,Negative,0.9396,0.0004,0.9396,0.06,255
GCF_000237205___1283,Negative,0.9755,0.0,0.9755,0.0245,517
GCF_000237205___1284,Negative,0.9232,0.0011,0.0757,0.9232,264
GCF_000237205___1285,Negative,0.5237,0.0002,0.5237,0.4761,58
GCF_000237205___1286,Negative,0.9706,0.0016,0.9706,0.0278,51
GCF_000237205___1287,Negative,0.5187,0.0,0.5187,0.4812,164
GCF_000237205___1288,Negative,0.9855,0.0011,0.0134,0.9855,574
GCF_000237205___1289,Negative,0.9904,1e-04,0.9904,0.0095,60
GCF_000237205___1290,Negative,0.0006,0.4991,0.0006,0.5003,307
GCF_000237205___1291,Negative,0.5633,0.0002,0.5633,0.4365,184
GCF_000237205___1292,Negative,0.9986,0.0,0.9986,0.0014,156
GCF_000237205___1293,Negative,0.9669,0.0006,0.0326,0.9669,234
GCF_000237205___1294,Negative,0.9906,0.0,0.9906,0.0093,232
GCF_000237205___1295,Negative,0.9684,0.0313,0.9684,0.0003,413
GCF_000237205___1296,Negative,0.9942,0.0,0.9942,0.0058,351
GCF_000237205___1297,Negative,0.7564,0.242,0.7564,0.0016,403
GCF_000237205___1298,Negative,0.3515,1e-04,0.3515,0.6484,187
GCF_000237205___1299,Negative,0.9638,0.0081,0.0281,0.9638,96
GCF_000237205___1300,Negative,0.9542,0.0005,0.0453,0.9542,97
GCF_000237205___1301,Negative,0.9398,0.0063,0.0539,0.9398,105
GCF_000237205___1302,Negative,0.9929,0.0071,0.9929,0.0,245
GCF_000237205___1303,Inc-protein,0.9992,0.9992,0.0005,0.0002,147
GCF_000237205___1304,Inc-protein,0.88,0.88,0.1047,0.0153,132
GCF_000237205___1305,Inc-protein,0.843,0.843,0.1245,0.0325,133
GCF_000237205___1306,Inc-protein,0.8659,0.8659,0.0964,0.0376,135
GCF_000237205___1307,Inc-protein,0.9005,0.9005,0.0958,0.0037,219
GCF_000237205___1308,Inc-protein,0.9687,0.9687,0.008,0.0233,193
GCF_000237205___1309,Negative,0.7269,1e-04,0.7269,0.2729,222
GCF_000237205___1310,Negative,0.3646,0.0006,0.3646,0.6348,205
GCF_000237205___1311,Negative,0.9895,0.0,0.9895,0.0105,341
GCF_000237205___1312,Negative,0.9987,0.0,0.9987,0.0012,118
GCF_000237205___1313,Negative,1.0,0.0,1.0,0.0,65
GCF_000237205___1314,Negative,0.9983,0.0,0.9983,0.0017,167
GCF_000237205___1315,Negative,0.5012,0.0003,0.5012,0.4985,428
GCF_000237205___1316,Negative,0.7843,0.0,0.7843,0.2156,523
GCF_000237205___1317,Negative,0.9911,0.0,0.9911,0.0089,195
GCF_000237205___1318,Negative,0.9749,0.0005,0.0246,0.9749,292
GCF_000237205___1319,Negative,0.7875,0.0,0.7875,0.2124,381
GCF_000237205___1320,Negative,0.9662,1e-04,0.9662,0.0338,275
GCF_000237205___1321,Negative,0.9992,0.0,0.9992,0.0008,293
GCF_000237205___1322,Negative,0.889,0.0,0.889,0.111,146
GCF_000237205___1323,Negative,0.999,0.001,0.999,0.0,161
GCF_000237205___1324,Negative,0.9761,1e-04,0.9761,0.0239,162
GCF_000237205___1325,Negative,0.9859,0.0141,0.9859,0.0,153
GCF_000237205___1326,Negative,0.9955,0.0,0.9955,0.0045,194
GCF_000237205___1327,Negative,0.9502,1e-04,0.9502,0.0497,121
GCF_000237205___1328,Negative,0.998,0.0,0.998,0.002,265
GCF_000237205___1329,Inc-protein,0.9989,0.9989,0.0003,0.0008,462
GCF_000237205___1330,Negative,0.9199,1e-04,0.9199,0.08,315
GCF_000237205___1331,Negative,0.5865,0.0005,0.5865,0.4129,221
GCF_000237205___1332,Negative,0.9997,0.0,0.9997,0.0003,823
GCF_000237205___1333,Negative,0.9966,0.0,0.9966,0.0034,828
GCF_000237205___1334,Negative,0.7383,0.0022,0.7383,0.2595,148
GCF_000237205___1335,Negative,0.9982,0.0,0.9982,0.0018,603
GCF_000237205___1336,Negative,0.9078,0.0006,0.9078,0.0915,123
GCF_000237205___1337,Inc-protein,0.8969,0.8969,0.0522,0.0509,297
GCF_000237205___1338,Negative,0.3451,0.0012,0.3451,0.6537,129
GCF_000237205___1339,Negative,0.9601,0.032,0.0079,0.9601,676
GCF_000237205___1340,Negative,0.9995,1e-04,0.0004,0.9995,608
GCF_000237205___1341,Negative,0.9682,1e-04,0.9682,0.0317,245
GCF_000237205___1342,Negative,0.9283,0.0,0.9283,0.0717,431
GCF_000237205___1343,Negative,0.9241,0.0,0.9241,0.0759,587
GCF_000237205___1344,Negative,0.9185,0.0799,0.0016,0.9185,399
GCF_000237205___1345,Negative,0.9243,1e-04,0.0755,0.9243,230
GCF_000237205___1346,Negative,0.9999,0.0,0.9999,1e-04,278
GCF_000237205___1347,Negative,0.9297,0.0699,0.9297,0.0004,286
GCF_000237205___1348,Negative,0.9234,1e-04,0.9234,0.0765,320
GCF_000237205___1349,Negative,0.988,0.0,0.988,0.012,465
GCF_000237205___1350,Negative,0.1519,0.0713,0.1519,0.7767,167
GCF_000237205___1351,Inc-protein,0.9849,0.9849,0.0073,0.0078,190
GCF_000237205___1352,Negative,0.9469,0.0004,0.9469,0.0527,135
GCF_000237205___1353,Negative,0.9617,0.0004,0.0379,0.9617,679
GCF_000237205___1354,Negative,0.9933,0.0061,0.9933,0.0006,811
GCF_000237205___1355,Negative,0.2108,0.0003,0.2108,0.7889,430
GCF_000237205___1356,Negative,0.9999,0.0,0.0,0.9999,628
GCF_000237205___1357,Negative,0.9986,0.0003,0.9986,0.0012,37
GCF_000237205___1358,Negative,0.9346,0.0654,0.0,0.9346,1848
GCF_000237205___1359,Negative,0.7657,1e-04,0.7657,0.2341,172
GCF_000237205___1360,Negative,0.9693,0.0,0.9693,0.0307,621
GCF_000237205___1361,Negative,0.8093,0.0014,0.1893,0.8093,221
GCF_000237205___1362,Negative,0.5372,0.4574,0.5372,0.0053,287
GCF_000237205___1363,Negative,0.2131,0.001,0.2131,0.786,416
GCF_000237205___1364,Negative,0.9555,0.0,0.9555,0.0445,258
GCF_000237205___1365,Negative,0.9795,0.0,0.9795,0.0205,377
GCF_000237205___1366,Negative,0.1748,0.75,0.1748,0.0751,157
GCF_000237205___1367,Negative,0.9853,1e-04,0.9853,0.0146,330
GCF_000237205___1368,Negative,0.7247,0.2751,0.7247,0.0003,411
GCF_000237205___1369,Negative,0.5769,0.423,0.5769,0.0002,423
GCF_000237205___1370,Negative,0.977,0.0199,0.977,0.0032,105
GCF_000237205___1371,Negative,0.9997,0.0,0.9997,0.0003,188
GCF_000237205___1372,Negative,0.9987,0.0,0.9987,0.0013,338
GCF_000237205___1373,Negative,0.9728,0.0003,0.027,0.9728,416
GCF_000237205___1374,Negative,0.9274,0.0724,0.9274,1e-04,122
GCF_000237205___1375,Negative,0.999,0.0003,0.0007,0.999,347
GCF_000237205___1376,Negative,0.9422,0.0108,0.9422,0.047,140
GCF_000237205___1377,Negative,0.9961,1e-04,0.9961,0.0039,118
GCF_000237205___1378,Negative,0.0067,0.7501,0.0067,0.2432,303
GCF_000237205___1379,Negative,0.975,0.0193,0.0057,0.975,459
GCF_000237205___1380,Negative,0.3628,0.0017,0.3628,0.6355,233
GCF_000237205___1381,Negative,0.9591,0.0013,0.0396,0.9591,276
GCF_000237205___1382,Negative,0.7962,0.2023,0.7962,0.0014,425
GCF_000237205___1383,Negative,0.9464,0.0534,0.0002,0.9464,237
GCF_000237205___1384,Negative,0.9992,0.0007,0.0002,0.9992,505
GCF_000237205___1385,Negative,0.9504,0.0384,0.0112,0.9504,366
GCF_000237205___1386,Negative,0.998,0.0,0.998,0.002,335
GCF_000237205___1387,Negative,0.9904,0.0,0.0096,0.9904,945
GCF_000237205___1388,Negative,0.9672,1e-04,0.9672,0.0327,932
GCF_000237205___1389,Negative,0.9743,0.0,0.9743,0.0257,2746
GCF_000237205___1390,Negative,0.9163,1e-04,0.9163,0.0837,625
GCF_000237205___1391,Negative,0.7293,0.0007,0.7293,0.27,76
GCF_000237205___1392,Negative,0.8912,0.0003,0.8912,0.1085,179
GCF_000237205___1393,Negative,0.999,0.0009,0.999,0.0,473
GCF_000237205___1394,Negative,0.9992,0.0008,0.9992,0.0,460
GCF_000237205___1395,Negative,0.9516,0.0048,0.9516,0.0436,311
GCF_000237205___1396,Negative,0.9074,0.0,0.9074,0.0925,336
GCF_000237205___1397,Negative,0.8626,0.1369,0.8626,0.0004,429
GCF_000237205___1398,Negative,0.9655,0.0005,0.034,0.9655,152
GCF_000237205___1399,Negative,0.8455,0.0031,0.8455,0.1515,170
GCF_000237205___1400,Negative,0.9689,0.0275,0.0036,0.9689,559
GCF_000237205___1401,Inc-protein,0.9997,0.9997,1e-04,0.0002,463
GCF_000237205___1402,Negative,0.9964,0.0,0.9964,0.0036,459
GCF_000237205___1403,Negative,0.9673,1e-04,0.9673,0.0325,363
GCF_000237205___1404,Negative,0.948,1e-04,0.948,0.0519,360
GCF_000237205___1405,Negative,0.998,0.002,0.998,0.0,140
GCF_000237205___1406,Negative,0.9636,0.0357,0.9636,0.0007,642
GCF_000237205___1407,Negative,0.7755,0.032,0.7755,0.1925,173
GCF_000237205___1408,Negative,0.5532,0.0,0.5532,0.4468,64
GCF_000237205___1409,Negative,0.9391,0.0,0.9391,0.0609,435
GCF_000237205___1410,Negative,0.9937,0.0,0.9937,0.0063,589
GCF_000237205___1411,Negative,0.5664,0.0002,0.5664,0.4334,258
GCF_000237205___1412,Negative,0.8671,1e-04,0.8671,0.1328,220
GCF_000237205___1413,Negative,0.9568,0.0034,0.0398,0.9568,284
GCF_000237205___1414,Negative,0.9658,0.0016,0.9658,0.0326,92
GCF_000237205___1415,Negative,0.8198,0.0011,0.1791,0.8198,209
GCF_000237205___1416,Negative,0.9261,0.0094,0.9261,0.0646,95
GCF_000237205___1417,Negative,0.8293,0.0004,0.1703,0.8293,166
GCF_000237205___1418,Negative,0.9979,0.0,0.9979,0.0021,316
GCF_000237205___1419,Negative,0.286,0.0002,0.286,0.7138,112
GCF_000237205___1420,Negative,0.9886,0.0,0.9886,0.0114,76
GCF_000237205___1421,Negative,0.9939,0.0,0.9939,0.006,281
GCF_000237205___1422,Negative,0.9327,0.0003,0.9327,0.067,173
GCF_000237205___1423,Negative,0.9809,0.0075,0.9809,0.0116,474
GCF_000237205___1424,Inc-protein,0.98,0.98,0.0003,0.0197,241
GCF_000237205___1425,Negative,0.9372,0.0159,0.0469,0.9372,189
GCF_000237205___1426,Negative,0.8259,0.0,0.8259,0.1741,233
GCF_000237205___1427,Negative,0.9986,0.0,0.9986,0.0014,1388
GCF_000237205___1428,Negative,0.9973,0.0,0.9973,0.0027,1254
GCF_000237205___1429,Negative,0.9907,1e-04,0.9907,0.0092,135
GCF_000237205___1430,Negative,0.8744,0.0,0.8744,0.1256,172
GCF_000237205___1431,Negative,0.9988,0.0,0.9988,0.0012,232
GCF_000237205___1432,Negative,0.9998,0.0,0.9998,0.0002,142
GCF_000237205___1433,Negative,0.9917,0.0,0.9917,0.0083,183
GCF_000237205___1434,Negative,0.7975,0.2012,0.7975,0.0013,84
GCF_000237205___1435,Negative,0.9998,0.0,0.9998,0.0002,394
GCF_000237205___1436,Negative,0.9968,0.0,0.9968,0.0032,72
GCF_000237205___1437,Inc-protein,0.9996,0.9996,0.0,0.0004,305
GCF_000237205___1438,Negative,0.8292,1e-04,0.8292,0.1707,153
GCF_000237205___1439,Negative,0.9708,0.0,0.9708,0.0292,56
GCF_000237205___1440,Inc-protein,0.9995,0.9995,0.0002,0.0002,280
GCF_000237205___1441,Negative,0.9707,0.0,0.9707,0.0293,392
GCF_000237205___1442,Negative,0.997,0.0009,0.0021,0.997,581
GCF_000237205___1443,Negative,0.9962,0.0,0.9962,0.0038,112
GCF_000237205___1444,Negative,0.9821,0.0,0.9821,0.0179,294
GCF_000237205___1445,Negative,0.8838,0.0007,0.1156,0.8838,704
GCF_000237205___1446,Inc-protein,0.978,0.978,1e-04,0.0219,452
GCF_000237205___1447,Negative,0.9995,0.0005,0.9995,0.0,409
GCF_000237205___1448,Negative,0.9895,0.0024,0.9895,0.0081,398
GCF_000237205___1449,Negative,0.9913,0.0002,0.0085,0.9913,121
GCF_000237205___1450,Negative,0.9472,0.0528,0.9472,0.0,233
GCF_000237205___1451,Negative,0.9308,0.0685,0.9308,0.0007,355
GCF_000237205___1452,Negative,0.8896,0.1097,0.8896,0.0007,425
GCF_000237205___1453,Negative,0.8304,0.1685,0.8304,0.001,415
GCF_000237205___1454,Negative,0.7769,0.2221,0.7769,0.001,431
GCF_000237205___1455,Negative,0.7456,0.2533,0.7456,0.0011,431
GCF_000237205___1456,Negative,0.9527,0.047,0.9527,0.0002,434
GCF_000237205___1457,Negative,0.7523,0.0002,0.7523,0.2475,206
GCF_000237205___1458,Negative,0.999,0.0,0.999,0.001,266
GCF_000237205___1459,Negative,0.9988,0.0,0.9988,0.0012,298
GCF_000237205___1460,Negative,0.999,0.0,0.999,0.001,97
GCF_000237205___1461,Negative,0.94,0.0,0.94,0.06,314
GCF_000237205___1462,Negative,0.8913,0.1085,0.8913,0.0002,593
GCF_000237205___1463,Negative,0.9979,0.0005,0.0016,0.9979,259
GCF_000237205___1464,Negative,0.9672,0.0,0.9672,0.0328,184
GCF_000237205___1465,Negative,0.9115,0.0,0.9115,0.0885,319
GCF_000237205___1466,Negative,0.9925,0.0023,0.0052,0.9925,1162
GCF_000237205___1467,Negative,0.7166,0.0041,0.7166,0.2793,393
GCF_000237205___1468,Negative,0.946,0.0058,0.0482,0.946,284
GCF_000237205___1469,Negative,0.9497,1e-04,0.9497,0.0502,366
GCF_000237205___1470,Negative,0.9684,0.0,0.9684,0.0315,136
GCF_000237205___1471,Negative,0.9831,0.0003,0.0166,0.9831,371
GCF_000237205___1472,Negative,0.9475,0.0,0.9475,0.0524,268
GCF_000237205___1473,Negative,0.9619,1e-04,0.0379,0.9619,179
GCF_000237205___1474,Negative,0.911,0.002,0.087,0.911,134
GCF_000237205___1475,Negative,0.9927,0.0072,0.9927,0.0002,109
GCF_000237205___1476,Negative,0.4757,0.524,0.4757,0.0003,147
GCF_000237205___1477,Negative,0.9902,0.0,0.9902,0.0098,145
GCF_000237205___1478,Negative,0.3102,0.0049,0.3102,0.6849,313
GCF_000237205___1479,Negative,0.9261,0.0735,0.9261,0.0005,504
GCF_000237205___1480,Negative,0.4193,1e-04,0.4193,0.5806,165
GCF_000237205___1481,Negative,0.3513,0.005,0.3513,0.6436,220
GCF_000237205___1482,Negative,0.9709,0.0,0.9709,0.029,462
GCF_000237205___1483,Negative,0.999,0.0,0.0009,0.999,3273
GCF_000237205___1484,Negative,0.9707,0.0278,0.0015,0.9707,488
GCF_000237205___1485,Negative,0.3041,0.0551,0.3041,0.6408,95
GCF_000237205___1486,Negative,0.7173,0.2804,0.7173,0.0023,405
GCF_000237205___1487,Negative,0.8943,0.1048,0.8943,0.001,273
GCF_000237205___1488,Negative,0.8946,0.0002,0.1051,0.8946,178
GCF_000237205___1489,Inc-protein,0.9982,0.9982,0.0,0.0018,664
GCF_000237205___1490,Negative,0.9966,0.0034,0.9966,1e-04,398
GCF_000237205___1491,Negative,0.9994,0.0,0.9994,0.0006,85
GCF_000237205___1492,Negative,0.9551,0.0444,0.9551,0.0005,543
GCF_000237205___1493,Negative,0.9949,0.0004,0.9949,0.0048,303
GCF_000237205___1494,Negative,0.4459,0.056,0.4459,0.4981,473
GCF_000237205___1495,Negative,0.9933,0.0,0.9933,0.0067,409
GCF_000237205___1496,Negative,0.9823,0.0,0.9823,0.0177,203
GCF_000237205___1497,Negative,0.9994,0.0,0.9994,0.0006,488
GCF_000237205___1498,Negative,0.8502,0.0026,0.8502,0.1473,139
GCF_000237205___1499,Inc-protein,0.9967,0.9967,0.0027,0.0006,421
GCF_000237205___1500,Negative,0.5934,0.0076,0.5934,0.399,315
GCF_000237205___1501,Negative,0.9939,0.0007,0.0054,0.9939,334
GCF_000237205___1502,Negative,0.2649,0.0006,0.2649,0.7345,107
GCF_000237205___1503,Negative,0.9047,0.001,0.9047,0.0943,136
GCF_000237205___1504,Negative,0.772,0.0004,0.772,0.2277,362
GCF_000237205___1505,Negative,0.9522,0.0093,0.9522,0.0385,623
GCF_000237205___1506,Negative,0.5539,0.4454,0.5539,0.0007,419
GCF_000237205___1507,Inc-protein,0.9862,0.9862,0.0084,0.0054,124
GCF_000237205___1508,Negative,0.9992,0.0,0.9992,0.0008,301
GCF_000237205___1509,Negative,0.9968,0.0,0.9968,0.0032,1038
GCF_000237205___1510,Negative,0.9626,1e-04,0.0372,0.9626,333
GCF_000237205___1511,Negative,0.2171,0.0008,0.2171,0.7821,218
GCF_000237205___1512,Negative,0.9417,0.0023,0.056,0.9417,368
GCF_000237205___1513,Negative,0.9893,0.0,0.9893,0.0106,177
GCF_000237205___1514,Negative,0.8172,0.0,0.8172,0.1827,352
GCF_000237205___1515,Negative,0.9961,1e-04,0.9961,0.0038,117
GCF_000237205___1516,Negative,0.9994,0.0,0.9994,0.0006,117
GCF_000237205___1517,Negative,0.9897,0.0,0.9897,0.0103,116
GCF_000237205___1518,Negative,0.842,1e-04,0.842,0.1579,270
GCF_000237205___1519,Negative,0.9977,0.0,0.9977,0.0023,862
GCF_000237205___1520,Negative,0.7438,0.0004,0.7438,0.2558,173
GCF_000237205___1521,Negative,0.9953,0.0,0.9953,0.0046,228
GCF_000237205___1522,Negative,0.9998,0.0,0.9998,0.0002,377
GCF_000237205___1523,Negative,0.2069,0.7727,0.2069,0.0205,118
GCF_000237205___1524,Negative,0.998,0.0,0.998,0.002,123
GCF_000237205___1525,Negative,0.9895,1e-04,0.9895,0.0104,204
GCF_000237205___1526,Negative,0.9685,1e-04,0.9685,0.0314,407
GCF_000237205___1527,Negative,0.9982,0.0,0.9982,0.0017,197
GCF_000237205___1528,Negative,0.9903,0.0,0.9903,0.0097,350
GCF_000237205___1529,Negative,0.9895,0.006,0.0045,0.9895,814
GCF_000237205___1530,Negative,0.9799,0.0,0.9799,0.0201,432
GCF_000237205___1531,Negative,0.9973,0.0,0.9973,0.0027,212
GCF_000237205___1532,Negative,0.9403,0.0002,0.9403,0.0595,746
GCF_000237205___1533,Negative,0.9825,0.0171,0.9825,0.0003,506
GCF_000237205___1534,Negative,0.978,0.0,0.978,0.022,314
GCF_000237205___1535,Negative,0.9952,0.0047,0.9952,0.0,292
GCF_000237205___1536,Negative,0.8373,0.0007,0.8373,0.162,51
GCF_000237205___1537,Negative,0.9957,0.0043,0.9957,0.0,113
GCF_000237205___1538,Negative,0.9954,0.0046,0.9954,0.0,203
GCF_000237205___1539,Negative,0.9993,0.0007,0.9993,0.0,653
GCF_000237205___1540,Negative,0.9994,0.0006,0.9994,0.0,288
GCF_000237205___1541,Negative,0.8342,1e-04,0.8342,0.1656,140
GCF_000237205___1542,Negative,0.3401,1e-04,0.3401,0.6598,165
GCF_000237205___1543,Negative,0.9873,0.0002,0.0126,0.9873,256
GCF_000237205___1544,Negative,0.5551,0.0007,0.5551,0.4442,286
GCF_000237205___1545,Negative,0.8171,0.0006,0.8171,0.1822,264
GCF_000237205___1546,Negative,0.9883,0.0003,0.0114,0.9883,574
GCF_000237205___1547,Negative,0.9814,0.0002,0.9814,0.0184,123
GCF_000237205___1548,Negative,0.8926,0.1061,0.8926,0.0013,400
GCF_000237205___1549,Negative,0.7856,0.1742,0.7856,0.0401,99
GCF_000237205___1550,Negative,0.9012,1e-04,0.9012,0.0988,73
GCF_000237205___1551,Negative,0.9016,0.0,0.9016,0.0984,254
GCF_000237205___1552,Negative,0.9831,0.0,0.9831,0.0169,434
GCF_000237205___1553,Negative,0.9989,0.0,0.001,0.9989,242
GCF_000237205___1554,Negative,0.2714,0.0005,0.2714,0.7281,385
GCF_000237205___1555,Negative,0.8823,0.0,0.8823,0.1177,272
GCF_000237205___1556,Negative,0.2567,0.6891,0.2567,0.0541,265
GCF_000237205___1557,Negative,0.7202,0.2797,0.7202,0.0,442
GCF_000237205___1558,Negative,0.891,0.0054,0.1036,0.891,267
GCF_000237205___1559,Negative,0.9905,0.0094,0.9905,0.0,279
GCF_000237205___1560,Negative,0.9819,0.0,0.9819,0.0181,1083
GCF_000237205___1561,Negative,0.9984,0.0,0.9984,0.0016,353
GCF_000237205___1562,Negative,0.0257,0.3582,0.0257,0.6162,316
GCF_000237205___1563,Negative,0.9889,1e-04,0.011,0.9889,145
GCF_000237205___1564,Negative,0.9457,0.0003,0.054,0.9457,138
GCF_000237205___1565,Negative,0.9987,0.0002,0.0012,0.9987,378
GCF_000237205___1566,Negative,0.5698,0.0002,0.5698,0.43,176
GCF_000237205___1567,Negative,0.9174,0.0,0.9174,0.0826,983
GCF_000237205___1568,Negative,0.6335,0.0019,0.6335,0.3646,202
GCF_000237205___1569,Negative,0.9837,1e-04,0.9837,0.0162,484
GCF_000237205___1570,Negative,0.2626,0.0004,0.2626,0.737,291
GCF_000237205___1571,Negative,0.997,0.0,0.997,0.003,310
GCF_000237205___1572,Negative,0.9858,0.0,0.0142,0.9858,498
GCF_000237205___1573,Negative,0.9945,0.0,0.9945,0.0055,498
GCF_000237205___1574,Negative,0.6056,1e-04,0.6056,0.3943,82
GCF_000237205___1575,Negative,0.7835,0.0,0.7835,0.2165,230
GCF_000237205___1576,Negative,0.9974,0.0,0.9974,0.0026,339
GCF_000237205___1577,Negative,0.9997,0.0,0.9997,0.0003,345
GCF_000237205___1578,Negative,0.9966,0.0,0.9966,0.0033,392
GCF_000237205___1579,Negative,0.9865,0.0,0.9865,0.0135,223
GCF_000237205___1580,Negative,0.7283,0.0022,0.7283,0.2695,257
GCF_000237205___1581,Negative,0.9741,0.0002,0.9741,0.0257,254
GCF_000237205___1582,Negative,0.7234,0.1699,0.7234,0.1067,354
GCF_000237205___1583,Negative,0.6185,0.3815,0.6185,0.0,383
GCF_000237205___1584,Negative,0.9995,0.0,0.9995,0.0005,291
GCF_000237205___1585,Negative,0.9998,0.0,0.9998,0.0002,386
GCF_000237205___1586,Negative,0.9771,1e-04,0.9771,0.0228,337
GCF_000237205___1587,Negative,0.4384,0.0048,0.4384,0.5567,293
GCF_000237205___1588,Negative,0.9925,0.0036,0.0039,0.9925,304
GCF_000237205___1589,Negative,0.9998,0.0,0.0002,0.9998,231
GCF_000237205___1590,Negative,0.9614,0.0,0.9614,0.0386,743
GCF_000237205___1591,Negative,0.9829,0.0,0.9829,0.0171,329
GCF_000237205___1592,Negative,0.9712,0.0004,0.0284,0.9712,223
GCF_000237205___1593,Negative,0.9547,0.0007,0.0446,0.9547,184
GCF_000237205___1594,Negative,0.9973,0.0,0.9973,0.0027,766
GCF_000237205___1595,Negative,0.1985,0.0028,0.1985,0.7988,365
GCF_000237205___1596,Negative,0.9998,0.0,0.9998,0.0002,703
GCF_000237205___1597,Negative,0.9979,0.0,0.9979,0.0021,397
GCF_000237205___1598,Negative,0.9794,1e-04,0.9794,0.0206,78
GCF_000237205___1599,Negative,0.6703,0.0084,0.6703,0.3214,63
GCF_000237205___1600,Negative,0.8832,0.0009,0.8832,0.1158,60
GCF_000237205___1601,Negative,0.8871,0.001,0.8871,0.1119,102
GCF_000237205___1602,Negative,0.5884,0.4106,0.5884,0.001,105
GCF_000237205___1603,Negative,0.8756,1e-04,0.8756,0.1243,470
GCF_000237205___1604,Negative,0.9131,1e-04,0.9131,0.0868,905
GCF_000237205___1605,Negative,0.9819,0.001,0.017,0.9819,55
GCF_000237205___1606,Negative,0.2922,1e-04,0.2922,0.7076,100
GCF_000237205___1607,Negative,0.5571,0.4426,0.5571,0.0003,99
GCF_000237205___1608,Negative,0.9069,0.0,0.9069,0.0931,168
GCF_000237205___1609,Negative,0.8884,0.0,0.8884,0.1116,140
GCF_000237205___1610,Negative,0.9915,0.0,0.9915,0.0084,418
GCF_000237205___1611,Negative,0.9941,0.0,0.9941,0.0058,126
GCF_000237205___1612,Negative,0.8517,0.0005,0.8517,0.1478,205
GCF_000237205___1613,Negative,0.9534,1e-04,0.9534,0.0465,163
GCF_000237205___1614,Negative,0.9996,0.0002,0.0002,0.9996,520
GCF_000237205___1615,Negative,0.5918,0.0016,0.5918,0.4066,288
GCF_000237205___1616,Negative,0.3597,0.0009,0.3597,0.6394,302
GCF_000237205___1617,Negative,0.9373,0.0002,0.9373,0.0625,336
GCF_000237205___1618,Negative,0.9773,0.0,0.9773,0.0227,114
GCF_000237205___1619,Negative,0.9981,0.0,0.9981,0.0019,76
GCF_000237205___1620,Negative,0.9897,0.0028,0.0075,0.9897,182
GCF_000237205___1621,Negative,0.8311,0.0025,0.8311,0.1664,113
GCF_000237205___1622,Negative,0.9488,0.0121,0.9488,0.0392,251
GCF_000237205___1623,Negative,0.9921,0.0,0.9921,0.0079,428
GCF_000237205___1624,Negative,0.8633,1e-04,0.8633,0.1366,336
GCF_000237205___1625,Negative,0.9412,0.0003,0.9412,0.0585,252
GCF_000237205___1626,Inc-protein,0.9991,0.9991,0.0004,0.0005,182
GCF_000237205___1627,Negative,0.8684,0.1308,0.8684,0.0008,410
GCF_000237205___1628,Negative,0.8449,0.0004,0.8449,0.1547,372
GCF_000237205___1629,Negative,0.9976,0.0024,0.9976,0.0,358
GCF_000237205___1630,Negative,0.9932,1e-04,0.9932,0.0068,224
GCF_000237205___1631,Negative,0.9943,0.0,0.9943,0.0057,391
GCF_000237205___1632,Negative,0.9826,0.0171,0.9826,0.0003,396
GCF_000237205___1633,Negative,0.9374,1e-04,0.9374,0.0625,436
GCF_000237205___1634,Inc-protein,0.9696,0.9696,0.0016,0.0288,208
GCF_000237205___1635,Inc-protein,0.9982,0.9982,0.0003,0.0015,173
GCF_000237205___1636,Negative,0.9961,1e-04,0.9961,0.0039,118
GCF_000237205___1637,Negative,0.9428,0.0189,0.9428,0.0382,140
GCF_000237205___1638,Inc-protein,0.9547,0.9547,0.0317,0.0136,237
GCF_000237205___1639,Inc-protein,0.9937,0.9937,0.0002,0.0062,162
GCF_000237205___1640,Inc-protein,0.9997,0.9997,1e-04,0.0003,214
GCF_000237205___1641,Negative,0.9153,0.0,0.9153,0.0846,269
GCF_000237205___1642,Negative,0.9547,0.0,0.9547,0.0453,319
GCF_000237205___1643,Negative,0.9956,0.0,0.9956,0.0044,233
GCF_000237205___1644,Negative,0.2235,0.0136,0.2235,0.7629,126
GCF_000237205___1645,Negative,0.9341,0.003,0.9341,0.0628,127
GCF_000237205___1646,Negative,1.0,0.0,1.0,0.0,292
GCF_000237205___1647,Negative,0.9994,0.0,0.9994,0.0006,186
GCF_000237205___1648,Negative,0.9983,0.0,0.9983,0.0017,455
GCF_000237205___1649,Negative,0.9979,0.0,0.9979,0.0021,157
GCF_000237205___1650,Negative,0.9826,0.0,0.9826,0.0174,185
GCF_000237205___1651,Negative,0.4378,0.0029,0.4378,0.5593,230
GCF_000237205___1652,Negative,0.9983,0.0,0.9983,0.0017,321
GCF_000237205___1653,Negative,0.9988,0.0,0.9988,0.0012,240
GCF_000237205___1654,Negative,0.9865,0.0133,0.9865,0.0002,484
GCF_000237205___1655,Negative,0.9977,0.0002,0.0022,0.9977,577
GCF_000237205___1656,Negative,0.9591,1e-04,0.9591,0.0409,263
GCF_000237205___1657,Negative,0.8305,0.0005,0.1689,0.8305,208
GCF_000237205___1658,Negative,0.9461,0.0028,0.9461,0.0511,58
GCF_000237205___1659,Negative,0.9337,0.0,0.9337,0.0663,543
GCF_000237205___1660,Negative,0.7359,0.0003,0.7359,0.2638,424
GCF_000237205___1661,Negative,0.8949,1e-04,0.8949,0.1049,797
GCF_000237205___1662,Negative,0.9985,0.0,0.9985,0.0015,120
GCF_000237205___1663,Negative,0.9983,0.0,0.9983,0.0017,227
GCF_000237205___1664,Negative,0.9625,0.0007,0.0368,0.9625,301
GCF_000237205___1665,Negative,0.9955,0.0,0.9955,0.0045,365
GCF_000237205___1666,Negative,0.0223,0.4889,0.0223,0.4888,455
GCF_000237205___1667,Negative,0.0022,0.5642,0.0022,0.4336,300
GCF_000237205___1668,Negative,0.5217,0.4778,0.5217,0.0005,358
GCF_000237205___1669,Negative,0.9955,0.0045,0.9955,0.0,708
GCF_000237205___1670,Negative,0.8584,0.1404,0.8584,0.0011,502
GCF_000237205___1671,Negative,0.9969,0.0007,0.0024,0.9969,395
GCF_000237205___1672,Negative,0.7751,0.0005,0.7751,0.2244,154
GCF_000237205___1673,Negative,0.9716,0.0,0.9716,0.0284,524
GCF_000237205___1674,Negative,0.9975,0.0,0.0024,0.9975,364
GCF_000237205___1675,Negative,0.9782,0.0074,0.0144,0.9782,135
GCF_000237205___1676,Negative,0.9957,0.0003,0.004,0.9957,521
GCF_000237205___1677,Negative,0.9982,0.0,0.9982,0.0018,510
GCF_000237205___1678,Negative,0.9992,0.0008,0.9992,0.0,303
GCF_000237205___1679,Negative,0.8586,0.0002,0.1412,0.8586,151
GCF_000237205___1680,Negative,0.9765,0.0,0.9765,0.0235,877
GCF_000237205___1681,Negative,0.379,0.1523,0.379,0.4686,909
GCF_000237205___1682,Inc-protein,0.9929,0.9929,0.0024,0.0047,160
GCF_000237205___1683,Negative,0.9908,0.0,0.9908,0.0091,469
GCF_000237205___1684,Negative,0.9996,0.0,0.9996,0.0004,91
GCF_000237205___1685,Negative,0.8094,0.0193,0.1712,0.8094,331
GCF_000237205___1686,Inc-protein,0.9726,0.9726,0.0006,0.0268,247
GCF_000237205___1687,Negative,0.9921,0.0079,0.9921,0.0,455
GCF_000237205___1688,Negative,0.9437,0.0558,0.9437,0.0006,434
GCF_000237205___1689,Negative,0.6761,1e-04,0.6761,0.3238,489
GCF_000237205___1690,Negative,0.7759,0.0,0.7759,0.224,499
GCF_000237205___1691,Negative,0.9592,0.0,0.9592,0.0408,882
GCF_000237205___1692,Negative,0.9166,0.0,0.9166,0.0834,531
GCF_000237205___1693,Negative,0.9749,0.0085,0.0166,0.9749,422
GCF_000237205___1694,Inc-protein,0.9917,0.9917,0.0002,0.0081,276
GCF_000237205___1695,Negative,0.9989,0.0011,0.9989,0.0,201
GCF_000237205___1696,Negative,0.9951,0.0,0.9951,0.0049,247
GCF_000237205___1697,Negative,0.9969,0.0,0.9969,0.0031,291
GCF_000237205___1698,Negative,0.0028,0.5112,0.0028,0.4859,203
GCF_000237205___1699,Negative,0.9524,1e-04,0.9524,0.0475,128
GCF_000237205___1700,Negative,0.9006,0.0,0.9006,0.0994,112
GCF_000237205___1701,Inc-protein,0.996,0.996,0.0033,0.0008,381
GCF_000237205___1702,Negative,0.9942,0.0,0.9942,0.0058,455
GCF_000237205___1703,Negative,0.4022,0.0005,0.4022,0.5973,69
GCF_000237205___1704,Negative,0.6705,0.3295,0.6705,0.0,304
GCF_000237205___1705,Negative,0.2667,0.4286,0.2667,0.3047,133
GCF_000237205___1706,Negative,0.9965,0.0025,0.001,0.9965,898
GCF_000237205___1707,Negative,0.9599,0.0,0.9599,0.0401,442
GCF_000237205___1708,Negative,0.9975,0.0,0.9975,0.0025,334
GCF_000237205___1709,Negative,0.9891,0.0,0.9891,0.0109,294
GCF_000237205___1710,Negative,0.8661,0.0003,0.8661,0.1336,207
GCF_000237205___1711,Negative,0.9999,0.0,0.9999,1e-04,79
GCF_000237205___1712,Negative,0.8541,0.0,0.8541,0.1459,113
GCF_000237205___1713,Negative,0.9944,0.0,0.9944,0.0056,190
GCF_000237205___1714,Negative,0.9885,0.0,0.9885,0.0115,185
GCF_000237205___1715,Negative,0.9988,0.0,0.9988,0.0012,313
GCF_000237205___1716,Negative,0.8454,0.0076,0.8454,0.1469,68
GCF_000237205___1717,Negative,0.7421,0.0002,0.7421,0.2577,383
GCF_000237205___1718,Negative,0.9254,0.0015,0.9254,0.0731,87
GCF_000237205___1719,Negative,0.669,0.0003,0.669,0.3307,496
GCF_000237205___1720,Negative,0.9764,0.0235,0.9764,1e-04,211
GCF_000237205___1721,Negative,0.9583,0.0415,0.0003,0.9583,479
GCF_000237205___1722,Negative,0.9654,0.0,0.9654,0.0346,362
GCF_000237205___1723,Negative,0.8675,0.0,0.8675,0.1325,1024
GCF_000237205___1724,Negative,0.9341,0.0,0.9341,0.0659,203
GCF_000237205___1725,Negative,0.9792,0.0208,0.9792,0.0,174
GCF_000237205___1726,Negative,0.5077,1e-04,0.5077,0.4923,597
GCF_000237205___1727,Negative,0.9998,0.0002,0.0,0.9998,183
GCF_000237205___1728,Negative,0.9238,0.0,0.9238,0.0761,864
GCF_000237205___1729,Negative,0.694,0.0007,0.694,0.3053,102
GCF_000237205___1730,Negative,0.3173,0.0002,0.3173,0.6825,116
GCF_000237205___1731,Negative,0.9485,1e-04,0.9485,0.0515,606
GCF_000237205___1732,Inc-protein,0.828,0.828,0.1719,1e-04,168
GCF_000237205___1733,Negative,0.8473,0.0006,0.8473,0.152,151
GCF_000237205___1734,Negative,0.985,0.003,0.012,0.985,452
GCF_000237205___1735,Negative,0.7567,0.2346,0.7567,0.0087,155
GCF_000237205___1736,Negative,0.999,0.0,0.999,0.001,101
GCF_000237205___1737,Negative,0.9995,0.0,0.9995,0.0005,45
GCF_000237205___1738,Negative,1.0,0.0,1.0,0.0,44
GCF_000237205___1739,Negative,0.8221,1e-04,0.8221,0.1778,126
GCF_000237205___1740,Negative,0.9744,0.0,0.9744,0.0255,646
GCF_000237205___1741,Negative,0.9916,0.0011,0.0073,0.9916,320
GCF_000237205___1742,Negative,0.769,1e-04,0.769,0.2309,152
GCF_000237205___1743,Negative,0.9069,1e-04,0.9069,0.093,292
GCF_000237205___1744,Negative,0.9687,1e-04,0.0312,0.9687,231
GCF_000237205___1745,Negative,0.8951,1e-04,0.8951,0.1048,126
GCF_000237205___1746,Negative,0.9988,0.0012,0.9988,0.0,395
GCF_000237205___1747,Negative,0.8917,0.0,0.8917,0.1083,414
GCF_000237205___1748,Negative,0.2183,0.001,0.2183,0.7807,251
GCF_000237205___1749,Negative,0.8949,1e-04,0.8949,0.105,381
GCF_000237205___1750,Negative,0.8131,0.0021,0.8131,0.1848,75
GCF_000237205___1751,Inc-protein,0.9645,0.9645,0.0008,0.0347,169
GCF_000237205___1752,Negative,0.9808,0.0,0.9808,0.0192,150
GCF_000237205___1753,Negative,0.3076,1e-04,0.3076,0.6923,390
GCF_000237205___1754,Negative,0.979,0.0,0.979,0.021,514
GCF_000237205___1755,Negative,0.6665,0.0,0.6665,0.3335,342
GCF_000237205___1756,Negative,0.9429,0.0005,0.0566,0.9429,967
GCF_000237205___1757,Negative,0.9883,0.0004,0.0113,0.9883,112
GCF_000237205___1758,Negative,0.9382,0.0002,0.9382,0.0615,112
GCF_000237205___1759,Negative,0.9766,0.0,0.0234,0.9766,1781
GCF_000237205___1760,Negative,0.45,0.0003,0.45,0.5496,61
GCF_000237205___1761,Negative,0.9898,0.0021,0.9898,0.0082,164
GCF_000237205___1762,Negative,0.2762,1e-04,0.2762,0.7237,87
GCF_000237205___1763,Negative,0.5848,0.1601,0.5848,0.2551,236
GCF_000237205___1764,Negative,0.9045,0.0,0.9045,0.0955,346
GCF_000237205___1765,Negative,0.6224,0.2072,0.6224,0.1705,78
GCF_000237205___1766,Negative,0.95,0.0,0.95,0.05,876
GCF_000237205___1767,Negative,0.9887,0.0,0.9887,0.0112,459
GCF_000237205___1768,Negative,0.9961,0.0039,0.9961,0.0,236
GCF_000237205___1769,Negative,0.9944,0.0056,0.9944,0.0,193
GCF_000237205___1770,Negative,0.984,0.001,0.015,0.984,113
GCF_000237205___1771,Negative,0.9958,0.0005,0.0037,0.9958,1820
GCF_000237205___1772,Negative,0.9868,1e-04,0.0131,0.9868,845
GCF_000237205___1773,Negative,0.9824,0.0002,0.0175,0.9824,764
GCF_000237205___1774,Negative,0.9978,0.0,0.9978,0.0022,237
GCF_000237205___1775,Negative,0.9578,1e-04,0.9578,0.0421,166
GCF_000237205___1776,Negative,0.8177,0.0002,0.8177,0.1821,175
GCF_000237205___1777,Negative,0.9993,0.0,0.9993,0.0007,326
GCF_000237205___1778,Negative,0.6871,0.1986,0.6871,0.1143,106
GCF_000237205___1779,Negative,0.4607,0.0022,0.4607,0.5371,101
GCF_000237205___1780,Negative,0.9547,1e-04,0.9547,0.0451,275
GCF_000237205___1781,Negative,0.9428,0.0189,0.9428,0.0382,140
GCF_000237205___1782,Negative,0.9961,1e-04,0.9961,0.0039,118
GCF_000237205___1783,Negative,0.9787,1e-04,0.0211,0.9787,380
GCF_000237205___1784,Negative,0.252,0.0005,0.252,0.7475,752
GCF_000237205___1785,Negative,0.9616,0.0,0.9616,0.0384,85
GCF_000237205___1786,Negative,0.9916,0.0,0.9916,0.0084,226
GCF_000237205___1787,Negative,0.9961,0.0,0.9961,0.0039,245
GCF_000237205___1788,Negative,0.9978,0.002,0.0003,0.9978,357
GCF_000237205___1789,Negative,0.9905,0.001,0.9905,0.0085,253
GCF_000237205___1790,Inc-protein,0.9997,0.9997,0.0002,0.0,416
GCF_000237205___1791,Negative,0.9083,0.0002,0.9083,0.0916,421
GCF_000237205___1792,Negative,0.6733,1e-04,0.6733,0.3266,269
GCF_000237205___1793,Negative,0.986,1e-04,0.014,0.986,357
GCF_000237205___1794,Negative,0.9473,1e-04,0.9473,0.0526,262
GCF_000237205___1795,Negative,0.4995,0.5002,0.4995,0.0002,253
GCF_000237205___1796,Negative,0.4496,0.0,0.4496,0.5504,591
GCF_000237205___1797,Negative,0.9011,0.0,0.9011,0.0989,122
GCF_000237205___1798,Negative,0.5757,0.0,0.5757,0.4243,524
GCF_000237205___1799,Negative,0.2233,0.0,0.2233,0.7767,151
GCF_000237205___1800,Negative,0.8657,0.0,0.8657,0.1342,208
GCF_000237205___1801,Negative,0.9944,0.0055,0.9944,0.0,139
GCF_000237205___1802,Negative,0.9958,0.0,0.9958,0.0041,175
GCF_000237205___1803,Negative,0.9877,0.0,0.9877,0.0123,175
GCF_000237205___1804,Negative,0.9963,0.0,0.9963,0.0037,173
GCF_000237205___1805,Negative,0.9529,1e-04,0.9529,0.047,187
GCF_000237205___1806,Negative,0.6715,0.001,0.6715,0.3275,37
GCF_000237205___1807,Negative,0.3092,1e-04,0.3092,0.6906,205
GCF_000237205___1808,Negative,0.9625,0.0004,0.9625,0.0371,487
GCF_000237205___1809,Negative,0.8112,0.0494,0.1394,0.8112,154
GCF_000237205___1810,Negative,0.9228,0.0769,0.9228,0.0003,423
GCF_000237205___1811,Negative,0.8062,0.0029,0.8062,0.1909,375
GCF_000237205___1812,Negative,0.9679,0.0,0.9679,0.0321,795
GCF_000237205___1813,Negative,0.9016,1e-04,0.0983,0.9016,333
GCF_000237205___1814,Negative,0.9365,1e-04,0.0634,0.9365,175
GCF_000237205___1815,Negative,0.4952,0.0027,0.4952,0.5021,58
GCF_000237205___1816,Negative,0.9792,0.0,0.9792,0.0208,315
GCF_000237205___1817,Negative,0.9503,0.0002,0.0495,0.9503,156
GCF_000237205___1818,Negative,0.9923,0.0,0.9923,0.0077,206
GCF_000237205___1819,Negative,0.998,0.0,0.998,0.002,286
GCF_000237205___1820,Negative,0.9868,0.0,0.9868,0.0132,479
GCF_000237205___1821,Negative,0.983,0.0,0.983,0.017,69
GCF_000237205___1822,Negative,0.9981,0.0,0.9981,0.0019,115
GCF_000237205___1823,Negative,0.9964,0.0017,0.0019,0.9964,233
GCF_000237205___1824,Negative,0.888,0.0003,0.1117,0.888,992
GCF_000237205___1825,Negative,0.0017,0.7743,0.0017,0.2241,431
GCF_000237205___1826,Negative,0.9756,0.0047,0.9756,0.0198,389
GCF_000237205___1827,Negative,0.9348,0.0,0.9348,0.0652,332
GCF_000237205___1828,Negative,0.9556,1e-04,0.9556,0.0443,209
GCF_000237205___1829,Negative,0.9543,0.0002,0.0456,0.9543,198
GCF_000237205___1830,Negative,0.9518,0.0,0.9518,0.0482,77
GCF_000237205___1831,Negative,0.6361,1e-04,0.6361,0.3638,65
GCF_000237205___1832,Negative,0.8779,0.0035,0.1186,0.8779,102
GCF_000237205___1833,Negative,0.6002,1e-04,0.6002,0.3996,313
GCF_000237205___1834,Negative,0.9993,0.0,0.9993,0.0007,84
GCF_000237205___1835,Negative,0.9366,0.0624,0.9366,0.001,117
GCF_000237205___1836,Negative,0.9996,1e-04,0.9996,0.0004,108
GCF_000237205___1837,Negative,0.9842,0.0,0.9842,0.0157,389
GCF_000237205___1838,Negative,0.9889,1e-04,0.011,0.9889,872
GCF_000237205___1839,Negative,0.9996,0.0,0.9996,0.0004,274
GCF_000237205___1840,Negative,0.3253,0.027,0.3253,0.6477,191
GCF_000237205___1841,Negative,0.9975,0.0009,0.0016,0.9975,465
GCF_000237205___1842,Negative,0.9883,0.0,0.9883,0.0117,239
GCF_000237205___1843,Negative,0.8436,0.0,0.8436,0.1564,322
GCF_000237205___1844,Negative,0.9862,0.0101,0.0036,0.9862,302
GCF_000237205___1845,Negative,0.9995,0.0,0.9995,0.0005,141
GCF_000237205___1846,Negative,1.0,0.0,1.0,0.0,53
GCF_000237205___1847,Negative,0.9085,0.0015,0.09,0.9085,59
GCF_000237205___1848,Negative,0.9985,0.0,0.9985,0.0015,156
GCF_000237205___1849,Negative,0.7351,0.0,0.7351,0.2648,94
GCF_000237205___1850,Negative,0.6597,0.0003,0.6597,0.34,105
GCF_000237205___1851,Negative,0.9974,0.0,0.9974,0.0026,148
GCF_000237205___1852,Negative,0.9846,0.0,0.9846,0.0154,597
GCF_000237205___1853,Negative,0.8614,0.0003,0.1383,0.8614,243
GCF_000237205___1854,Negative,0.9986,0.0,0.9986,0.0014,361
GCF_000237205___1855,Negative,0.9442,0.0,0.9442,0.0558,1160
GCF_000237205___1856,Negative,0.264,0.0003,0.264,0.7357,502
GCF_000237205___1857,Negative,0.9996,0.0,0.9996,0.0004,199
GCF_000237205___1858,Negative,0.9993,0.0,0.9993,0.0007,411
GCF_000237205___1859,Negative,0.9986,0.0002,0.0013,0.9986,649
GCF_000237205___1860,Inc-protein,0.8397,0.8397,0.1325,0.0278,314
GCF_000237205___1861,Negative,0.8566,0.1285,0.0149,0.8566,661
GCF_000237205___1862,Negative,0.9822,0.0002,0.9822,0.0176,172
GCF_000237205___1863,Negative,0.7397,0.1275,0.7397,0.1328,140
GCF_000237205___1864,Negative,0.3784,0.005,0.3784,0.6166,276
GCF_000237205___1865,Negative,0.9953,0.0027,0.002,0.9953,134
GCF_000237205___1866,Negative,0.9885,0.0068,0.0048,0.9885,469
GCF_000237205___1867,Inc-protein,0.9236,0.9236,0.0289,0.0475,287
GCF_000237205___1868,Negative,0.9739,0.0223,0.0038,0.9739,492
GCF_000237205___1869,Negative,0.9421,0.0073,0.9421,0.0506,151
GCF_000237205___1870,Negative,0.9373,0.0,0.9373,0.0627,270
GCF_000237205___1871,Negative,0.4918,0.0002,0.4918,0.5079,270
GCF_000237205___1872,Negative,0.0064,0.5436,0.0064,0.45,307
GCF_000237205___1873,Negative,0.9642,0.0287,0.007,0.9642,517
GCF_000237205___1874,Negative,0.875,0.001,0.875,0.124,151
GCF_000237205___1875,Negative,0.9134,0.0019,0.0847,0.9134,313
GCF_000237205___1876,Negative,0.9912,0.0,0.0087,0.9912,830
GCF_000237205___1877,Inc-protein,0.871,0.871,0.1201,0.0089,304
GCF_000237205___1878,Negative,0.0237,0.2848,0.0237,0.6915,455
GCF_000237205___1879,Negative,0.9479,1e-04,0.9479,0.0521,166
GCF_000237205___1880,Negative,0.4201,0.0115,0.4201,0.5683,264
GCF_000237205___1881,Negative,0.8247,0.0003,0.8247,0.1749,270
GCF_000237205___1882,Negative,0.986,0.0002,0.0138,0.986,156
GCF_000237205___1883,Negative,0.3445,0.0003,0.3445,0.6552,134
GCF_000237205___1884,Negative,0.9787,0.0043,0.9787,0.0171,59
GCF_000237205___1885,Negative,0.9442,0.0037,0.9442,0.0521,581
GCF_000237205___1886,Negative,0.8494,0.0024,0.1482,0.8494,75
GCF_000237205___1887,Negative,0.991,0.0007,0.991,0.0084,89
GCF_000237205___1888,Negative,0.7825,0.0009,0.7825,0.2166,142
GCF_000237205___1889,Negative,0.2077,0.0003,0.2077,0.7919,215
GCF_000237205___1890,Inc-protein,0.9795,0.9795,0.0014,0.0191,592
GCF_000237205___1891,Negative,0.9937,0.0,0.9937,0.0063,438
GCF_000237205___1892,Negative,0.8324,0.0067,0.8324,0.1609,165
GCF_000237205___1893,Negative,0.9931,0.0,0.0069,0.9931,578
GCF_000237205___1894,Negative,0.9987,0.0,0.0013,0.9987,231
GCF_000237205___1895,Negative,0.713,1e-04,0.713,0.287,392
GCF_000237205___1896,Negative,0.9666,0.0,0.0334,0.9666,536
GCF_000237205___1897,Negative,0.9847,0.0007,0.0146,0.9847,235
GCF_000237205___1898,Negative,0.2864,1e-04,0.2864,0.7136,84
GCF_000237205___1899,Negative,0.9903,0.0,0.9903,0.0097,295
GCF_000237205___1900,Negative,0.9663,0.0003,0.0334,0.9663,1768
GCF_000237205___1901,Negative,0.709,0.2413,0.709,0.0498,91
GCF_000237205___1902,Negative,0.8337,0.0178,0.8337,0.1484,315
GCF_000237205___1903,Negative,0.5278,0.0018,0.5278,0.4704,131
GCF_000237205___1904,Negative,0.8894,0.0017,0.1089,0.8894,152
GCF_000237205___1905,Negative,0.9984,0.0011,0.0005,0.9984,3068
GCF_000237205___1906,Negative,0.9993,0.0,0.9993,0.0007,455
GCF_000237205___1907,Negative,0.4696,0.5304,0.4696,0.0,174
GCF_000237205___1908,Negative,0.9506,0.0002,0.9506,0.0493,306
GCF_000237205___1909,Negative,0.8259,0.0002,0.1739,0.8259,1234
GCF_000237205___1910,Negative,0.9964,0.0,0.9964,0.0036,372
GCF_000237205___1911,Negative,0.9991,0.0,0.9991,0.0009,258
GCF_000237205___1912,Negative,0.9973,0.0,0.9973,0.0027,211
GCF_000237205___1913,Negative,0.9792,0.0,0.9792,0.0208,501
GCF_000237205___1914,Negative,0.8806,0.0003,0.8806,0.1191,94
GCF_000237205___1915,Negative,0.802,0.197,0.802,0.0009,429
GCF_000237205___1916,Negative,0.5156,0.0026,0.5156,0.4818,88
GCF_000237205___1917,Negative,0.9398,0.0011,0.0592,0.9398,274
GCF_000237205___1918,Negative,0.9193,0.0008,0.0799,0.9193,242
GCF_000237205___1919,Negative,0.9654,0.0282,0.0064,0.9654,463
GCF_000237205___1920,Negative,0.0083,0.3727,0.0083,0.619,301
GCF_000237205___1921,Negative,0.8522,0.1469,0.8522,0.0009,425
GCF_000237205___1922,Negative,0.4369,0.0004,0.4369,0.5627,206
GCF_000237205___1923,Negative,0.9525,0.0004,0.0471,0.9525,204
GCF_000237205___1924,Negative,0.3395,0.0043,0.3395,0.6562,255
GCF_000237205___1925,Negative,0.9796,0.0,0.9796,0.0204,307
GCF_000237205___1926,Negative,0.9994,0.0,0.9994,0.0006,526
GCF_000237205___1927,Negative,0.2195,0.0002,0.2195,0.7803,249
GCF_000237205___1928,Negative,0.9461,1e-04,0.0538,0.9461,279
GCF_000237205___1929,Negative,0.9901,0.0012,0.0088,0.9901,142
GCF_000237205___1930,Negative,0.908,0.0014,0.0905,0.908,115
GCF_000237205___1931,Negative,0.9015,0.0297,0.0689,0.9015,303
GCF_000237205___1932,Negative,0.9966,0.0,0.9966,0.0033,301
GCF_000237205___1933,Negative,0.9894,0.0106,0.9894,0.0,163
GCF_000237205___1934,Inc-protein,0.9211,0.9211,0.0687,0.0102,202
GCF_000237205___1935,Negative,0.9713,0.0,0.9713,0.0287,157
GCF_000237205___1936,Negative,1.0,0.0,1.0,0.0,837
GCF_000237205___1937,Negative,0.9985,0.0,0.9985,0.0015,189
GCF_000237205___1938,Negative,0.9988,0.0002,0.9988,0.001,61
GCF_000237205___1939,Negative,0.9864,0.0003,0.9864,0.0133,382
GCF_000237205___1940,Negative,0.9383,0.0003,0.9383,0.0614,265
GCF_000237205___1941,Negative,0.9491,0.0004,0.9491,0.0505,254
GCF_000237205___1942,Negative,0.9664,0.002,0.0316,0.9664,270
GCF_000237205___1943,Negative,0.8924,0.0,0.8924,0.1076,261
GCF_000237205___1944,Negative,0.9608,0.0,0.9608,0.0392,274
GCF_000237205___1945,Negative,0.9173,0.0,0.9173,0.0827,436
GCF_000237205___1946,Negative,0.9006,0.0002,0.9006,0.0992,143
GCF_000237205___1947,Negative,0.7705,0.0,0.7705,0.2295,333
GCF_000237205___1948,Negative,0.4748,0.0,0.4748,0.5252,443
GCF_000237205___1949,Inc-protein,0.9061,0.9061,0.0899,0.0039,141
GCF_000237205___1950,Inc-protein,0.9431,0.9431,0.0429,0.014,164
GCF_000237205___1951,Inc-protein,0.8279,0.8279,0.1697,0.0024,139
GCF_000237205___1952,Negative,0.9045,0.0004,0.0951,0.9045,136
GCF_000237205___1953,Negative,0.8567,0.0002,0.8567,0.1431,394
GCF_000237205___1954,Negative,0.9847,1e-04,0.9847,0.0152,157
GCF_000237205___1955,Negative,0.2492,0.0024,0.2492,0.7484,486
GCF_000237205___1956,Negative,0.777,1e-04,0.777,0.2229,191
GCF_000237205___1957,Negative,0.7259,0.0002,0.7259,0.2739,131
GCF_000237205___1958,Negative,0.9895,0.0104,0.9895,0.0,188
GCF_000237205___1959,Negative,0.9745,0.0083,0.9745,0.0172,686
GCF_000237205___1960,Negative,0.9792,0.0207,0.9792,0.0,278
GCF_000237205___1961,Negative,0.5116,0.4883,0.5116,0.0,240
GCF_000237205___1962,Negative,0.9633,0.0,0.9633,0.0367,235
GCF_000237205___1963,Negative,0.9983,0.0,0.9983,0.0017,257
GCF_000237205___1964,Negative,0.9581,0.0418,0.9581,1e-04,260
GCF_000237205___1965,Negative,0.9998,0.0,0.0002,0.9998,313
GCF_000237205___1966,Negative,0.9027,0.0,0.0973,0.9027,95
GCF_000237205___1967,Negative,0.4523,0.0011,0.4523,0.5466,294
GCF_000237205___1968,Negative,0.9864,0.0003,0.0133,0.9864,206
GCF_000237205___1969,Negative,0.2833,0.0013,0.2833,0.7154,271
GCF_000237205___1970,Inc-protein,0.9847,0.9847,0.0152,1e-04,339
GCF_000237205___1971,Negative,0.9985,0.0,0.9985,0.0015,183
GCF_000237205___1972,Negative,0.9552,0.006,0.0388,0.9552,89
GCF_000237205___1973,Negative,0.9919,0.0,0.9919,0.0081,58
GCF_000237205___1974,Negative,0.9796,0.0024,0.9796,0.018,576
GCF_000237205___1975,Negative,0.7404,0.0,0.7404,0.2596,4703
GCF_000237205___1976,Negative,0.5831,0.0026,0.5831,0.4143,145
GCF_000237205___1977,Negative,0.9563,0.0003,0.9563,0.0434,180
GCF_000237205___1978,Negative,0.8578,0.1395,0.0027,0.8578,288
GCF_000237205___1979,Negative,0.8594,0.0003,0.8594,0.1402,176
GCF_000237205___1980,Negative,0.813,0.0,0.813,0.187,187
GCF_000237205___1981,Negative,0.9664,0.0,0.9664,0.0336,149
GCF_000237205___1982,Negative,0.9707,0.0,0.9707,0.0293,154
GCF_000237205___1983,Negative,0.724,1e-04,0.724,0.2759,533
GCF_000237205___1984,Negative,0.8122,0.1877,0.8122,1e-04,179
GCF_000237205___1985,Negative,0.9996,0.0,0.0003,0.9996,250
GCF_000237205___1986,Negative,0.9998,0.0,0.9998,0.0002,336
GCF_000237205___1987,Negative,0.984,1e-04,0.984,0.0159,141
GCF_000237205___1988,Negative,0.9943,0.0,0.9943,0.0057,365
GCF_000237205___1989,Negative,0.9998,0.0,0.9998,0.0002,142
GCF_000237205___1990,Negative,0.9999,0.0,0.9999,1e-04,126
GCF_000237205___1991,Negative,0.9983,0.0017,0.9983,0.0,457
GCF_000237205___1992,Negative,0.9995,0.0,0.9995,0.0005,150
GCF_000237205___1993,Negative,1.0,0.0,1.0,0.0,166
GCF_000237205___1994,Negative,0.993,0.0,0.993,0.007,120
GCF_000237205___1995,Negative,0.9998,0.0,0.9998,0.0002,180
GCF_000237205___1996,Negative,0.9997,0.0,0.9997,0.0003,131
GCF_000237205___1997,Negative,0.998,0.0,0.998,0.002,180
GCF_000237205___1998,Negative,0.8569,0.0,0.8569,0.143,113
GCF_000237205___1999,Negative,0.9987,0.0,0.9987,0.0013,122
GCF_000237205___2000,Negative,0.997,0.0,0.997,0.0029,82
GCF_000237205___2001,Negative,0.8012,0.0002,0.8012,0.1986,67
GCF_000237205___2002,Negative,0.9998,0.0,0.9998,0.0002,139
GCF_000237205___2003,Negative,0.9989,0.0,0.9989,0.0011,209
GCF_000237205___2004,Negative,0.9996,0.0,0.9996,0.0004,110
GCF_000237205___2005,Negative,1.0,0.0,1.0,0.0,87
GCF_000237205___2006,Negative,0.9989,0.0,0.9989,0.0011,280
GCF_000237205___2007,Negative,0.9656,1e-04,0.9656,0.0343,112
GCF_000237205___2008,Negative,0.9994,0.0,0.9994,0.0006,218
GCF_000237205___2009,Negative,0.9998,0.0,0.9998,0.0002,215
GCF_000237205___2010,Negative,0.9987,0.0012,0.9987,0.0,53
GCF_000237205___2011,Inc-protein,0.9777,0.9777,0.0015,0.0208,226
GCF_000237205___2012,Inc-protein,0.9686,0.9686,0.0073,0.0241,226
GCF_000237205___2013,Inc-protein,0.9967,0.9967,0.0006,0.0027,257
GCF_000237205___2014,Inc-protein,0.9802,0.9802,0.0092,0.0106,236
GCF_000237205___2015,Inc-protein,0.9848,0.9848,0.0068,0.0083,271
GCF_000237205___2016,Inc-protein,0.974,0.974,0.0135,0.0125,239
GCF_000237205___2017,Inc-protein,0.9921,0.9921,0.0039,0.004,270
GCF_000237205___2018,Negative,0.9648,0.0002,0.0351,0.9648,147
GCF_000237205___2019,Negative,0.96,0.0,0.96,0.0399,313
GCF_000237205___2020,Negative,0.9493,1e-04,0.9493,0.0506,278
GCF_000237205___2021,Negative,0.9997,0.0,0.9997,0.0003,155
GCF_000237205___2022,Negative,0.9978,0.0,0.9978,0.0022,292
GCF_000237205___2023,Negative,0.992,0.005,0.992,0.0029,544
GCF_000237205___2024,Negative,0.9894,0.0105,0.9894,1e-04,145
GCF_000237205___2025,Negative,0.8071,0.0,0.8071,0.1929,374
GCF_000237205___2026,Negative,0.4987,0.0006,0.4987,0.5007,355
GCF_000237205___2027,Negative,0.9906,0.0,0.9906,0.0094,270
GCF_000237205___2028,Negative,0.9087,0.0002,0.9087,0.0911,131
GCF_000237205___2029,Negative,0.9274,1e-04,0.0725,0.9274,808
GCF_000237205___2030,Negative,0.2501,0.712,0.2501,0.038,184
GCF_000237205___2031,Negative,0.7524,0.0027,0.7524,0.2449,431
GCF_000237205___2032,Negative,0.8527,0.0003,0.147,0.8527,141
GCF_000237205___2033,Negative,0.2179,0.0089,0.2179,0.7732,98
GCF_000237205___2034,Negative,0.9509,0.0009,0.0482,0.9509,435
GCF_000237205___2035,Negative,0.8998,0.0007,0.8998,0.0995,348
GCF_000237205___2036,Negative,0.9754,0.0002,0.0244,0.9754,478
GCF_000237205___2037,Negative,0.9525,1e-04,0.9525,0.0474,141
GCF_000237205___2038,Negative,0.6811,0.0003,0.6811,0.3187,200
GCF_000237205___2039,Negative,0.2625,0.0024,0.2625,0.7351,357
GCF_000237205___2040,Negative,0.9885,0.0,0.9885,0.0115,1238
GCF_000237205___2041,Negative,0.9983,0.0017,0.9983,0.0,453
GCF_000237205___2042,Negative,0.9207,0.0,0.9207,0.0793,51
GCF_000237205___2043,Negative,0.0039,0.2839,0.0039,0.7122,634
GCF_000237205___2044,Negative,0.9858,0.0071,0.0072,0.9858,200
GCF_000237205___2045,Negative,0.9668,0.0,0.9668,0.0331,430
GCF_000237205___2046,Negative,0.9982,0.0,0.9982,0.0018,596
GCF_000237205___2047,Negative,0.7506,0.0003,0.7506,0.249,263
GCF_000237205___2048,Negative,0.9982,0.0,0.9982,0.0018,150
GCF_000237205___2049,Negative,0.9731,0.0269,0.9731,0.0,68
GCF_000237205___2050,Negative,0.9747,0.0,0.9747,0.0253,107
GCF_000237205___2051,Negative,0.9777,1e-04,0.9777,0.0222,215
GCF_000237205___2052,Negative,0.9988,1e-04,0.9988,0.0011,212
GCF_000237205___2053,Negative,0.9997,0.0,0.9997,0.0003,224
GCF_000237205___2054,Negative,0.9904,0.0095,0.9904,1e-04,284
GCF_000237205___2055,Negative,0.9883,1e-04,0.9883,0.0117,255
GCF_000237205___2056,Negative,0.9714,0.0,0.9714,0.0286,423
GCF_000237205___2057,Negative,0.8372,0.0012,0.1616,0.8372,183
GCF_000237205___2058,Negative,0.9174,0.0014,0.0812,0.9174,185
GCF_000237205___2059,Negative,0.2644,0.0025,0.2644,0.7332,202
GCF_000237205___2060,Negative,0.6362,1e-04,0.6362,0.3638,315
GCF_000237205___2061,Negative,0.4523,0.0011,0.4523,0.5466,294
GCF_000237205___2062,Negative,0.8225,0.0,0.1775,0.8225,1389
GCF_000237205___2063,Negative,0.956,0.0233,0.956,0.0207,1523
GCF_000237205___2064,Negative,0.8489,0.0,0.8489,0.1511,576
GCF_000237205___2065,Negative,0.7619,1e-04,0.7619,0.238,417
GCF_000237205___2066,Negative,0.4556,1e-04,0.4556,0.5443,149
GCF_000237205___2067,Negative,0.3839,0.0011,0.3839,0.615,658
GCF_000237205___2068,Negative,0.9975,0.0011,0.0014,0.9975,266
GCF_000237205___2069,Negative,0.9671,0.0004,0.0326,0.9671,400
GCF_000237205___2070,Negative,0.9961,1e-04,0.0038,0.9961,398
GCF_000237205___2071,Negative,0.4162,0.0099,0.4162,0.5738,165
GCF_000237205___2072,Negative,0.5227,0.4773,0.5227,0.0,119
GCF_000237205___2073,Negative,0.9757,0.0,0.9757,0.0243,502
GCF_000237205___2074,Negative,0.9983,1e-04,0.9983,0.0016,41
GCF_000237205___2075,Negative,0.8913,1e-04,0.8913,0.1086,369
GCF_000237205___2076,Negative,0.9998,0.0,0.9998,0.0002,159
GCF_000237205___2077,Negative,0.9595,0.0,0.9595,0.0405,351
GCF_000237205___2078,Negative,0.9989,0.0,0.9989,0.0011,454
GCF_000237205___2079,Negative,0.4717,0.0063,0.4717,0.522,440
GCF_000237205___2080,Negative,0.8275,0.0,0.8275,0.1725,338
GCF_000237205___2081,Negative,0.9595,0.0,0.9595,0.0405,584
GCF_000237205___2082,Negative,0.9571,0.0005,0.0424,0.9571,328
GCF_000237205___2083,Negative,0.9964,0.0,0.9964,0.0036,360
GCF_000237205___2084,Negative,0.9993,0.0,0.0007,0.9993,241
GCF_000237205___2085,Negative,0.9956,0.0,0.9956,0.0044,156
GCF_000237205___2086,Negative,0.9903,0.0,0.9903,0.0097,203
GCF_000237205___2087,Negative,0.7032,0.0006,0.7032,0.2962,249
GCF_000237205___2088,Negative,0.999,0.0,0.999,0.001,398
GCF_000237205___2089,Negative,0.9798,0.0194,0.9798,0.0008,526
GCF_000237205___2090,Negative,0.2514,0.0003,0.2514,0.7483,240
GCF_000237205___2091,Negative,0.9986,0.0014,0.9986,0.0,206
GCF_000237205___2092,Negative,0.996,0.004,0.996,0.0,167
GCF_000237205___2093,Negative,0.0002,0.7997,0.0002,0.2001,533
GCF_000237205___2094,Negative,0.9786,0.0213,0.9786,1e-04,408
GCF_000237205___2095,Negative,0.9941,0.0003,0.0056,0.9941,226
GCF_000237205___2096,Negative,0.7099,1e-04,0.7099,0.29,253
GCF_000237205___2097,Negative,0.9984,0.0,0.9984,0.0016,350
GCF_000237205___2098,Negative,0.9759,0.0,0.9759,0.024,901
GCF_000237205___2099,Negative,0.9617,0.0005,0.9617,0.0378,198
GCF_000237205___2100,Negative,0.9767,0.0,0.9767,0.0233,481
GCF_000237205___2101,Negative,0.2024,0.0364,0.2024,0.7612,441
GCF_000237205___2102,Negative,0.984,0.0127,0.0033,0.984,434
GCF_000237205___2103,Negative,0.9792,0.0177,0.0031,0.9792,404
GCF_000237205___2104,Negative,0.9813,0.0022,0.0165,0.9813,317
GCF_000237205___2105,Negative,0.7799,0.2194,0.7799,0.0007,90
GCF_000237205___2106,Negative,0.5142,1e-04,0.5142,0.4857,323
GCF_000237205___2107,Negative,0.9947,0.0007,0.0046,0.9947,585
GCF_000237205___2108,Negative,0.006,0.7447,0.006,0.2494,508
GCF_000237205___2109,Negative,0.9962,0.0003,0.0035,0.9962,262
GCF_000237205___2110,Negative,0.9811,0.0139,0.005,0.9811,229
GCF_000237205___2111,Negative,0.988,0.0,0.988,0.0119,324
GCF_000237205___2112,Negative,0.8972,0.0012,0.8972,0.1016,150
GCF_000237205___2113,Negative,0.7668,1e-04,0.7668,0.2331,406
GCF_000237205___2114,Negative,0.8092,0.1908,0.8092,0.0,66
GCF_000237205___2115,Negative,0.9844,0.001,0.0146,0.9844,955
GCF_000237205___2116,Negative,0.648,0.0015,0.648,0.3506,172
GCF_000237205___2117,Negative,0.3126,0.0003,0.3126,0.6871,214
GCF_000237205___2118,Negative,0.9543,0.0364,0.9543,0.0094,593
GCF_000237205___2119,Negative,0.9939,0.0,0.9939,0.0061,309
GCF_000237205___2120,Negative,0.9927,0.0,0.9927,0.0072,242
GCF_000237205___2121,Negative,0.8983,1e-04,0.8983,0.1016,377
GCF_000237205___2122,Negative,0.9932,0.0,0.9932,0.0068,373
GCF_000237205___2123,Negative,0.9988,0.0,0.9988,0.0012,423
GCF_000237205___2124,Negative,0.475,0.061,0.475,0.4641,73
GCF_000237205___2125,Negative,0.889,0.009,0.889,0.102,133
GCF_000237205___2126,Negative,0.908,0.0007,0.908,0.0914,143
GCF_000237205___2127,Negative,0.0032,0.7829,0.0032,0.2139,222
GCF_000237205___2128,Negative,0.9965,0.0,0.9965,0.0035,439
GCF_000237205___2129,Negative,0.999,0.0,0.999,0.001,194
GCF_000237205___2130,Negative,0.9269,0.0002,0.9269,0.0729,210
GCF_000237205___2131,Negative,0.9789,0.0,0.9789,0.0211,192
GCF_000237205___2132,Negative,0.9957,0.0,0.9957,0.0043,556
GCF_000237205___2133,Negative,0.996,0.0,0.996,0.004,98
GCF_000237205___2134,Negative,0.9974,0.0,0.9974,0.0026,393
GCF_000237205___2135,Negative,0.9297,0.0,0.9297,0.0703,1206
GCF_000237205___2136,Inc-protein,0.9634,0.9634,0.0012,0.0354,552
GCF_000237205___2137,Negative,0.0105,0.7256,0.0105,0.2639,565
GCF_000237205___2138,Inc-protein,0.8092,0.8092,0.0086,0.1822,565
GCF_000237205___2139,Negative,0.0396,0.5567,0.0396,0.4037,573
GCF_000237205___2140,Inc-protein,0.8911,0.8911,0.0036,0.1052,567
GCF_000237205___2141,Negative,0.9795,0.0,0.9795,0.0205,707
GCF_000237205___2142,Negative,0.2518,0.1071,0.2518,0.6411,58
GCF_000237205___2143,Negative,0.9253,0.0025,0.9253,0.0722,67
GCF_000237205___2144,Negative,0.5314,0.0005,0.5314,0.4681,59
GCF_000237205___2145,Negative,0.9189,0.0005,0.9189,0.0806,420
GCF_000237205___2146,Negative,0.1432,0.0791,0.1432,0.7777,493
GCF_000237205___2147,Inc-protein,0.8827,0.8827,0.0012,0.1161,256
GCF_000237205___2148,Negative,0.9266,0.0319,0.0416,0.9266,357
GCF_000237205___2149,Negative,0.0994,0.3476,0.0994,0.5529,367
GCF_000237205___2150,Negative,0.6523,0.0182,0.6523,0.3295,594
GCF_000237205___2151,Negative,0.9952,0.0,0.9952,0.0048,840
GCF_000237205___2152,Negative,0.8104,0.0005,0.1892,0.8104,185
GCF_000237205___2153,Negative,0.9789,0.0017,0.0194,0.9789,208
GCF_000237205___2154,Negative,0.4033,0.5871,0.4033,0.0097,419
GCF_000237205___2155,Negative,0.9816,1e-04,0.9816,0.0183,373
GCF_000237205___2156,Negative,0.558,0.0005,0.558,0.4415,199
GCF_000237205___2157,Negative,0.9914,1e-04,0.9914,0.0085,317
GCF_000237205___2158,Negative,0.9998,0.0,0.9998,0.0002,356
GCF_000237205___2159,Negative,0.4523,0.0011,0.4523,0.5466,294
GCF_000237205___2160,Negative,0.9987,0.0,0.9987,0.0013,62
GCF_000237205___2161,Negative,0.9957,0.0,0.9957,0.0043,406
GCF_000237205___2162,Negative,0.9973,0.0,0.9973,0.0027,403
GCF_000237205___2163,Negative,0.9972,0.0,0.9972,0.0028,251
GCF_000237205___2164,Negative,0.9984,0.0016,0.9984,0.0,278
GCF_000237205___2165,Negative,0.9483,0.0491,0.0026,0.9483,1536
GCF_000237205___2166,Negative,1.0,0.0,0.0,1.0,333
GCF_000237205___2167,Negative,0.9968,0.0018,0.0014,0.9968,345
GCF_000237205___2168,Negative,0.996,0.0,0.996,0.004,664
GCF_000237205___2169,Negative,0.9995,0.0005,0.9995,0.0,405
GCF_000237205___2170,Negative,0.9978,0.0,0.9978,0.0022,486
GCF_000237205___2171,Negative,0.9957,0.0,0.9957,0.0043,401
GCF_000237205___2172,Negative,0.9973,0.0027,0.9973,0.0,397
GCF_000237205___2173,Negative,0.9993,1e-04,0.0006,0.9993,542
GCF_000237205___2174,Negative,0.9994,0.0,0.9994,0.0006,50
GCF_000237205___2175,Negative,0.9992,0.0,0.9992,0.0008,330
GCF_000237205___2176,Negative,0.9307,0.0,0.9307,0.0692,139
GCF_000237205___2177,Negative,0.9996,1e-04,0.9996,0.0003,707
GCF_000237205___2178,Inc-protein,0.9001,0.9001,0.0006,0.0993,727
GCF_000237205___2179,Negative,0.8629,0.137,1e-04,0.8629,1131
GCF_000237205___2180,Negative,0.8684,0.0797,0.0519,0.8684,1105
GCF_000237205___2181,Negative,0.8842,1e-04,0.8842,0.1157,446
GCF_000237205___2182,Negative,0.5103,0.0009,0.5103,0.4888,294
GCF_000237205___2183,Negative,0.9888,0.0,0.9888,0.0112,511
GCF_000237205___2184,Negative,0.9247,0.0003,0.0751,0.9247,724
GCF_000237205___2185,Negative,0.9663,0.0,0.9663,0.0336,218
GCF_000237205___2186,Negative,0.7736,0.0004,0.7736,0.226,164
GCF_000237205___2187,Negative,0.2807,0.0,0.2807,0.7192,263
GCF_000237205___2188,Negative,0.6479,0.0003,0.6479,0.3518,536
GCF_000237205___2189,Negative,0.4954,0.0003,0.4954,0.5043,142
GCF_000237205___2190,Negative,0.2244,0.0008,0.2244,0.7749,109
GCF_000237205___2191,Negative,0.9977,0.0016,0.0007,0.9977,662
GCF_000237205___2192,Negative,0.9988,0.0004,0.9988,0.0009,46
GCF_000237205___2193,Negative,0.9995,0.0004,1e-04,0.9995,696
GCF_000237205___2194,Negative,0.6763,1e-04,0.6763,0.3236,129
GCF_000237205___2195,Negative,0.9995,0.0004,1e-04,0.9995,696
GCF_000237205___2196,Negative,0.819,0.0003,0.819,0.1807,179
GCF_000237205___2197,Negative,0.9022,1e-04,0.0977,0.9022,427
GCF_000237205___2198,Negative,0.5,0.3626,0.5,0.1374,242
GCF_000237205___2199,Negative,0.1094,0.5043,0.1094,0.3863,505
GCF_000237205___2200,Negative,0.9958,0.0041,0.9958,0.0,89
GCF_000237205___2201,Negative,0.9981,0.0,0.9981,0.0019,334
GCF_000237205___2202,Negative,0.9955,0.0,0.9955,0.0045,91
GCF_000237205___2203,Inc-protein,0.9817,0.9817,0.0019,0.0164,367
GCF_000237205___2204,Negative,0.9229,0.0005,0.9229,0.0766,270
GCF_000237205___2205,Negative,0.7119,0.0007,0.7119,0.2874,358
GCF_000237205___2206,Negative,0.9343,0.0653,0.9343,0.0004,406
GCF_000237205___2207,Negative,0.3527,0.0005,0.3527,0.6467,373
GCF_000237205___2208,Negative,0.5423,0.0004,0.5423,0.4573,409
GCF_000237205___2209,Negative,0.9663,0.0,0.9663,0.0337,383
GCF_000237205___2210,Negative,0.9603,0.0,0.9603,0.0397,378
GCF_000237205___2211,Negative,0.998,0.0,0.998,0.002,211
GCF_000237205___2212,Negative,0.8691,0.0003,0.1306,0.8691,139
GCF_000237205___2213,Negative,0.9779,0.0,0.9779,0.0221,135
GCF_000237205___2214,Negative,0.9971,0.0,0.9971,0.0029,63
GCF_000237205___2215,Negative,0.9999,0.0,0.0,0.9999,654
GCF_000237205___2216,Negative,0.8959,1e-04,0.8959,0.104,554
GCF_000237205___2217,Negative,0.4775,1e-04,0.4775,0.5224,228
GCF_000237205___2218,Negative,0.584,0.2742,0.584,0.1418,153
GCF_000237205___2219,Negative,0.9837,0.0002,0.9837,0.0161,96
GCF_000237205___2220,Negative,0.9263,1e-04,0.9263,0.0736,140
GCF_000237205___2221,Negative,0.9436,0.0,0.9436,0.0564,247
GCF_000237205___2222,Negative,0.6449,1e-04,0.6449,0.355,241
GCF_000237205___2223,Negative,0.9374,0.0,0.9374,0.0626,235
GCF_000237205___2224,Negative,0.9426,0.0,0.9426,0.0574,244
GCF_000237205___2225,Negative,0.513,0.0002,0.513,0.4868,250
GCF_000237205___2226,Negative,0.6562,1e-04,0.6562,0.3436,241
GCF_000237205___2227,Negative,0.9643,0.0,0.9643,0.0356,232
GCF_000237205___2228,Negative,0.9695,0.0004,0.9695,0.0301,469
GCF_000237205___2229,Negative,0.9339,0.0,0.9339,0.0661,474
GCF_000237205___2230,Negative,0.2012,0.0003,0.2012,0.7984,68
GCF_000237205___2231,Negative,1.0,0.0,0.0,1.0,989
GCF_000237205___2232,Negative,0.5728,0.0022,0.5728,0.425,188
GCF_000237205___2233,Negative,0.7735,0.002,0.7735,0.2246,188
GCF_000237205___2234,Negative,0.8668,0.0023,0.1309,0.8668,187
GCF_000237205___2235,Negative,0.8103,0.0,0.1897,0.8103,1775
GCF_000237205___2236,Negative,0.976,0.0007,0.976,0.0233,176
GCF_000237205___2237,Negative,0.9509,0.0002,0.9509,0.0488,103
GCF_000237205___2238,Negative,0.8408,0.0002,0.8408,0.159,256
GCF_000237205___2239,Negative,0.9995,0.0003,0.0002,0.9995,2750
GCF_000237205___2240,Negative,0.8251,0.0004,0.1745,0.8251,157
GCF_000237205___2241,Negative,0.9661,0.0,0.9661,0.0339,112
GCF_000237205___2242,Negative,0.2592,0.0002,0.2592,0.7406,115
GCF_000237205___2243,Negative,0.8694,0.0022,0.8694,0.1283,78
GCF_000237205___2244,Negative,0.9972,0.0,0.9972,0.0028,538
GCF_000237205___2245,Negative,0.603,0.0002,0.603,0.3968,352
GCF_000237205___2246,Negative,0.4523,0.0011,0.4523,0.5466,294
GCF_000237205___2247,Negative,0.9943,0.0003,0.9943,0.0054,95
GCF_000237205___2248,Negative,0.8653,0.0,0.1347,0.8653,155
GCF_000237205___2249,Negative,0.2733,0.0002,0.2733,0.7265,265
GCF_000237205___2250,Negative,0.9986,0.0,0.9986,0.0014,156
GCF_000237205___2251,Negative,0.9757,0.0024,0.9757,0.0219,319
GCF_000237205___2252,Negative,0.6342,0.2852,0.6342,0.0806,190
GCF_000237205___2253,Negative,1.0,0.0,0.0,1.0,362
GCF_000237205___2254,Negative,0.7443,0.0,0.7443,0.2557,244
GCF_000237205___2255,Negative,0.9994,1e-04,0.0005,0.9994,398
GCF_000237205___2256,Negative,0.9774,0.0042,0.0184,0.9774,562
GCF_000237205___2257,Negative,0.3395,1e-04,0.3395,0.6604,198
GCF_000237205___2258,Negative,0.8765,0.1211,0.8765,0.0024,117
GCF_000237205___2259,Negative,0.9967,0.0003,0.9967,0.003,64
GCF_000237205___2260,Negative,0.7587,0.0022,0.7587,0.2391,118
GCF_000237205___2261,Negative,0.999,0.0,0.999,0.001,206
GCF_000237205___2262,Negative,0.9909,0.0037,0.0055,0.9909,548
GCF_000237205___2263,Negative,0.5036,0.0004,0.5036,0.496,160
GCF_000237205___2264,Negative,0.3685,0.0003,0.3685,0.6312,208
GCF_000237205___2265,Negative,0.813,1e-04,0.813,0.1869,310
GCF_000237205___2266,Negative,0.9561,0.0003,0.0436,0.9561,241
GCF_000237205___2267,Negative,0.9974,0.0003,0.0023,0.9974,124
GCF_000237205___2268,Negative,0.9999,1e-04,0.0,0.9999,572
GCF_000237205___2269,Negative,0.9745,0.0012,0.9745,0.0243,200
GCF_000237205___2270,Negative,0.9959,0.0,0.9959,0.004,391
GCF_000237205___2271,Negative,0.9811,1e-04,0.9811,0.0188,325
GCF_000237205___2272,Negative,0.8502,0.0,0.8502,0.1498,179
GCF_000237205___2273,Negative,0.9953,0.0,0.9953,0.0047,203
GCF_000237205___2274,Negative,0.8542,0.0,0.8542,0.1458,282
GCF_000237205___2275,Negative,0.9763,0.0,0.9763,0.0237,118
GCF_000237205___2276,Negative,0.9916,0.0003,0.0081,0.9916,289
GCF_000237205___2277,Negative,0.9961,1e-04,0.9961,0.0039,118
GCF_000237205___2278,Negative,0.9428,0.0189,0.9428,0.0382,140
GCF_000237205___2279,Negative,0.2925,0.0003,0.2925,0.7072,68
GCF_000237205___2280,Negative,1.0,0.0,0.0,1.0,1016
GCF_000237205___2281,Negative,0.3396,0.479,0.3396,0.1814,104
GCF_000237205___2282,Negative,0.9829,0.0002,0.0169,0.9829,146
GCF_000237205___2283,Negative,0.7855,0.0014,0.7855,0.2131,72
GCF_000237205___2284,Negative,0.86,0.0,0.86,0.14,194
GCF_000237205___2285,Inc-protein,0.9917,0.9917,0.0003,0.0079,283
GCF_000237205___2286,Negative,0.984,1e-04,0.0158,0.984,185
GCF_000237205___2287,Negative,0.977,0.0,0.977,0.0229,494
GCF_000237205___2288,Negative,0.8943,0.0002,0.1055,0.8943,86
GCF_000237205___2289,Negative,0.8722,0.1275,0.8722,0.0003,163
GCF_000237205___2290,Negative,0.8035,1e-04,0.8035,0.1964,151
GCF_000237205___2291,Negative,0.995,1e-04,0.0049,0.995,1594
GCF_000237205___2292,Negative,0.6703,0.0004,0.6703,0.3293,54
GCF_000237205___2293,Negative,0.9109,1e-04,0.9109,0.0889,76
GCF_000237205___2294,Negative,0.6635,0.0004,0.6635,0.3361,92
GCF_000237205___2295,Negative,0.2481,0.0213,0.2481,0.7307,299
GCF_000237205___2296,Negative,0.9994,0.0005,1e-04,0.9994,505
GCF_000237205___2297,Negative,0.9962,0.0,0.9962,0.0038,536
GCF_000237205___2298,Negative,0.9961,0.0,0.9961,0.0039,134
GCF_000237205___2299,Negative,0.92,0.0775,0.92,0.0026,898
GCF_000237205___2300,Negative,0.2866,0.0266,0.2866,0.6868,418
GCF_000237205___2301,Negative,0.7852,0.0005,0.7852,0.2144,380
GCF_000237205___2302,Negative,0.999,0.0009,0.999,0.0,1051
GCF_000237205___2303,Negative,0.9875,0.0,0.9875,0.0125,566
GCF_000237205___2304,Negative,0.9773,0.0,0.9773,0.0227,706
GCF_000237205___2305,Negative,0.2045,0.0,0.2045,0.7954,142
GCF_000237205___2306,Inc-protein,0.9986,0.9986,1e-04,0.0013,136
GCF_000237205___2307,Negative,0.9863,0.0,0.9863,0.0137,276
GCF_000237205___2308,Negative,0.9966,0.0033,0.9966,1e-04,178
GCF_000237205___2309,Negative,0.2561,0.0004,0.2561,0.7435,136
GCF_000237205___2310,Negative,0.9876,1e-04,0.9876,0.0123,68
GCF_000237205___2311,Negative,0.9997,0.0002,0.9997,0.0,446
GCF_000237205___2312,Negative,0.9863,0.0,0.9863,0.0136,432
GCF_000237205___2313,Negative,0.9304,1e-04,0.9304,0.0694,194
GCF_000237205___2314,Negative,0.9463,0.0,0.9463,0.0537,991
GCF_000237205___2315,Negative,0.7488,0.0002,0.7488,0.251,830
GCF_000237205___2316,Negative,0.9428,0.0189,0.9428,0.0382,140
GCF_000237205___2317,Negative,0.9961,1e-04,0.9961,0.0039,118
GCF_000237205___2318,Negative,0.9937,0.0,0.9937,0.0063,90
GCF_000237205___2319,Negative,0.983,1e-04,0.983,0.0169,187
GCF_000237205___2320,Negative,0.811,0.006,0.1831,0.811,119
GCF_000237205___2321,Negative,0.9469,0.0068,0.0463,0.9469,319
GCF_000237205___2322,Negative,0.9986,0.0,0.9986,0.0014,156
GCF_000237205___2323,Negative,0.7605,0.2365,0.7605,0.003,608
GCF_000237205___2324,Negative,0.9888,0.0029,0.9888,0.0082,91
GCF_000237205___2325,Negative,0.92,0.0,0.92,0.08,364
GCF_000237205___2326,Negative,0.4979,0.5019,0.4979,0.0003,123
GCF_000237205___2327,Negative,0.8818,0.0048,0.8818,0.1134,1004
GCF_000237205___2328,Negative,0.3145,0.0,0.3145,0.6855,490
GCF_000237205___2329,Negative,0.6198,0.0,0.6198,0.3801,271
GCF_000237205___2330,Negative,0.8333,0.0,0.1667,0.8333,574
GCF_000237205___2331,Negative,0.9964,0.0009,0.0027,0.9964,263
GCF_000237205___2332,Negative,0.7218,0.0,0.7218,0.2781,353
GCF_000237205___2333,Negative,0.7861,0.0002,0.7861,0.2137,181
GCF_000237205___2334,Negative,0.3699,0.0007,0.3699,0.6294,122
GCF_000237205___2335,Negative,0.9385,0.0,0.9385,0.0614,195
GCF_000237205___2336,Negative,0.8327,0.0003,0.8327,0.167,890
GCF_000237205___2337,Negative,0.8884,0.0196,0.8884,0.092,85
GCF_000237205___2338,Negative,0.9611,0.0015,0.0374,0.9611,212
GCF_000237205___2339,Negative,0.994,0.0025,0.994,0.0035,411
GCF_000237205___2340,Negative,0.7262,0.0,0.7262,0.2738,242
GCF_000237205___2341,Negative,0.9962,0.0034,0.9962,0.0005,191
GCF_000237205___2342,Negative,0.9257,0.0575,0.9257,0.0169,135
GCF_000237205___2343,Negative,0.8804,0.0065,0.1131,0.8804,220
GCF_000237205___2344,Negative,0.9695,0.0045,0.026,0.9695,114
GCF_000237205___2345,Negative,0.9984,1e-04,0.0016,0.9984,354
GCF_000237205___2346,Negative,0.3639,0.0,0.3639,0.636,151
GCF_000237205___2347,Negative,0.8629,0.0002,0.8629,0.1369,97
GCF_000237205___2348,Negative,0.8887,1e-04,0.8887,0.1112,67
GCF_000237205___2349,Negative,0.9169,1e-04,0.0831,0.9169,112
GCF_000237205___2350,Negative,0.9853,0.0,0.9853,0.0147,539
GCF_000237205___2351,Negative,0.5174,0.0068,0.5174,0.4758,295
GCF_000237205___2352,Negative,0.9965,0.0009,0.0026,0.9965,248
GCF_000237205___2353,Negative,0.9428,0.0189,0.9428,0.0382,140
GCF_000237205___2354,Negative,0.9961,1e-04,0.9961,0.0039,118
GCF_000237205___2355,Negative,0.2528,0.0003,0.2528,0.747,433
GCF_000237205___2356,Negative,0.7329,0.0002,0.7329,0.2668,451
GCF_000237205___2357,Negative,0.9998,0.0,0.9998,0.0002,271
GCF_000237205___2358,Negative,0.9254,1e-04,0.0745,0.9254,235
GCF_000237205___2359,Negative,0.9991,0.0,0.0009,0.9991,191
GCF_000237205___2360,Negative,0.2912,0.0037,0.2912,0.7051,252
GCF_000237205___2361,Negative,0.983,0.0037,0.0133,0.983,288
GCF_000237205___2362,Negative,0.9193,0.0009,0.9193,0.0798,225
GCF_000237205___2363,Negative,0.9121,0.0,0.9121,0.0879,257
GCF_000237205___2364,Negative,0.9886,0.0007,0.9886,0.0107,326
GCF_000237205___2365,Negative,0.7985,0.0,0.7985,0.2015,376
GCF_000237205___2366,Negative,0.5781,0.0,0.5781,0.4219,378
GCF_000237205___2367,Negative,0.9528,0.0465,0.9528,0.0008,338
GCF_000237205___2368,Negative,0.9763,0.0002,0.9763,0.0235,214
GCF_000237205___2369,Negative,0.3492,1e-04,0.3492,0.6507,408
GCF_000237205___2370,Inc-protein,0.9943,0.9943,0.0,0.0057,497
GCF_000237205___2371,Negative,0.4251,0.0003,0.4251,0.5745,175
GCF_000237205___2372,Negative,0.9895,0.0,0.0105,0.9895,398
GCF_000237205___2373,Negative,0.998,0.0,0.998,0.002,126
GCF_000237205___2374,Negative,0.9927,1e-04,0.9927,0.0072,47
GCF_000237205___2375,Negative,1.0,0.0,0.0,1.0,158
GCF_000237205___2376,Negative,0.8099,0.0,0.8099,0.19,79
GCF_000237205___2377,Negative,0.9934,0.0046,0.002,0.9934,524
