UMAP1,UMAP2,name,predicted_inc,inc.prob,sec.prob
1.5360881,4.9171023,GCF_000750955___0,Negative,0.5915,0.0293
4.942107,3.321066,GCF_000750955___1,Inc-protein,0.9391,0.0565
14.185356,6.559472,GCF_000750955___2,Negative,0.0,0.1126
14.105523,6.3969655,GCF_000750955___3,Negative,0.0002,0.1069
12.11537,7.7325993,GCF_000750955___4,Negative,0.0,0.0298
13.676245,6.146943,GCF_000750955___5,Negative,0.0001,0.0663
11.981304,6.1791,GCF_000750955___6,Negative,0.0002,0.016
9.350077,4.689097,GCF_000750955___7,Negative,0.0,0.1251
1.1702975,6.7597756,GCF_000750955___8,Negative,0.0015,0.1691
0.81554407,6.938319,GCF_000750955___9,Negative,0.025,0.543
0.05924793,7.877404,GCF_000750955___10,Negative,0.0014,0.9217
-0.6937886,9.291145,GCF_000750955___11,Negative,0.0366,0.906
0.79685307,8.393071,GCF_000750955___12,Negative,0.0012,0.5939
-0.05202884,8.454307,GCF_000750955___13,Negative,0.0004,0.987
0.81091034,8.498462,GCF_000750955___14,Negative,0.0013,0.8496
7.026185,6.0231647,GCF_000750955___15,Negative,0.0004,0.1621
1.4783628,8.384113,GCF_000750955___16,Negative,0.0014,0.2018
11.122812,4.858176,GCF_000750955___17,Negative,0.0001,0.9904
13.514883,5.8246946,GCF_000750955___18,Negative,0.0001,0.2891
8.8391285,4.4997063,GCF_000750955___19,Negative,0.0,0.9938
13.225931,6.343621,GCF_000750955___20,Negative,0.0001,0.0325
14.40704,9.30954,GCF_000750955___21,Negative,0.0,0.0011
13.124498,6.4543767,GCF_000750955___22,Negative,0.0,0.2175
13.779458,6.1751723,GCF_000750955___23,Negative,0.0,0.2744
13.90051,8.016993,GCF_000750955___24,Negative,0.0,0.0048
0.81262267,3.967299,GCF_000750955___25,Negative,0.0167,0.0091
7.0913744,2.2989333,GCF_000750955___26,Negative,0.0001,0.9998
11.821651,8.486861,GCF_000750955___27,Negative,0.0001,0.0839
13.911022,8.203639,GCF_000750955___28,Negative,0.0,0.0137
14.012415,9.5715885,GCF_000750955___29,Negative,0.0,0.0005
12.856387,5.73322,GCF_000750955___30,Negative,0.0,0.2206
12.8667,6.483626,GCF_000750955___31,Negative,0.0,0.0871
13.265513,8.792723,GCF_000750955___32,Negative,0.0,0.0065
-0.8943965,9.694232,GCF_000750955___33,Negative,0.0035,0.6269
12.7467165,6.763213,GCF_000750955___34,Negative,0.0004,0.1874
12.642379,5.2802067,GCF_000750955___35,Negative,0.0004,0.8373
14.541308,9.022671,GCF_000750955___36,Negative,0.0,0.0017
14.00054,9.125011,GCF_000750955___37,Negative,0.0,0.0018
7.245343,4.1366773,GCF_000750955___38,Negative,0.011,0.9796
11.224224,4.86857,GCF_000750955___39,Negative,0.0,0.9626
8.041247,3.7008739,GCF_000750955___40,Negative,0.0,0.9999
0.95005566,4.6009483,GCF_000750955___41,Negative,0.4084,0.0152
-0.19658293,3.3063872,GCF_000750955___42,Negative,0.0001,0.0002
0.37176982,4.06913,GCF_000750955___43,Negative,0.2202,0.001
0.4466318,8.106053,GCF_000750955___44,Negative,0.0003,0.9988
7.094299,3.220957,GCF_000750955___45,Negative,0.0001,0.9442
13.661816,5.885087,GCF_000750955___46,Negative,0.0,0.1218
14.36057,9.419174,GCF_000750955___47,Negative,0.0,0.0012
0.8141043,4.6719804,GCF_000750955___48,Negative,0.1028,0.0045
14.053531,7.904368,GCF_000750955___49,Negative,0.0,0.0066
10.337971,4.670099,GCF_000750955___50,Negative,0.0,0.995
4.719781,3.2081053,GCF_000750955___51,Inc-protein,0.9421,0.0579
10.62025,4.8885765,GCF_000750955___52,Negative,0.0003,0.5039
1.002931,9.385747,GCF_000750955___53,Negative,0.0001,0.9955
1.0050819,9.197251,GCF_000750955___54,Negative,0.0005,0.4986
13.190246,9.237968,GCF_000750955___55,Negative,0.0,0.13
6.946522,2.3585722,GCF_000750955___56,Negative,0.0,0.9999
7.27997,2.3813417,GCF_000750955___57,Negative,0.0,1.0
7.4826074,2.72777,GCF_000750955___58,Negative,0.0,0.9999
7.0389876,2.3499167,GCF_000750955___59,Negative,0.0,0.9999
7.154183,2.3338456,GCF_000750955___60,Negative,0.0,0.9999
7.9164104,3.293058,GCF_000750955___61,Negative,0.0001,0.9999
6.953595,2.409126,GCF_000750955___62,Negative,0.0,0.9999
-0.3447527,3.928987,GCF_000750955___63,Negative,0.0111,0.0
14.533696,8.438851,GCF_000750955___64,Negative,0.0,0.0107
13.659112,5.7880206,GCF_000750955___65,Negative,0.0,0.0533
13.080059,8.714333,GCF_000750955___66,Negative,0.0,0.0003
7.569788,5.338811,GCF_000750955___67,Negative,0.0062,0.2353
11.431221,7.385123,GCF_000750955___68,Negative,0.0,0.014
13.235324,7.744117,GCF_000750955___69,Negative,0.0,0.0095
7.5715494,5.107587,GCF_000750955___70,Negative,0.0001,0.9225
5.8168535,2.5296257,GCF_000750955___71,Negative,0.0,0.9995
13.665337,6.6504073,GCF_000750955___72,Negative,0.0,0.0849
13.685777,8.445146,GCF_000750955___73,Negative,0.0001,0.0095
10.221094,4.540427,GCF_000750955___74,Negative,0.0,0.998
-0.99889004,3.8377228,GCF_000750955___75,Negative,0.0002,0.0
-1.0614535,3.904319,GCF_000750955___76,Negative,0.0001,0.0
-0.8936616,3.7079315,GCF_000750955___77,Negative,0.0,0.0
-1.0801594,4.188525,GCF_000750955___78,Negative,0.0006,0.0002
0.7800958,7.027507,GCF_000750955___79,Negative,0.0098,0.6947
0.5093543,6.8744087,GCF_000750955___80,Negative,0.0015,0.9002
0.5728125,6.6485806,GCF_000750955___81,Negative,0.0002,0.0965
13.494327,6.652515,GCF_000750955___82,Negative,0.0002,0.0267
-0.083174646,4.3381133,GCF_000750955___83,Negative,0.0223,0.0001
13.323944,6.3385234,GCF_000750955___84,Negative,0.0001,0.0815
7.897708,3.7029467,GCF_000750955___85,Negative,0.0001,0.9999
0.6247061,3.6192448,GCF_000750955___86,Negative,0.0427,0.0
-0.10680176,3.8093762,GCF_000750955___87,Negative,0.009,0.0
12.187869,8.964735,GCF_000750955___88,Negative,0.0,0.0082
0.77045083,4.6914806,GCF_000750955___89,Negative,0.1264,0.0045
11.749743,5.227356,GCF_000750955___90,Negative,0.0025,0.6737
8.707193,3.7874475,GCF_000750955___91,Negative,0.0003,0.99
-0.30934858,3.3384745,GCF_000750955___92,Negative,0.0049,0.0003
11.812047,8.123691,GCF_000750955___93,Negative,0.0,0.023
1.0091429,8.487798,GCF_000750955___94,Negative,0.0039,0.7422
1.1811236,7.7185836,GCF_000750955___95,Negative,0.0252,0.1864
0.78325397,7.95664,GCF_000750955___96,Negative,0.0038,0.8886
10.834625,4.9711976,GCF_000750955___97,Negative,0.0,0.9832
10.358043,4.685016,GCF_000750955___98,Negative,0.0001,0.9438
5.767425,2.5865297,GCF_000750955___99,Negative,0.0,0.9994
12.285407,5.952381,GCF_000750955___100,Negative,0.0021,0.0452
12.15336,7.993233,GCF_000750955___101,Negative,0.0,0.0415
5.454605,2.927038,GCF_000750955___102,Negative,0.0043,0.9883
11.662603,6.531655,GCF_000750955___103,Negative,0.0003,0.3411
5.4595737,3.3721514,GCF_000750955___104,Negative,0.0104,0.117
7.569595,4.6845703,GCF_000750955___105,Negative,0.0038,0.8001
1.6473882,7.092851,GCF_000750955___106,Negative,0.0075,0.756
9.890578,4.7747607,GCF_000750955___107,Negative,0.0002,0.3297
5.1135798,3.0668118,GCF_000750955___108,Inc-protein,0.9067,0.0683
5.5918727,2.7139688,GCF_000750955___109,Negative,0.0001,0.9998
9.142245,4.4225636,GCF_000750955___110,Negative,0.0004,0.8401
5.2288446,3.1169426,GCF_000750955___111,Negative,0.1137,0.7824
11.934949,6.864007,GCF_000750955___112,Negative,0.0,0.0188
5.4151144,3.3531234,GCF_000750955___113,Negative,0.0114,0.8385
5.4419436,3.3771448,GCF_000750955___114,Negative,0.0171,0.6761
10.6096115,4.659797,GCF_000750955___115,Negative,0.0001,0.982
12.903108,9.1399975,GCF_000750955___116,Negative,0.0,0.0011
13.158149,9.341922,GCF_000750955___117,Negative,0.0,0.0018
11.233095,5.4584274,GCF_000750955___118,Negative,0.0003,0.6262
1.3926501,4.2767234,GCF_000750955___119,Negative,0.784,0.0046
8.039013,2.9998097,GCF_000750955___120,Negative,0.0001,0.9997
11.595607,4.9933987,GCF_000750955___121,Negative,0.0001,0.7081
11.381531,5.5207624,GCF_000750955___122,Negative,0.0,0.4753
1.4064182,7.5263653,GCF_000750955___123,Negative,0.0091,0.3917
12.162201,5.042236,GCF_000750955___124,Negative,0.1263,0.7004
6.8098326,2.6837265,GCF_000750955___125,Negative,0.0009,0.9972
13.297456,8.437145,GCF_000750955___126,Negative,0.0,0.0053
4.6673822,3.6659496,GCF_000750955___127,Negative,0.1149,0.8841
3.9658248,3.5927434,GCF_000750955___128,Inc-protein,0.9967,0.0032
11.780059,6.2326603,GCF_000750955___129,Negative,0.0,0.0762
11.609763,5.266614,GCF_000750955___130,Negative,0.0001,0.4883
11.830333,8.063696,GCF_000750955___131,Negative,0.0,0.0087
8.684008,4.3178043,GCF_000750955___132,Negative,0.0,0.9726
7.9658794,4.257665,GCF_000750955___133,Negative,0.0003,0.9844
11.303208,7.01112,GCF_000750955___134,Negative,0.0,0.8897
11.233241,7.0670886,GCF_000750955___135,Negative,0.0,0.7453
12.302478,7.4080276,GCF_000750955___136,Negative,0.0,0.1474
10.876275,7.09919,GCF_000750955___137,Negative,0.0,0.3471
13.311152,6.2953415,GCF_000750955___138,Negative,0.0001,0.0318
11.645364,5.705866,GCF_000750955___139,Negative,0.0001,0.1219
7.4637938,3.0372503,GCF_000750955___140,Negative,0.0002,0.9991
6.9916472,2.5967758,GCF_000750955___141,Negative,0.0,0.9992
13.675495,7.2562647,GCF_000750955___142,Negative,0.0,0.0142
0.4479062,3.9632316,GCF_000750955___143,Negative,0.1132,0.0019
7.7435045,5.295357,GCF_000750955___144,Negative,0.0012,0.5429
13.990867,7.2321086,GCF_000750955___145,Negative,0.0,0.0063
13.821727,9.461481,GCF_000750955___146,Negative,0.0,0.0013
13.230982,5.43345,GCF_000750955___147,Negative,0.0003,0.6872
1.0446978,8.464608,GCF_000750955___148,Negative,0.0045,0.6633
13.627861,9.525599,GCF_000750955___149,Negative,0.0,0.0002
13.067803,9.245543,GCF_000750955___150,Negative,0.0,0.0016
12.712018,7.6347384,GCF_000750955___151,Negative,0.0,0.0168
11.254738,4.926523,GCF_000750955___152,Negative,0.0001,0.8275
8.230961,3.158283,GCF_000750955___153,Negative,0.0003,0.9995
0.12019641,7.980447,GCF_000750955___154,Negative,0.0002,0.0285
1.2387137,8.090747,GCF_000750955___155,Negative,0.0002,0.0332
12.123303,7.593684,GCF_000750955___156,Negative,0.0,0.0037
0.80740947,8.188148,GCF_000750955___157,Negative,0.0102,0.6141
5.435461,3.3060577,GCF_000750955___158,Negative,0.0007,0.1256
7.500906,5.3481574,GCF_000750955___159,Negative,0.0003,0.6762
12.2389145,7.2313604,GCF_000750955___160,Negative,0.0,0.0454
13.722214,7.416789,GCF_000750955___161,Negative,0.0,0.008
12.945068,8.003387,GCF_000750955___162,Negative,0.0,0.0017
12.691853,5.5515385,GCF_000750955___163,Negative,0.0002,0.2209
14.638067,8.5882435,GCF_000750955___164,Negative,0.0,0.0031
0.45770738,6.781263,GCF_000750955___165,Negative,0.015,0.1922
0.90660894,8.006098,GCF_000750955___166,Negative,0.0003,0.9782
13.236033,6.9187617,GCF_000750955___167,Negative,0.0,0.0141
0.98897356,8.199859,GCF_000750955___168,Negative,0.0009,0.0476
14.216584,8.185658,GCF_000750955___169,Negative,0.0,0.0027
13.584196,7.965054,GCF_000750955___170,Negative,0.0001,0.0025
6.5874367,2.5246825,GCF_000750955___171,Negative,0.0025,0.9972
14.181432,7.496522,GCF_000750955___172,Negative,0.0,0.0174
1.1333218,9.598927,GCF_000750955___173,Negative,0.0001,0.6836
7.934275,4.775191,GCF_000750955___174,Negative,0.0,0.9897
8.736293,4.4151897,GCF_000750955___175,Negative,0.0069,0.6325
8.773591,4.5008936,GCF_000750955___176,Negative,0.0014,0.0818
9.929586,5.230093,GCF_000750955___177,Negative,0.0002,0.4271
12.83348,6.7628016,GCF_000750955___178,Negative,0.0,0.0755
13.876884,9.308388,GCF_000750955___179,Negative,0.0,0.0048
12.360358,8.259337,GCF_000750955___180,Negative,0.0,0.0097
14.100342,6.7981515,GCF_000750955___181,Negative,0.0,0.0034
1.139741,8.84535,GCF_000750955___182,Negative,0.0001,0.0913
14.038066,8.272224,GCF_000750955___183,Negative,0.0,0.0055
13.526711,6.4605546,GCF_000750955___184,Negative,0.0002,0.0965
8.072882,3.9279234,GCF_000750955___185,Negative,0.0148,0.982
-0.66158396,4.480216,GCF_000750955___186,Negative,0.0018,0.0
13.857026,8.459788,GCF_000750955___187,Negative,0.0,0.0229
0.8740799,7.970879,GCF_000750955___188,Negative,0.002,0.9182
1.1515181,8.818389,GCF_000750955___189,Negative,0.0002,0.2066
11.57202,5.152081,GCF_000750955___190,Negative,0.0002,0.2328
7.784153,5.5106235,GCF_000750955___191,Negative,0.0002,0.114
0.6797288,7.823048,GCF_000750955___192,Negative,0.0086,0.859
13.641295,5.748082,GCF_000750955___193,Negative,0.0,0.0794
0.81010556,7.7382255,GCF_000750955___194,Negative,0.0007,0.9235
14.042119,6.631322,GCF_000750955___195,Negative,0.0,0.0964
-0.44271788,3.4120898,GCF_000750955___196,Negative,0.0011,0.0
0.52518904,4.0956664,GCF_000750955___197,Negative,0.0208,0.0086
13.42509,6.4775963,GCF_000750955___198,Negative,0.0,0.017
13.644244,8.445762,GCF_000750955___199,Negative,0.0,0.0001
12.054443,8.305718,GCF_000750955___200,Negative,0.0003,0.1283
11.846834,6.523431,GCF_000750955___201,Negative,0.0002,0.3039
5.105384,2.9783986,GCF_000750955___202,Inc-protein,0.9962,0.0033
4.764932,3.5992808,GCF_000750955___203,Inc-protein,0.9463,0.0045
4.3875585,3.8730035,GCF_000750955___204,Inc-protein,0.9657,0.0193
1.0226766,6.434426,GCF_000750955___205,Negative,0.0039,0.0033
4.0948696,4.0060477,GCF_000750955___206,Inc-protein,0.9953,0.0042
12.74843,8.929224,GCF_000750955___207,Negative,0.0,0.0005
13.550429,8.509618,GCF_000750955___208,Negative,0.0,0.0019
12.638044,8.258861,GCF_000750955___209,Negative,0.0001,0.006
13.038759,8.829232,GCF_000750955___210,Negative,0.0,0.0014
13.1954775,8.846446,GCF_000750955___211,Negative,0.0,0.0
12.203884,6.9543743,GCF_000750955___212,Negative,0.0,0.0005
13.154275,8.971406,GCF_000750955___213,Negative,0.0,0.0004
13.351806,8.798966,GCF_000750955___214,Negative,0.0,0.0001
12.66227,5.8666573,GCF_000750955___215,Negative,0.0001,0.0369
14.204771,7.6751714,GCF_000750955___216,Negative,0.0,0.002
13.129768,8.74901,GCF_000750955___217,Negative,0.0,0.0007
12.3176365,8.698842,GCF_000750955___218,Negative,0.0,0.0047
13.415251,8.482074,GCF_000750955___219,Negative,0.0,0.0006
13.369191,8.667117,GCF_000750955___220,Negative,0.0,0.0014
13.038966,8.954386,GCF_000750955___221,Negative,0.0,0.0001
12.717473,7.940963,GCF_000750955___222,Negative,0.0,0.006
13.370207,8.710626,GCF_000750955___223,Negative,0.0,0.0
13.141913,9.011736,GCF_000750955___224,Negative,0.0,0.0006
-0.8089342,3.7114856,GCF_000750955___225,Negative,0.0016,0.0
13.272592,9.228003,GCF_000750955___226,Negative,0.0,0.0
13.073133,9.112862,GCF_000750955___227,Negative,0.0,0.0002
13.911903,7.6946855,GCF_000750955___228,Negative,0.0,0.0057
13.9017105,7.303971,GCF_000750955___229,Negative,0.0001,0.0491
14.085573,9.523611,GCF_000750955___230,Negative,0.0,0.0005
7.8816776,4.177951,GCF_000750955___231,Negative,0.0,0.9997
-0.5005286,4.4650183,GCF_000750955___232,Negative,0.0037,0.0002
7.7464204,4.8305306,GCF_000750955___233,Negative,0.0001,0.996
5.8025994,2.6509266,GCF_000750955___234,Negative,0.0001,0.9998
13.890895,9.447693,GCF_000750955___235,Negative,0.0,0.0021
14.608158,8.015432,GCF_000750955___236,Negative,0.0001,0.0364
13.810255,7.2164965,GCF_000750955___237,Negative,0.0,0.2871
1.3397721,8.785002,GCF_000750955___238,Negative,0.0002,0.1738
3.6314774,3.974815,GCF_000750955___239,Inc-protein,0.9997,0.0001
7.527787,4.9554443,GCF_000750955___240,Negative,0.0002,0.9415
7.448471,5.641639,GCF_000750955___241,Negative,0.0004,0.1201
6.7643833,3.0480483,GCF_000750955___242,Negative,0.1364,0.8138
13.87702,7.888721,GCF_000750955___243,Negative,0.0,0.0082
11.4798565,4.837662,GCF_000750955___244,Negative,0.0,0.7736
13.185949,6.0552597,GCF_000750955___245,Negative,0.0001,0.401
-0.0684521,8.315164,GCF_000750955___246,Negative,0.0015,0.9857
-0.80223936,9.570318,GCF_000750955___247,Negative,0.0126,0.099
13.362781,7.054172,GCF_000750955___248,Negative,0.0,0.0069
0.20211905,4.0339065,GCF_000750955___249,Negative,0.0175,0.0001
10.758036,4.8771553,GCF_000750955___250,Negative,0.0001,0.9785
0.23494782,3.759688,GCF_000750955___251,Negative,0.0701,0.0016
6.550212,3.310238,GCF_000750955___252,Negative,0.0001,0.9789
6.653674,2.7145789,GCF_000750955___253,Negative,0.0003,0.9994
0.48465046,4.0981517,GCF_000750955___254,Negative,0.0917,0.0021
13.265649,7.6838984,GCF_000750955___255,Negative,0.0,0.0035
13.870406,6.9267893,GCF_000750955___256,Negative,0.0,0.0191
5.649597,2.6195245,GCF_000750955___257,Negative,0.0001,0.9999
-0.09889226,8.423622,GCF_000750955___258,Negative,0.0002,0.9432
1.6284963,4.7859693,GCF_000750955___259,Inc-protein,0.9421,0.0011
5.6262093,3.6082597,GCF_000750955___260,Negative,0.0002,0.6313
6.487806,2.8780415,GCF_000750955___261,Negative,0.0,0.9999
7.8126388,3.3590457,GCF_000750955___262,Negative,0.0,0.9999
7.7580113,3.1639864,GCF_000750955___263,Negative,0.0,1.0
7.788827,3.2699716,GCF_000750955___264,Negative,0.0,0.9999
7.82758,3.3116872,GCF_000750955___265,Negative,0.0,0.9999
7.349146,2.4589467,GCF_000750955___266,Negative,0.0,1.0
7.7017064,2.7777429,GCF_000750955___267,Negative,0.0,1.0
7.746512,3.096572,GCF_000750955___268,Negative,0.0001,0.9999
8.432109,4.328217,GCF_000750955___269,Negative,0.0004,0.9872
12.194253,7.623101,GCF_000750955___270,Negative,0.0001,0.0558
1.4601222,7.8216224,GCF_000750955___271,Negative,0.0021,0.1664
11.082602,7.1233816,GCF_000750955___272,Negative,0.0,0.3212
1.0562717,9.218161,GCF_000750955___273,Negative,0.0002,0.2757
1.3612607,8.4720335,GCF_000750955___274,Negative,0.0002,0.0456
11.444595,5.269723,GCF_000750955___275,Negative,0.0,0.3176
12.564557,9.108417,GCF_000750955___276,Negative,0.0,0.0265
12.551418,6.7352033,GCF_000750955___277,Negative,0.0001,0.5164
9.096678,4.738739,GCF_000750955___278,Negative,0.0003,0.0221
9.057934,4.6171513,GCF_000750955___279,Negative,0.0545,0.0389
0.9671222,3.8895092,GCF_000750955___280,Negative,0.5711,0.0005
13.188773,7.0892253,GCF_000750955___281,Negative,0.0,0.0093
1.269686,4.9977746,GCF_000750955___282,Negative,0.1315,0.0006
14.087626,9.506393,GCF_000750955___283,Negative,0.0,0.0008
-0.52048624,4.3449364,GCF_000750955___284,Negative,0.0028,0.0
-0.21985933,4.4959307,GCF_000750955___285,Negative,0.0004,0.0002
12.253439,7.327259,GCF_000750955___286,Negative,0.0,0.0035
12.534954,6.6861095,GCF_000750955___287,Negative,0.0002,0.413
0.044373207,4.5835176,GCF_000750955___288,Negative,0.0104,0.0004
0.11040908,4.0362496,GCF_000750955___289,Negative,0.0503,0.0006
1.2984434,8.077556,GCF_000750955___290,Negative,0.0041,0.1861
0.954401,4.0084248,GCF_000750955___291,Negative,0.666,0.0076
14.13077,8.894843,GCF_000750955___292,Negative,0.0,0.0017
12.383952,7.9932775,GCF_000750955___293,Negative,0.0,0.0076
12.285287,5.462754,GCF_000750955___294,Negative,0.0001,0.9249
3.7102768,4.0174785,GCF_000750955___295,Inc-protein,0.8752,0.102
7.5276175,3.9117718,GCF_000750955___296,Negative,0.108,0.8919
8.080667,4.1235404,GCF_000750955___297,Negative,0.0002,0.9983
1.0012926,5.0184703,GCF_000750955___298,Negative,0.1756,0.058
1.0085337,7.7056856,GCF_000750955___299,Negative,0.0023,0.8814
1.1970837,7.6957455,GCF_000750955___300,Negative,0.0023,0.037
0.2846052,3.9952528,GCF_000750955___301,Negative,0.0859,0.0002
0.739577,10.078656,GCF_000750955___302,Negative,0.0,0.0388
12.807182,6.053221,GCF_000750955___303,Negative,0.0002,0.385
0.5173356,6.883084,GCF_000750955___304,Negative,0.0027,0.9681
-0.4224142,3.3320243,GCF_000750955___305,Negative,0.0028,0.0001
3.7991462,4.046889,GCF_000750955___306,Inc-protein,0.9702,0.0071
0.11754363,7.210219,GCF_000750955___307,Negative,0.0067,0.1735
12.732381,6.415949,GCF_000750955___308,Negative,0.0,0.1799
0.45787206,4.2817397,GCF_000750955___309,Negative,0.1592,0.0018
13.561039,9.004223,GCF_000750955___310,Negative,0.0,0.0007
-0.09707252,3.779539,GCF_000750955___311,Negative,0.0064,0.0
0.030435681,3.9242792,GCF_000750955___312,Negative,0.0125,0.0
14.030947,9.314484,GCF_000750955___313,Negative,0.0,0.0006
12.209853,5.7797976,GCF_000750955___314,Negative,0.0001,0.4103
12.116205,5.754747,GCF_000750955___315,Negative,0.0001,0.453
14.282684,9.267813,GCF_000750955___316,Negative,0.0,0.0023
12.387114,7.6621404,GCF_000750955___317,Negative,0.0,0.0278
0.9936391,7.73152,GCF_000750955___318,Negative,0.0136,0.8704
-0.13706782,4.644852,GCF_000750955___319,Negative,0.005,0.0
8.093965,5.7143955,GCF_000750955___320,Negative,0.0008,0.0055
0.6586908,4.704762,GCF_000750955___321,Negative,0.0956,0.0008
-0.7278749,9.553728,GCF_000750955___322,Negative,0.0203,0.0417
-0.20610808,3.6684859,GCF_000750955___323,Negative,0.0194,0.0001
12.266987,7.393729,GCF_000750955___324,Negative,0.0,0.0469
-0.7664916,4.084422,GCF_000750955___325,Negative,0.0002,0.0
12.506534,7.707603,GCF_000750955___326,Negative,0.0,0.0073
14.327502,8.048938,GCF_000750955___327,Negative,0.0,0.0104
-0.010316523,4.460333,GCF_000750955___328,Negative,0.0048,0.0026
12.652029,5.4662294,GCF_000750955___329,Negative,0.0001,0.1949
12.429759,6.0029287,GCF_000750955___330,Negative,0.0,0.0665
11.88463,5.2441225,GCF_000750955___331,Negative,0.0,0.8192
12.38437,6.100735,GCF_000750955___332,Negative,0.0,0.0523
13.898649,9.051838,GCF_000750955___333,Negative,0.0,0.0024
14.521643,8.032267,GCF_000750955___334,Negative,0.0,0.0238
13.365801,7.1671414,GCF_000750955___335,Negative,0.0,0.0149
14.604401,7.999175,GCF_000750955___336,Negative,0.0,0.0094
14.108143,9.510552,GCF_000750955___337,Negative,0.0,0.0015
12.917325,7.9205494,GCF_000750955___338,Negative,0.0001,0.0576
13.854401,7.1961484,GCF_000750955___339,Negative,0.0,0.0207
8.414366,3.9534652,GCF_000750955___340,Negative,0.0005,0.9946
11.421664,6.9295382,GCF_000750955___341,Negative,0.0001,0.2446
11.110097,7.122012,GCF_000750955___342,Negative,0.0001,0.1886
7.904828,5.2982225,GCF_000750955___343,Negative,0.0003,0.859
0.0035844233,3.3310497,GCF_000750955___344,Negative,0.0003,0.0
12.015935,8.630464,GCF_000750955___345,Negative,0.0,0.0023
8.670689,6.702683,GCF_000750955___346,Negative,0.0,0.0162
7.8581915,4.632579,GCF_000750955___347,Negative,0.0,0.9991
7.8760805,4.6600604,GCF_000750955___348,Negative,0.0,0.9941
7.859057,4.6955686,GCF_000750955___349,Negative,0.0,0.985
8.646779,6.6740813,GCF_000750955___350,Negative,0.0,0.0298
7.8840914,4.637567,GCF_000750955___351,Negative,0.0,0.9943
7.956414,5.5364094,GCF_000750955___352,Negative,0.0001,0.173
7.863655,4.553198,GCF_000750955___353,Negative,0.0,0.9988
6.9861155,2.7963371,GCF_000750955___354,Negative,0.0002,0.9997
8.360314,5.4557557,GCF_000750955___355,Negative,0.0,0.1335
8.49729,5.3076773,GCF_000750955___356,Negative,0.0,0.0216
0.70824707,3.828694,GCF_000750955___357,Negative,0.4256,0.0001
0.9929224,3.7061055,GCF_000750955___358,Negative,0.4452,0.0006
11.51338,5.697999,GCF_000750955___359,Negative,0.0001,0.7952
7.6225452,5.8208346,GCF_000750955___360,Negative,0.0,0.0071
6.9379416,3.580921,GCF_000750955___361,Negative,0.0002,0.9991
7.849718,3.2680106,GCF_000750955___362,Negative,0.0002,0.996
-0.78186154,4.407642,GCF_000750955___363,Negative,0.0002,0.0
7.385259,3.7774546,GCF_000750955___364,Negative,0.0013,0.98
11.988623,7.909498,GCF_000750955___365,Negative,0.0,0.0322
6.9667363,6.119718,GCF_000750955___366,Negative,0.0,0.0018
7.200483,5.8125052,GCF_000750955___367,Negative,0.0021,0.6826
1.0961336,8.716311,GCF_000750955___368,Negative,0.0011,0.3328
-0.6619444,9.515365,GCF_000750955___369,Negative,0.002,0.0218
1.1500161,8.88593,GCF_000750955___370,Negative,0.0001,0.0332
0.31100392,8.483062,GCF_000750955___371,Negative,0.0004,0.4681
11.6369505,8.115411,GCF_000750955___372,Negative,0.0001,0.0531
7.6721573,3.3268535,GCF_000750955___373,Negative,0.0003,0.9996
0.7259273,8.494102,GCF_000750955___374,Negative,0.0014,0.9274
11.584911,5.009527,GCF_000750955___375,Negative,0.0001,0.2812
13.959076,7.9688396,GCF_000750955___376,Negative,0.0004,0.0151
13.966814,9.38076,GCF_000750955___377,Negative,0.0,0.0012
0.7357941,10.107976,GCF_000750955___378,Negative,0.0001,0.1427
11.663858,7.317589,GCF_000750955___379,Negative,0.0,0.0127
-0.089551315,4.491402,GCF_000750955___380,Negative,0.0083,0.0001
11.351281,7.192237,GCF_000750955___381,Negative,0.0001,0.0757
1.4256698,8.153571,GCF_000750955___382,Negative,0.0032,0.0422
13.790466,7.5216713,GCF_000750955___383,Negative,0.0,0.0048
12.973432,6.2274218,GCF_000750955___384,Negative,0.0002,0.074
12.6846895,9.036607,GCF_000750955___385,Negative,0.0,0.0054
12.016766,7.5621734,GCF_000750955___386,Negative,0.0,0.0002
13.860006,9.246626,GCF_000750955___387,Negative,0.0,0.0006
13.056881,7.855749,GCF_000750955___388,Negative,0.0,0.0064
14.038112,8.473071,GCF_000750955___389,Negative,0.0,0.0052
11.651387,6.500017,GCF_000750955___390,Negative,0.0001,0.7046
6.944636,3.0583074,GCF_000750955___391,Negative,0.0015,0.9107
1.1374265,9.173968,GCF_000750955___392,Negative,0.0,0.011
1.275505,8.044818,GCF_000750955___393,Negative,0.0007,0.4612
11.760286,5.764857,GCF_000750955___394,Negative,0.0001,0.2979
0.17547695,3.9746714,GCF_000750955___395,Negative,0.0263,0.0
13.290248,5.8060737,GCF_000750955___396,Negative,0.0003,0.1994
13.806498,8.813159,GCF_000750955___397,Negative,0.0,0.002
-0.8777537,9.780655,GCF_000750955___398,Negative,0.0002,0.5437
13.029056,7.020913,GCF_000750955___399,Negative,0.0,0.0088
6.9649487,6.029018,GCF_000750955___400,Negative,0.5424,0.0007
13.017384,6.414027,GCF_000750955___401,Negative,0.0,0.6394
-0.77855796,3.635598,GCF_000750955___402,Negative,0.0004,0.0
0.89877886,7.9242973,GCF_000750955___403,Negative,0.0052,0.69
1.2312284,8.61736,GCF_000750955___404,Negative,0.0002,0.0574
-0.83873194,4.597158,GCF_000750955___405,Negative,0.0017,0.0004
-0.0912228,8.435841,GCF_000750955___406,Negative,0.0011,0.9908
12.7591305,9.322064,GCF_000750955___407,Negative,0.0,0.0016
12.757838,5.7201433,GCF_000750955___408,Negative,0.0002,0.2469
12.758923,7.4278116,GCF_000750955___409,Negative,0.0,0.4039
13.417118,9.129158,GCF_000750955___410,Negative,0.0,0.0177
1.0803998,8.791944,GCF_000750955___411,Negative,0.0007,0.3438
7.3667793,5.717949,GCF_000750955___412,Negative,0.0032,0.5665
2.1704624,4.7967157,GCF_000750955___413,Negative,0.0653,0.0267
0.17245503,4.1932406,GCF_000750955___414,Negative,0.0105,0.0002
11.524761,4.9569273,GCF_000750955___415,Negative,0.0003,0.4504
13.327496,6.171338,GCF_000750955___416,Negative,0.0,0.0142
12.828003,6.5849295,GCF_000750955___417,Negative,0.0,0.0481
-0.38663206,4.2735105,GCF_000750955___418,Negative,0.0205,0.0
8.068276,3.4311547,GCF_000750955___419,Negative,0.0002,0.9995
13.288497,6.865586,GCF_000750955___420,Negative,0.0003,0.118
-0.8309305,9.683074,GCF_000750955___421,Negative,0.0046,0.587
0.86037356,8.816221,GCF_000750955___422,Negative,0.0001,0.3057
14.306907,9.048911,GCF_000750955___423,Negative,0.0,0.0012
-0.99884194,3.880195,GCF_000750955___424,Negative,0.0004,0.0
-0.903343,3.937022,GCF_000750955___425,Negative,0.002,0.0
13.882239,8.219312,GCF_000750955___426,Negative,0.0,0.0074
12.45208,5.232094,GCF_000750955___427,Negative,0.0001,0.7755
14.230974,8.283581,GCF_000750955___428,Negative,0.0,0.0246
13.50013,9.265959,GCF_000750955___429,Negative,0.0,0.0048
14.265898,7.729718,GCF_000750955___430,Negative,0.0,0.0212
8.389716,5.714122,GCF_000750955___431,Negative,0.0,0.0068
11.911158,7.302724,GCF_000750955___432,Negative,0.0001,0.1086
12.755608,7.3023424,GCF_000750955___433,Negative,0.0001,0.1989
0.5335507,6.8629756,GCF_000750955___434,Negative,0.0005,0.4157
-0.18599623,8.364094,GCF_000750955___435,Negative,0.0001,0.999
6.6023827,2.502976,GCF_000750955___436,Negative,0.0009,0.999
1.5186055,7.9579797,GCF_000750955___437,Negative,0.0008,0.0814
-1.027654,3.8400862,GCF_000750955___438,Negative,0.0003,0.0
8.040119,3.698135,GCF_000750955___439,Negative,0.0,0.9999
7.649539,4.719689,GCF_000750955___440,Negative,0.0,0.9986
8.336291,3.9580908,GCF_000750955___441,Negative,0.0,0.9981
-0.9996714,3.9789069,GCF_000750955___442,Negative,0.0004,0.0004
13.25258,7.7202625,GCF_000750955___443,Negative,0.0,0.1041
0.47230884,8.07892,GCF_000750955___444,Negative,0.0019,0.8862
14.259326,7.682676,GCF_000750955___445,Negative,0.0,0.01
6.98712,6.093389,GCF_000750955___446,Negative,0.0002,0.0021
14.36623,7.4542165,GCF_000750955___447,Negative,0.0,0.0365
0.3357262,8.289569,GCF_000750955___448,Negative,0.001,0.6662
13.80532,6.0202537,GCF_000750955___449,Negative,0.0,0.0177
7.3979235,2.8152504,GCF_000750955___450,Negative,0.0001,0.9998
12.876361,9.278658,GCF_000750955___451,Negative,0.0,0.0022
13.261535,7.0010705,GCF_000750955___452,Negative,0.0,0.0685
11.549952,7.4832954,GCF_000750955___453,Negative,0.0,0.0982
14.369722,9.306103,GCF_000750955___454,Negative,0.0,0.0009
8.6881895,3.934233,GCF_000750955___455,Negative,0.0008,0.9632
7.577697,4.6279216,GCF_000750955___456,Negative,0.0093,0.9859
13.641483,9.377977,GCF_000750955___457,Negative,0.0,0.0029
13.183989,9.374913,GCF_000750955___458,Negative,0.0,0.0002
12.333351,8.113379,GCF_000750955___459,Negative,0.0,0.116
8.236754,3.227593,GCF_000750955___460,Negative,0.0001,0.9996
7.323253,3.9826348,GCF_000750955___461,Negative,0.3017,0.6875
1.9323797,4.4948025,GCF_000750955___462,Inc-protein,0.9995,0.0001
-0.87128663,9.720892,GCF_000750955___463,Negative,0.0029,0.6376
7.4168267,2.6769545,GCF_000750955___464,Negative,0.0,1.0
0.79522645,9.858782,GCF_000750955___465,Negative,0.0,0.873
6.0319114,2.6553643,GCF_000750955___466,Negative,0.0011,0.9967
1.3607935,8.202642,GCF_000750955___467,Negative,0.0004,0.2634
14.096676,6.3941526,GCF_000750955___468,Negative,0.0001,0.1289
13.119282,6.3729315,GCF_000750955___469,Negative,0.0,0.0059
12.50227,8.424158,GCF_000750955___470,Negative,0.0,0.0004
7.331333,5.6702304,GCF_000750955___471,Negative,0.0046,0.0479
14.373026,8.346311,GCF_000750955___472,Negative,0.0,0.0069
12.822867,8.771755,GCF_000750955___473,Negative,0.0,0.0032
1.2415586,8.129105,GCF_000750955___474,Negative,0.0005,0.0609
8.033289,3.6374776,GCF_000750955___475,Negative,0.0001,0.9999
7.9882116,3.6889837,GCF_000750955___476,Negative,0.0001,0.9998
13.770112,7.8374662,GCF_000750955___477,Negative,0.0002,0.1115
4.5735636,3.4132907,GCF_000750955___478,Inc-protein,0.9893,0.0106
3.7353451,3.792549,GCF_000750955___479,Inc-protein,0.9856,0.0143
-0.81958723,4.208186,GCF_000750955___480,Negative,0.0016,0.0001
14.035211,6.8837442,GCF_000750955___481,Negative,0.0,0.012
0.66499275,4.4448996,GCF_000750955___482,Negative,0.1157,0.0144
0.6646913,4.357839,GCF_000750955___483,Negative,0.1835,0.0027
1.678951,4.4588284,GCF_000750955___484,Inc-protein,0.995,0.0004
12.367978,5.4290047,GCF_000750955___485,Negative,0.0001,0.6181
-0.9496771,4.1324263,GCF_000750955___486,Negative,0.0007,0.0016
14.195675,7.766247,GCF_000750955___487,Negative,0.0,0.003
12.827701,6.051337,GCF_000750955___488,Negative,0.0001,0.0108
7.5393143,5.3035245,GCF_000750955___489,Negative,0.0012,0.5101
7.6298656,4.745097,GCF_000750955___490,Negative,0.0004,0.982
13.452317,7.0878053,GCF_000750955___491,Negative,0.0001,0.049
9.103901,4.691281,GCF_000750955___492,Negative,0.0008,0.2258
1.8703421,4.53075,GCF_000750955___493,Inc-protein,0.9998,0.0001
5.4456143,2.768019,GCF_000750955___494,Negative,0.1518,0.8482
10.345346,4.656977,GCF_000750955___495,Negative,0.0,0.9597
8.320511,3.0004926,GCF_000750955___496,Negative,0.0024,0.9967
0.90668786,4.2763658,GCF_000750955___497,Negative,0.4059,0.0005
12.23121,5.61038,GCF_000750955___498,Negative,0.0073,0.7045
5.16157,3.0086272,GCF_000750955___499,Negative,0.7351,0.2623
7.06149,6.021329,GCF_000750955___500,Negative,0.0008,0.1659
13.96743,7.441678,GCF_000750955___501,Negative,0.0001,0.0255
7.2095065,2.4037714,GCF_000750955___502,Negative,0.0005,0.9994
7.0527077,2.4178214,GCF_000750955___503,Negative,0.0001,0.9999
7.9252486,3.6473212,GCF_000750955___504,Negative,0.0001,0.9999
0.36664757,4.3311915,GCF_000750955___505,Negative,0.0447,0.0017
11.4774685,5.2980523,GCF_000750955___506,Negative,0.0,0.9931
12.479023,7.435908,GCF_000750955___507,Negative,0.0,0.0035
13.639001,8.445006,GCF_000750955___508,Negative,0.0,0.0015
13.686334,7.42783,GCF_000750955___509,Negative,0.0,0.0154
11.4629545,5.478222,GCF_000750955___510,Negative,0.0001,0.5025
12.403151,5.396574,GCF_000750955___511,Negative,0.0004,0.4231
14.029645,8.870022,GCF_000750955___512,Negative,0.0,0.0033
8.6914215,3.7593956,GCF_000750955___513,Negative,0.0017,0.9376
6.9405427,2.905914,GCF_000750955___514,Negative,0.0002,0.9939
7.973047,4.82118,GCF_000750955___515,Negative,0.0012,0.915
12.341718,5.543479,GCF_000750955___516,Negative,0.0005,0.5594
14.546058,9.059276,GCF_000750955___517,Negative,0.0,0.0008
7.0938096,2.7305932,GCF_000750955___518,Negative,0.0,0.9999
13.518387,6.3072405,GCF_000750955___519,Negative,0.0001,0.0956
13.792548,9.609263,GCF_000750955___520,Negative,0.0,0.0005
13.371132,6.7380323,GCF_000750955___521,Negative,0.0,0.0205
14.082142,6.5455346,GCF_000750955___522,Negative,0.0001,0.1659
3.805087,4.15234,GCF_000750955___523,Negative,0.1722,0.4057
5.1948476,3.267954,GCF_000750955___524,Negative,0.0607,0.8722
12.628977,5.953065,GCF_000750955___525,Negative,0.0,0.3278
7.5362945,4.7688713,GCF_000750955___526,Negative,0.0002,0.9623
11.621917,7.64814,GCF_000750955___527,Negative,0.0001,0.0767
13.508958,6.1181564,GCF_000750955___528,Negative,0.0001,0.1318
-0.17580663,3.642249,GCF_000750955___529,Negative,0.064,0.0002
14.115233,6.528331,GCF_000750955___530,Negative,0.0,0.102
12.441031,6.316169,GCF_000750955___531,Negative,0.0001,0.0873
13.774404,9.127796,GCF_000750955___532,Negative,0.0,0.0132
13.034161,8.76412,GCF_000750955___533,Negative,0.0,0.0049
13.167865,8.608751,GCF_000750955___534,Negative,0.0,0.0084
0.22851293,7.9778094,GCF_000750955___535,Negative,0.0002,0.9992
14.422604,8.041717,GCF_000750955___536,Negative,0.0,0.0081
13.495311,7.8015156,GCF_000750955___537,Negative,0.0,0.0133
0.9227217,8.690737,GCF_000750955___538,Negative,0.0002,0.8555
13.963218,8.246919,GCF_000750955___539,Negative,0.0,0.0011
-0.4984595,3.4678342,GCF_000750955___540,Negative,0.0039,0.0
6.707703,3.7240407,GCF_000750955___541,Negative,0.0054,0.8917
11.522463,6.012946,GCF_000750955___542,Negative,0.0,0.0103
5.122201,2.9751773,GCF_000750955___543,Negative,0.607,0.3926
5.172123,3.039558,GCF_000750955___544,Negative,0.3573,0.6374
13.270589,6.897239,GCF_000750955___545,Negative,0.0,0.0322
0.9085447,3.7939792,GCF_000750955___546,Negative,0.4026,0.0004
0.8200133,6.271124,GCF_000750955___547,Negative,0.0678,0.2432
0.030715214,8.024437,GCF_000750955___548,Negative,0.0006,0.8148
-0.8398391,9.682111,GCF_000750955___549,Negative,0.0007,0.654
-0.8948346,9.742606,GCF_000750955___550,Negative,0.0005,0.8173
-0.8191,9.640903,GCF_000750955___551,Negative,0.0009,0.4468
-0.7417335,9.793216,GCF_000750955___552,Negative,0.0001,0.2089
-0.7951545,9.75802,GCF_000750955___553,Negative,0.0001,0.2503
7.433666,4.9805374,GCF_000750955___554,Negative,0.001,0.7764
7.771098,3.6584132,GCF_000750955___555,Negative,0.0035,0.9952
6.933155,2.457329,GCF_000750955___556,Negative,0.0017,0.9982
6.8908033,2.781781,GCF_000750955___557,Negative,0.0046,0.9892
-0.5000474,4.092565,GCF_000750955___558,Negative,0.0816,0.0001
0.86214155,9.120638,GCF_000750955___559,Negative,0.0006,0.7439
12.318131,8.090436,GCF_000750955___560,Negative,0.0,0.065
8.478846,3.1185234,GCF_000750955___561,Negative,0.0002,0.9737
13.480522,8.214021,GCF_000750955___562,Negative,0.0,0.05
13.725165,8.168967,GCF_000750955___563,Negative,0.0001,0.074
12.134504,5.684124,GCF_000750955___564,Negative,0.0007,0.4094
12.948755,7.9399085,GCF_000750955___565,Negative,0.0002,0.0503
1.8799136,6.871458,GCF_000750955___566,Negative,0.1409,0.832
6.8753514,2.507647,GCF_000750955___567,Negative,0.0,1.0
9.350826,4.7092853,GCF_000750955___568,Negative,0.0002,0.7466
7.743546,5.867121,GCF_000750955___569,Negative,0.0,0.0005
4.838204,3.2588336,GCF_000750955___570,Inc-protein,0.9425,0.0574
8.023272,3.719577,GCF_000750955___571,Negative,0.0002,0.9996
13.301218,5.9454837,GCF_000750955___572,Negative,0.0,0.0817
1.0345155,5.560483,GCF_000750955___573,Negative,0.0131,0.0017
13.602652,7.5719194,GCF_000750955___574,Negative,0.0,0.1127
8.149187,3.132418,GCF_000750955___575,Negative,0.0,0.9996
7.980423,4.0373774,GCF_000750955___576,Negative,0.0082,0.9909
14.06464,6.835959,GCF_000750955___577,Negative,0.0,0.1447
13.418986,5.742381,GCF_000750955___578,Negative,0.0001,0.3882
1.132951,7.3707952,GCF_000750955___579,Negative,0.0021,0.021
0.78054875,9.832151,GCF_000750955___580,Negative,0.0,0.849
-0.79380786,9.633336,GCF_000750955___581,Negative,0.0124,0.3065
7.948908,3.4083889,GCF_000750955___582,Negative,0.0002,0.9981
2.084435,4.739824,GCF_000750955___583,Negative,0.7799,0.0039
13.526464,9.466041,GCF_000750955___584,Negative,0.0,0.0
12.753093,7.0641465,GCF_000750955___585,Negative,0.0,0.0089
13.471884,9.004312,GCF_000750955___586,Negative,0.0,0.0
13.00141,7.638139,GCF_000750955___587,Negative,0.0,0.0034
13.321111,9.285394,GCF_000750955___588,Negative,0.0,0.0002
14.262271,7.727186,GCF_000750955___589,Negative,0.0,0.0184
-0.4480108,3.8381357,GCF_000750955___590,Negative,0.0086,0.0
13.402642,9.147969,GCF_000750955___591,Negative,0.0,0.0002
-0.77198976,3.922355,GCF_000750955___592,Negative,0.0011,0.0
-1.0624583,3.817794,GCF_000750955___593,Negative,0.0005,0.0
-0.7784721,4.1465244,GCF_000750955___594,Negative,0.0029,0.0001
-0.40728304,3.7371354,GCF_000750955___595,Negative,0.0137,0.0002
-0.1952011,3.6708963,GCF_000750955___596,Negative,0.0223,0.0009
5.69827,2.5907078,GCF_000750955___597,Negative,0.0009,0.9991
7.0577664,3.0053585,GCF_000750955___598,Negative,0.0001,0.9999
6.2576017,2.8709917,GCF_000750955___599,Negative,0.0019,0.9972
11.517875,6.456121,GCF_000750955___600,Negative,0.0007,0.5673
12.595107,6.3008184,GCF_000750955___601,Negative,0.0,0.2142
8.685539,3.8120072,GCF_000750955___602,Negative,0.0003,0.9746
14.00567,8.7196665,GCF_000750955___603,Negative,0.0,0.0048
12.893961,8.702449,GCF_000750955___604,Negative,0.0,0.013
14.2708435,9.307056,GCF_000750955___605,Negative,0.0,0.0017
4.82829,3.4410434,GCF_000750955___606,Inc-protein,0.9209,0.0779
13.834972,9.2201805,GCF_000750955___607,Negative,0.0,0.0103
13.756451,9.490947,GCF_000750955___608,Negative,0.0,0.0003
8.498392,2.9908452,GCF_000750955___609,Negative,0.0103,0.8412
5.105672,2.9710243,GCF_000750955___610,Inc-protein,0.9259,0.0741
12.670617,7.055094,GCF_000750955___611,Negative,0.0,0.069
5.6230893,3.6881163,GCF_000750955___612,Negative,0.0001,0.3206
8.2854,2.097883,GCF_000750955___613,Negative,0.0,0.9985
8.989465,4.5860777,GCF_000750955___614,Negative,0.0,0.8389
5.0526156,3.2951066,GCF_000750955___615,Negative,0.1199,0.8751
-0.046631526,8.465973,GCF_000750955___616,Negative,0.0041,0.984
1.7087821,4.874457,GCF_000750955___617,Inc-protein,0.9202,0.002
7.003695,6.136483,GCF_000750955___618,Negative,0.0,0.0005
1.8834895,4.372826,GCF_000750955___619,Negative,0.794,0.2032
1.7779214,4.3773947,GCF_000750955___620,Inc-protein,0.927,0.0713
0.008443704,8.012733,GCF_000750955___621,Negative,0.0001,0.7067
13.837339,6.5529556,GCF_000750955___622,Negative,0.0,0.0615
-0.91602093,3.874243,GCF_000750955___623,Negative,0.0015,0.0001
12.475584,8.040005,GCF_000750955___624,Negative,0.0,0.0093
1.124635,6.704504,GCF_000750955___625,Negative,0.0,0.0007
1.3627031,7.363926,GCF_000750955___626,Negative,0.0068,0.1453
11.36535,5.775897,GCF_000750955___627,Negative,0.0001,0.6935
12.56809,5.386669,GCF_000750955___628,Negative,0.0003,0.9433
12.444854,6.2219906,GCF_000750955___629,Negative,0.0001,0.616
0.36621672,4.3315945,GCF_000750955___630,Negative,0.1771,0.0006
0.2971883,4.566772,GCF_000750955___631,Negative,0.0514,0.0
0.74210495,4.9862223,GCF_000750955___632,Negative,0.0636,0.0003
-1.0535393,3.743519,GCF_000750955___633,Negative,0.0008,0.0
-0.23819382,3.503402,GCF_000750955___634,Negative,0.0036,0.0
0.89933145,3.9359448,GCF_000750955___635,Negative,0.5618,0.0001
12.890246,5.530169,GCF_000750955___636,Negative,0.0005,0.275
12.481732,8.069761,GCF_000750955___637,Negative,0.0,0.0211
13.709291,6.018934,GCF_000750955___638,Negative,0.0003,0.0511
12.763965,8.078446,GCF_000750955___639,Negative,0.0,0.0011
12.343401,6.7386594,GCF_000750955___640,Negative,0.0,0.0288
-0.15421097,8.296765,GCF_000750955___641,Negative,0.0009,0.9948
7.905501,4.318639,GCF_000750955___642,Negative,0.0016,0.9922
14.481058,8.000151,GCF_000750955___643,Negative,0.0001,0.062
14.472151,7.9346695,GCF_000750955___644,Negative,0.0,0.0023
7.918773,3.8616157,GCF_000750955___645,Negative,0.0,0.9995
7.597333,3.2761216,GCF_000750955___646,Negative,0.0008,0.9983
7.938984,3.7436507,GCF_000750955___647,Negative,0.001,0.9988
7.5855904,4.8559184,GCF_000750955___648,Negative,0.0003,0.9909
7.8666444,3.5529158,GCF_000750955___649,Negative,0.0037,0.9847
7.7552886,3.5948126,GCF_000750955___650,Negative,0.0004,0.9994
13.748507,9.478241,GCF_000750955___651,Negative,0.0,0.0005
13.18203,9.364232,GCF_000750955___652,Negative,0.0,0.0003
14.4808445,8.11244,GCF_000750955___653,Negative,0.0,0.0566
-0.58727616,3.3738325,GCF_000750955___654,Negative,0.0034,0.0
14.063347,8.980351,GCF_000750955___655,Negative,0.0,0.0017
13.691709,9.366515,GCF_000750955___656,Negative,0.0,0.0013
11.406155,5.2995157,GCF_000750955___657,Negative,0.0056,0.5331
7.1136837,2.2824728,GCF_000750955___658,Negative,0.0258,0.9715
13.330878,6.8023486,GCF_000750955___659,Negative,0.0001,0.0156
13.273025,5.669231,GCF_000750955___660,Negative,0.0003,0.6124
12.84565,8.607308,GCF_000750955___661,Negative,0.0,0.0013
14.057939,7.72855,GCF_000750955___662,Negative,0.0,0.0433
7.9728265,5.5492,GCF_000750955___663,Negative,0.0019,0.3153
13.559063,7.720382,GCF_000750955___664,Negative,0.0001,0.0072
1.1111267,4.4427958,GCF_000750955___665,Negative,0.4345,0.0291
13.208334,6.4845433,GCF_000750955___666,Negative,0.0001,0.0984
14.125566,8.258093,GCF_000750955___667,Negative,0.0,0.0008
7.0406275,6.0082264,GCF_000750955___668,Negative,0.0013,0.314
7.02848,2.647534,GCF_000750955___669,Negative,0.0001,0.9999
1.015307,8.586573,GCF_000750955___670,Negative,0.0008,0.5852
4.5838504,3.6969564,GCF_000750955___671,Inc-protein,0.921,0.0025
13.865961,6.3182526,GCF_000750955___672,Negative,0.0,0.0061
6.884762,2.961455,GCF_000750955___673,Negative,0.0005,0.9988
13.003481,5.9135785,GCF_000750955___674,Negative,0.0001,0.0015
12.401066,8.7954,GCF_000750955___675,Negative,0.0002,0.0086
12.531206,6.5646553,GCF_000750955___676,Negative,0.0,0.1803
7.989948,4.22527,GCF_000750955___677,Negative,0.0008,0.9757
1.126062,4.8111305,GCF_000750955___678,Negative,0.6269,0.0004
0.5224753,3.702117,GCF_000750955___679,Negative,0.1223,0.0009
0.14462326,3.7780142,GCF_000750955___680,Negative,0.0304,0.0002
1.0062462,4.3789015,GCF_000750955___681,Inc-protein,0.8209,0.0327
6.65353,2.624267,GCF_000750955___682,Negative,0.0,0.9996
7.9694295,4.9808207,GCF_000750955___683,Negative,0.0002,0.8855
7.7070312,3.320969,GCF_000750955___684,Negative,0.0,0.9999
1.2045662,7.981447,GCF_000750955___685,Negative,0.0024,0.6055
14.121958,6.6281457,GCF_000750955___686,Negative,0.0,0.0337
8.026346,5.422476,GCF_000750955___687,Negative,0.0,0.338
13.111312,6.2509537,GCF_000750955___688,Negative,0.0,0.0913
12.69673,7.6818476,GCF_000750955___689,Negative,0.0,0.0061
11.790666,5.765225,GCF_000750955___690,Negative,0.0003,0.6183
11.830797,8.029962,GCF_000750955___691,Negative,0.0,0.0202
13.651612,6.5224676,GCF_000750955___692,Negative,0.0,0.0546
13.213371,8.425005,GCF_000750955___693,Negative,0.0,0.0301
0.73089236,3.844912,GCF_000750955___694,Negative,0.0228,0.0039
12.443076,8.607956,GCF_000750955___695,Negative,0.0002,0.0137
13.3787155,6.3953724,GCF_000750955___696,Negative,0.0,0.0662
11.749226,6.4724636,GCF_000750955___697,Negative,0.0001,0.6933
13.997267,8.510437,GCF_000750955___698,Negative,0.0,0.0001
13.703549,8.416598,GCF_000750955___699,Negative,0.0,0.0077
-0.7980392,3.7273028,GCF_000750955___700,Negative,0.0021,0.0
-0.45287868,3.4658124,GCF_000750955___701,Negative,0.0029,0.0001
8.374729,2.3183775,GCF_000750955___702,Negative,0.0,0.9966
8.246628,2.1308205,GCF_000750955___703,Negative,0.0001,0.9974
8.222595,2.1150405,GCF_000750955___704,Negative,0.0002,0.9976
8.268745,2.2471247,GCF_000750955___705,Negative,0.0,0.9964
8.29011,2.119906,GCF_000750955___706,Negative,0.0,0.9981
7.5997305,2.5669558,GCF_000750955___707,Negative,0.0001,0.997
8.225049,2.0875325,GCF_000750955___708,Negative,0.0,0.9988
8.3576765,2.252805,GCF_000750955___709,Negative,0.0,0.9992
8.122165,2.0436802,GCF_000750955___710,Negative,0.0,0.9997
5.8721037,2.6229234,GCF_000750955___711,Negative,0.0001,0.9999
6.732668,2.8645155,GCF_000750955___712,Negative,0.0001,0.9988
6.729947,2.6176918,GCF_000750955___713,Negative,0.0001,0.9968
5.7277284,2.5386715,GCF_000750955___714,Negative,0.0,1.0
11.580343,6.271553,GCF_000750955___715,Negative,0.0,0.3073
13.675049,7.36509,GCF_000750955___716,Negative,0.0,0.0034
0.43026006,4.001154,GCF_000750955___717,Negative,0.0207,0.0016
1.0930188,7.7023897,GCF_000750955___718,Negative,0.0154,0.4785
8.381746,2.2791438,GCF_000750955___719,Negative,0.0,0.9988
1.5836788,8.072783,GCF_000750955___720,Negative,0.0002,0.0596
12.960986,8.785797,GCF_000750955___721,Negative,0.0,0.0072
7.49467,5.2999816,GCF_000750955___722,Negative,0.0003,0.4301
1.1135454,7.8898416,GCF_000750955___723,Negative,0.0004,0.1564
13.990206,8.39431,GCF_000750955___724,Negative,0.0,0.0041
7.21844,2.4727693,GCF_000750955___725,Negative,0.0001,0.9999
12.267839,5.31405,GCF_000750955___726,Negative,0.0026,0.2006
11.9679365,7.1961327,GCF_000750955___727,Negative,0.0001,0.3043
13.496784,6.9468937,GCF_000750955___728,Negative,0.0,0.0243
13.536699,7.1915455,GCF_000750955___729,Negative,0.0,0.0056
13.46738,9.484463,GCF_000750955___730,Negative,0.0,0.0036
12.656246,6.6382504,GCF_000750955___731,Negative,0.0001,0.2619
13.323855,6.6312966,GCF_000750955___732,Negative,0.0002,0.022
13.799727,8.117933,GCF_000750955___733,Negative,0.0,0.0224
7.9053564,3.2666774,GCF_000750955___734,Negative,0.0,0.9997
8.837378,5.0810575,GCF_000750955___735,Negative,0.0,0.6821
1.3328235,4.3300576,GCF_000750955___736,Negative,0.5874,0.0054
1.8025823,5.071834,GCF_000750955___737,Negative,0.0418,0.9415
12.574114,6.7166653,GCF_000750955___738,Negative,0.0001,0.0621
7.8318024,3.3507724,GCF_000750955___739,Negative,0.0066,0.9909
0.8445999,8.6827345,GCF_000750955___740,Negative,0.0004,0.2778
13.584761,6.182966,GCF_000750955___741,Negative,0.0,0.0097
12.4887295,8.208824,GCF_000750955___742,Negative,0.0001,0.019
13.434898,9.400158,GCF_000750955___743,Negative,0.0,0.002
14.245684,8.019877,GCF_000750955___744,Negative,0.0,0.0246
13.876993,8.993583,GCF_000750955___745,Negative,0.0,0.0001
0.9913311,4.4159646,GCF_000750955___746,Negative,0.7915,0.0306
4.734361,3.3040822,GCF_000750955___747,Inc-protein,0.9998,0.0002
7.227902,2.9675689,GCF_000750955___748,Negative,0.0001,0.993
-0.946701,3.8503945,GCF_000750955___749,Negative,0.0011,0.0
12.130952,6.027461,GCF_000750955___750,Negative,0.0001,0.4414
-0.5849145,3.3984294,GCF_000750955___751,Negative,0.0004,0.0002
12.085533,7.53228,GCF_000750955___752,Negative,0.0,0.0021
8.279123,1.9143581,GCF_000750955___753,Negative,0.0,0.999
14.538182,7.9961863,GCF_000750955___754,Negative,0.0,0.0004
14.067705,6.6404686,GCF_000750955___755,Negative,0.0,0.0574
9.765669,5.189239,GCF_000750955___756,Negative,0.0001,0.8564
13.230368,8.716647,GCF_000750955___757,Negative,0.0,0.003
0.64236975,8.178526,GCF_000750955___758,Negative,0.0018,0.9229
-0.6527793,3.5686445,GCF_000750955___759,Negative,0.001,0.0
13.153737,6.212226,GCF_000750955___760,Negative,0.0007,0.1486
8.480383,2.8636022,GCF_000750955___761,Negative,0.0003,0.9972
11.301908,7.479348,GCF_000750955___762,Negative,0.0,0.1471
5.391272,2.9104702,GCF_000750955___763,Negative,0.0182,0.9114
5.541254,2.7576194,GCF_000750955___764,Negative,0.0001,0.996
0.34081563,4.230428,GCF_000750955___765,Negative,0.0497,0.0003
13.610885,9.320292,GCF_000750955___766,Negative,0.0,0.0016
12.291271,6.1590776,GCF_000750955___767,Negative,0.0001,0.323
12.472697,6.980838,GCF_000750955___768,Negative,0.0,0.2514
7.5162134,5.263224,GCF_000750955___769,Negative,0.0001,0.6225
7.6559286,4.9509845,GCF_000750955___770,Negative,0.0012,0.791
12.440222,5.992113,GCF_000750955___771,Negative,0.0003,0.2744
13.010465,6.5241523,GCF_000750955___772,Negative,0.0002,0.0256
-0.112107106,3.4871929,GCF_000750955___773,Negative,0.0134,0.0001
-0.122907475,3.6240485,GCF_000750955___774,Negative,0.0082,0.0001
1.1833848,8.319178,GCF_000750955___775,Negative,0.0009,0.4935
1.0055722,6.9432654,GCF_000750955___776,Negative,0.0005,0.2275
0.0011528762,8.220669,GCF_000750955___777,Negative,0.0004,0.9423
0.24527988,8.504684,GCF_000750955___778,Negative,0.0009,0.9246
12.704093,7.36243,GCF_000750955___779,Negative,0.0,0.0073
12.768351,6.8415213,GCF_000750955___780,Negative,0.0,0.0945
14.003828,7.1503534,GCF_000750955___781,Negative,0.0,0.0067
13.445571,7.7255826,GCF_000750955___782,Negative,0.0,0.1084
13.706895,7.702176,GCF_000750955___783,Negative,0.0,0.0241
13.868307,7.278209,GCF_000750955___784,Negative,0.0,0.0677
11.362729,7.254798,GCF_000750955___785,Negative,0.0,0.1981
8.553574,4.330791,GCF_000750955___786,Negative,0.0003,0.9943
0.60587627,4.38659,GCF_000750955___787,Negative,0.2293,0.0005
1.1978117,6.8045163,GCF_000750955___788,Negative,0.0081,0.5998
7.019471,5.9344068,GCF_000750955___789,Inc-protein,0.8548,0.0088
-0.99844515,4.011311,GCF_000750955___790,Negative,0.0007,0.0
-0.027245022,3.665481,GCF_000750955___791,Negative,0.042,0.0004
7.2835255,2.463492,GCF_000750955___792,Negative,0.0,1.0
7.633029,3.2197335,GCF_000750955___793,Negative,0.0001,0.9994
8.010246,4.5199122,GCF_000750955___794,Negative,0.0002,0.9573
7.887522,3.9435139,GCF_000750955___795,Negative,0.0007,0.9978
8.395025,3.2212021,GCF_000750955___796,Negative,0.0001,0.9994
0.83973,9.372929,GCF_000750955___797,Negative,0.0001,0.7098
7.0313396,6.059958,GCF_000750955___798,Negative,0.0003,0.0049
4.9443283,3.375091,GCF_000750955___799,Inc-protein,0.9207,0.0738
-0.49508795,3.4032643,GCF_000750955___800,Negative,0.0026,0.0002
11.809264,6.094926,GCF_000750955___801,Negative,0.0004,0.2907
10.905425,5.3592405,GCF_000750955___802,Negative,0.0033,0.7794
1.3041883,7.7232423,GCF_000750955___803,Negative,0.0089,0.0966
0.65344936,9.186106,GCF_000750955___804,Negative,0.0007,0.8418
0.12271337,3.7954955,GCF_000750955___805,Negative,0.0283,0.0
0.92307484,3.6584363,GCF_000750955___806,Inc-protein,0.9183,0.0001
14.535295,8.000467,GCF_000750955___807,Negative,0.0,0.0041
13.69116,9.316715,GCF_000750955___808,Negative,0.0,0.0012
13.592577,7.766381,GCF_000750955___809,Negative,0.0,0.0016
7.5134134,5.924037,GCF_000750955___810,Negative,0.0002,0.0122
7.7455506,5.822643,GCF_000750955___811,Negative,0.0001,0.0101
8.969751,4.6251445,GCF_000750955___812,Negative,0.0002,0.9558
0.17718832,8.281762,GCF_000750955___813,Negative,0.0009,0.6157
12.731862,6.587368,GCF_000750955___814,Negative,0.0001,0.1008
-0.16113383,8.374954,GCF_000750955___815,Negative,0.008,0.9795
4.6981525,3.528311,GCF_000750955___816,Negative,0.7683,0.0374
4.7052007,3.6750298,GCF_000750955___817,Negative,0.4809,0.4468
1.9659922,4.8168073,GCF_000750955___818,Inc-protein,0.8236,0.0015
0.7189034,8.287547,GCF_000750955___819,Negative,0.0055,0.5696
12.318038,5.7185073,GCF_000750955___820,Negative,0.0007,0.173
11.972432,6.225595,GCF_000750955___821,Negative,0.0001,0.2027
-0.14967541,8.017087,GCF_000750955___822,Negative,0.0013,0.9662
0.7812325,5.6148596,GCF_000750955___823,Negative,0.0181,0.005
0.8586735,3.660324,GCF_000750955___824,Negative,0.3282,0.0003
0.81985605,3.5998893,GCF_000750955___825,Negative,0.4122,0.0004
14.100624,8.374605,GCF_000750955___826,Negative,0.0,0.0078
12.458149,7.263704,GCF_000750955___827,Negative,0.0,0.0205
0.8926281,4.591423,GCF_000750955___828,Negative,0.1346,0.0024
1.4723024,4.342406,GCF_000750955___829,Negative,0.6693,0.0006
13.574514,7.1368833,GCF_000750955___830,Negative,0.0,0.0113
1.2938662,8.8470545,GCF_000750955___831,Negative,0.0001,0.0201
13.924283,8.598859,GCF_000750955___832,Negative,0.0,0.0023
0.45470676,4.8410583,GCF_000750955___833,Negative,0.1097,0.0007
13.851873,9.070214,GCF_000750955___834,Negative,0.0,0.0005
12.422636,5.662359,GCF_000750955___835,Negative,0.0001,0.7288
13.866571,7.967209,GCF_000750955___836,Negative,0.0,0.0423
14.380847,7.266275,GCF_000750955___837,Negative,0.0,0.1412
8.3700905,5.4660473,GCF_000750955___838,Negative,0.0,0.0852
12.908752,7.266523,GCF_000750955___839,Negative,0.0,0.0084
12.132642,6.170741,GCF_000750955___840,Negative,0.0001,0.2229
1.0746905,9.019055,GCF_000750955___841,Negative,0.0002,0.2693
14.372218,7.5371795,GCF_000750955___842,Negative,0.0,0.0342
0.5022243,6.815496,GCF_000750955___843,Negative,0.0007,0.2279
0.5607493,4.0616527,GCF_000750955___844,Negative,0.008,0.0896
12.960908,9.415102,GCF_000750955___845,Negative,0.0,0.0006
-0.0039942265,8.53361,GCF_000750955___846,Negative,0.0008,0.9708
8.573504,3.8975296,GCF_000750955___847,Negative,0.0001,0.9993
12.785858,6.659064,GCF_000750955___848,Negative,0.0001,0.0209
13.478976,6.6488175,GCF_000750955___849,Negative,0.0,0.0947
11.662289,5.2723775,GCF_000750955___850,Negative,0.0003,0.5166
1.1157901,7.5790434,GCF_000750955___851,Negative,0.0004,0.0003
8.192615,5.0923233,GCF_000750955___852,Negative,0.0066,0.3128
1.06347,9.086019,GCF_000750955___853,Negative,0.0001,0.1937
0.048067115,7.7547026,GCF_000750955___854,Negative,0.0,0.0051
8.707132,4.518796,GCF_000750955___855,Negative,0.0003,0.3736
10.353954,4.649062,GCF_000750955___856,Negative,0.0003,0.8349
12.509357,5.47313,GCF_000750955___857,Negative,0.0003,0.0944
12.672908,6.228966,GCF_000750955___858,Negative,0.0001,0.1267
7.83776,2.3945444,GCF_000750955___859,Negative,0.0,0.9999
7.8027883,2.246913,GCF_000750955___860,Negative,0.0002,0.9996
1.3691812,5.105003,GCF_000750955___861,Negative,0.0628,0.0086
2.1339378,4.864722,GCF_000750955___862,Negative,0.0428,0.0161
1.6334009,4.643348,GCF_000750955___863,Negative,0.7101,0.0142
7.756369,2.350469,GCF_000750955___864,Negative,0.0001,0.9995
7.3240767,5.7374663,GCF_000750955___865,Negative,0.0002,0.8244
8.25123,2.8939345,GCF_000750955___866,Negative,0.0003,0.9979
14.284002,8.5414295,GCF_000750955___867,Negative,0.0,0.0158
0.62382686,4.090117,GCF_000750955___868,Negative,0.1331,0.0008
12.565289,5.847474,GCF_000750955___869,Negative,0.0,0.1331
14.00043,8.209832,GCF_000750955___870,Negative,0.0,0.0249
0.5041649,6.7786922,GCF_000750955___871,Negative,0.0017,0.5318
12.27915,6.7696114,GCF_000750955___872,Negative,0.0,0.0229
14.062935,7.2833014,GCF_000750955___873,Negative,0.0,0.0086
7.6108484,4.6379786,GCF_000750955___874,Negative,0.0008,0.9883
13.879334,9.310577,GCF_000750955___875,Negative,0.0,0.0011
14.499981,8.337068,GCF_000750955___876,Negative,0.0,0.0068
13.175834,7.8416195,GCF_000750955___877,Negative,0.0,0.0005
13.237676,7.428652,GCF_000750955___878,Negative,0.0,0.0551
8.6132765,4.4659367,GCF_000750955___879,Negative,0.0001,0.7623
8.274717,2.0905447,GCF_000750955___880,Negative,0.0001,0.9869
8.376625,1.873531,GCF_000750955___881,Negative,0.0006,0.9891
8.272709,1.9358339,GCF_000750955___882,Negative,0.0001,0.9971
13.145629,7.4761868,GCF_000750955___883,Negative,0.0001,0.113
12.070007,7.386774,GCF_000750955___884,Negative,0.0,0.0112
13.301122,9.186422,GCF_000750955___885,Negative,0.0,0.0009
3.7051127,4.137345,GCF_000750955___886,Negative,0.263,0.0087
6.67795,2.4080448,GCF_000750955___887,Negative,0.0,1.0
-0.08959268,8.345233,GCF_000750955___888,Negative,0.0008,0.9987
13.480739,6.882349,GCF_000750955___889,Negative,0.0001,0.0391
11.4029875,7.396175,GCF_000750955___890,Negative,0.0,0.0759
12.004775,6.941149,GCF_000750955___891,Negative,0.0,0.0453
7.2841835,5.5838666,GCF_000750955___892,Negative,0.0007,0.0695
7.5785365,4.947605,GCF_000750955___893,Negative,0.0,0.977
13.306737,9.475114,GCF_000750955___894,Negative,0.0,0.0007
12.766967,8.956666,GCF_000750955___895,Negative,0.0,0.0366
12.256563,8.7931795,GCF_000750955___896,Negative,0.0,0.0066
8.193412,5.6026077,GCF_000750955___897,Negative,0.0,0.2141
12.504782,8.935353,GCF_000750955___898,Negative,0.0,0.0072
12.136332,8.551124,GCF_000750955___899,Negative,0.0,0.001
12.634623,9.120078,GCF_000750955___900,Negative,0.0,0.0032
11.888939,8.461569,GCF_000750955___901,Negative,0.0,0.0273
13.343337,7.6190867,GCF_000750955___902,Negative,0.0,0.0044
12.7635765,8.118057,GCF_000750955___903,Negative,0.0,0.0073
7.5130663,5.4155784,GCF_000750955___904,Negative,0.0005,0.4471
0.7558264,9.950985,GCF_000750955___905,Negative,0.0,0.1494
1.138722,8.769705,GCF_000750955___906,Negative,0.0001,0.05
9.1062565,4.560956,GCF_000750955___907,Negative,0.0001,0.9463
8.655193,6.6961846,GCF_000750955___908,Negative,0.0,0.0001
1.4077756,4.9910207,GCF_000750955___909,Negative,0.0565,0.0001
11.875143,5.7002144,GCF_000750955___910,Negative,0.0002,0.3871
1.0949637,9.134212,GCF_000750955___911,Negative,0.0,0.0157
1.1118135,9.1816435,GCF_000750955___912,Negative,0.0,0.0237
13.315063,7.142157,GCF_000750955___913,Negative,0.0,0.2312
0.6361008,4.7010307,GCF_000750955___914,Negative,0.1097,0.0001
1.7047572,4.64163,GCF_000750955___915,Inc-protein,0.9637,0.0008
1.0052881,7.024302,GCF_000750955___916,Negative,0.0058,0.1595
-0.15053122,7.868676,GCF_000750955___917,Negative,0.0003,0.796
0.73944676,10.087167,GCF_000750955___918,Negative,0.0005,0.0699
0.7681858,9.959958,GCF_000750955___919,Negative,0.0,0.8961
-0.10910724,8.416352,GCF_000750955___920,Negative,0.0005,0.9989
13.09053,6.7408366,GCF_000750955___921,Negative,0.0001,0.0284
12.591876,6.563738,GCF_000750955___922,Negative,0.0,0.0646
13.283719,6.6423326,GCF_000750955___923,Negative,0.0002,0.0577
7.952912,3.9196029,GCF_000750955___924,Negative,0.0023,0.9925
1.0647563,9.05743,GCF_000750955___925,Negative,0.0001,0.0877
12.000317,6.8368106,GCF_000750955___926,Negative,0.0001,0.2991
7.1280804,2.9622097,GCF_000750955___927,Negative,0.0001,0.9998
-0.73879766,3.5394094,GCF_000750955___928,Negative,0.0006,0.0
4.271889,3.680386,GCF_000750955___929,Inc-protein,0.829,0.1686
14.460554,8.452173,GCF_000750955___930,Negative,0.0001,0.0078
7.3603168,2.4319022,GCF_000750955___931,Negative,0.0001,0.9999
-0.47098666,3.4927442,GCF_000750955___932,Negative,0.0007,0.0
1.0756506,6.5293503,GCF_000750955___933,Negative,0.0051,0.0332
6.5927405,2.8693314,GCF_000750955___934,Negative,0.1794,0.8204
11.7871895,7.50543,GCF_000750955___935,Negative,0.0,0.4941
0.4185453,4.7675905,GCF_000750955___936,Negative,0.0392,0.0009
2.0652559,4.558715,GCF_000750955___937,Inc-protein,0.9928,0.0066
13.882355,7.266544,GCF_000750955___938,Negative,0.0001,0.0126
-0.20111778,8.22855,GCF_000750955___939,Negative,0.0053,0.9883
0.9052276,4.6658077,GCF_000750955___940,Negative,0.0684,0.0024
13.873181,6.3113484,GCF_000750955___941,Negative,0.0,0.117
7.57849,3.7491632,GCF_000750955___942,Negative,0.0017,0.9982
5.826292,2.5580828,GCF_000750955___943,Negative,0.0036,0.9963
5.4712515,2.8797767,GCF_000750955___944,Negative,0.0001,0.9992
0.11435572,4.229372,GCF_000750955___945,Negative,0.0204,0.0006
-0.80096376,9.652671,GCF_000750955___946,Negative,0.003,0.053
13.132198,6.951721,GCF_000750955___947,Negative,0.0,0.0864
1.398262,7.881746,GCF_000750955___948,Negative,0.0029,0.1094
-0.6072571,4.1343164,GCF_000750955___949,Negative,0.0022,0.0
12.938856,8.459233,GCF_000750955___950,Negative,0.0,0.004
7.300848,5.6250706,GCF_000750955___951,Negative,0.0012,0.4239
1.9037321,4.5341315,GCF_000750955___952,Inc-protein,0.9668,0.001
12.082287,6.914311,GCF_000750955___953,Negative,0.0,0.0417
14.143556,8.394834,GCF_000750955___954,Negative,0.0,0.0097
13.969162,8.250994,GCF_000750955___955,Negative,0.0,0.0209
14.113638,7.7625566,GCF_000750955___956,Negative,0.0002,0.0113
11.867296,5.5106936,GCF_000750955___957,Negative,0.0002,0.0344
4.836992,3.2621877,GCF_000750955___958,Inc-protein,0.9963,0.0036
11.475054,5.581392,GCF_000750955___959,Negative,0.0001,0.1341
4.8664126,3.3364666,GCF_000750955___960,Inc-protein,0.994,0.0046
13.978844,7.692462,GCF_000750955___961,Negative,0.0,0.0983
7.589519,4.829643,GCF_000750955___962,Negative,0.0,0.9835
8.526385,4.4700594,GCF_000750955___963,Negative,0.0006,0.9615
-0.96325916,3.818587,GCF_000750955___964,Negative,0.0018,0.0
12.59752,9.065266,GCF_000750955___965,Negative,0.0,0.0018
0.44462514,4.764295,GCF_000750955___966,Negative,0.0369,0.0002
0.045690816,4.0978813,GCF_000750955___967,Negative,0.0356,0.0002
14.512232,8.220721,GCF_000750955___968,Negative,0.0001,0.0232
-0.48448545,3.857034,GCF_000750955___969,Negative,0.0066,0.0002
0.22497259,4.654703,GCF_000750955___970,Negative,0.009,0.0002
-0.8804949,4.222331,GCF_000750955___971,Negative,0.0017,0.0003
0.42951196,3.8936105,GCF_000750955___972,Negative,0.0626,0.0004
13.32385,8.824941,GCF_000750955___973,Negative,0.0,0.0015
7.746181,5.712583,GCF_000750955___974,Negative,0.0001,0.3473
13.787612,6.07517,GCF_000750955___975,Negative,0.0,0.0374
13.878856,7.518328,GCF_000750955___976,Negative,0.0,0.0317
8.628094,3.8787537,GCF_000750955___977,Negative,0.0002,0.9963
11.690292,4.891758,GCF_000750955___978,Negative,0.0,0.6307
12.863593,6.8962464,GCF_000750955___979,Negative,0.0,0.035
3.571573,4.0517845,GCF_000750955___980,Inc-protein,0.9997,0.0003
13.633323,6.701102,GCF_000750955___981,Negative,0.0,0.0213
12.017279,5.481334,GCF_000750955___982,Negative,0.0001,0.7473
11.778481,5.4738736,GCF_000750955___983,Negative,0.0,0.7456
11.704628,5.877259,GCF_000750955___984,Negative,0.0001,0.439
8.635108,4.8028502,GCF_000750955___985,Negative,0.0006,0.0703
13.00676,5.534279,GCF_000750955___986,Negative,0.0003,0.3825
13.217951,6.7848763,GCF_000750955___987,Negative,0.0004,0.2804
11.811484,5.07164,GCF_000750955___988,Negative,0.0001,0.982
13.288037,7.482359,GCF_000750955___989,Negative,0.0001,0.0254
12.115422,7.2536106,GCF_000750955___990,Negative,0.0,0.1292
-0.21845302,4.39286,GCF_000750955___991,Negative,0.002,0.0023
13.239437,6.470382,GCF_000750955___992,Negative,0.0003,0.0837
14.447001,7.9555016,GCF_000750955___993,Negative,0.0,0.016
3.9985101,4.0079784,GCF_000750955___994,Negative,0.413,0.5828
6.3533363,2.6802833,GCF_000750955___995,Negative,0.1259,0.8739
7.70573,4.8192234,GCF_000750955___996,Negative,0.0,0.9978
13.32209,5.71293,GCF_000750955___997,Negative,0.0002,0.3921
12.9139805,9.345663,GCF_000750955___998,Negative,0.0,0.0018
13.460241,5.805117,GCF_000750955___999,Negative,0.0001,0.0631
12.261336,6.995095,GCF_000750955___1000,Negative,0.0,0.0033
13.573284,8.576421,GCF_000750955___1001,Negative,0.0,0.0002
11.711301,6.1171913,GCF_000750955___1002,Negative,0.0,0.162
13.468972,7.9533253,GCF_000750955___1003,Negative,0.0,0.0204
12.5076885,6.5636654,GCF_000750955___1004,Negative,0.0,0.0207
14.507192,8.119655,GCF_000750955___1005,Negative,0.0,0.0016
0.036700968,3.6776314,GCF_000750955___1006,Negative,0.0835,0.0002
12.515027,6.256238,GCF_000750955___1007,Negative,0.0004,0.3811
-0.07246448,8.047254,GCF_000750955___1008,Negative,0.0007,0.859
11.849543,6.703124,GCF_000750955___1009,Negative,0.0002,0.1776
7.8800697,3.9625916,GCF_000750955___1010,Negative,0.0,0.9998
0.8666583,8.44048,GCF_000750955___1011,Negative,0.0011,0.9015
12.99991,7.7196918,GCF_000750955___1012,Negative,0.0,0.0606
13.238676,5.5304985,GCF_000750955___1013,Negative,0.0001,0.0882
12.990121,8.567634,GCF_000750955___1014,Negative,0.0,0.0004
13.508827,8.598835,GCF_000750955___1015,Negative,0.0,0.0013
0.84381413,3.9681866,GCF_000750955___1016,Negative,0.275,0.0042
3.9900575,3.6074123,GCF_000750955___1017,Negative,0.6883,0.3091
4.007952,3.5919938,GCF_000750955___1018,Inc-protein,0.9862,0.0128
4.0288,3.5812309,GCF_000750955___1019,Inc-protein,0.9932,0.0062
4.0044403,3.6034868,GCF_000750955___1020,Inc-protein,0.9823,0.0132
6.991354,6.0872345,GCF_000750955___1021,Negative,0.0089,0.0033
7.206394,3.0278382,GCF_000750955___1022,Negative,0.0004,0.9994
7.3562503,5.5486336,GCF_000750955___1023,Negative,0.0581,0.4325
0.6413652,8.623952,GCF_000750955___1024,Negative,0.0028,0.9345
8.953922,4.4817023,GCF_000750955___1025,Negative,0.002,0.308
0.9127507,3.6885462,GCF_000750955___1026,Negative,0.5998,0.0
13.57967,8.76777,GCF_000750955___1027,Negative,0.0,0.0019
0.6742287,8.82016,GCF_000750955___1028,Negative,0.0019,0.8687
6.396816,2.4829643,GCF_000750955___1029,Negative,0.0,1.0
8.484613,5.2720265,GCF_000750955___1030,Negative,0.0007,0.6117
0.55760825,8.725559,GCF_000750955___1031,Negative,0.0001,0.9687
13.5050335,9.064547,GCF_000750955___1032,Negative,0.0,0.0013
7.7392025,3.7261646,GCF_000750955___1033,Negative,0.0088,0.9911
8.238611,5.131044,GCF_000750955___1034,Negative,0.0006,0.3132
10.622153,4.8156223,GCF_000750955___1035,Negative,0.0,0.9946
8.322429,4.0200086,GCF_000750955___1036,Negative,0.0,0.9997
14.395105,7.9534526,GCF_000750955___1037,Negative,0.0001,0.237
3.9701657,4.0132236,GCF_000750955___1038,Negative,0.4337,0.5068
13.299598,6.0086756,GCF_000750955___1039,Negative,0.0,0.124
8.535697,3.9822102,GCF_000750955___1040,Negative,0.0001,0.9977
7.599707,4.595633,GCF_000750955___1041,Negative,0.0004,0.9974
-0.38099712,4.006219,GCF_000750955___1042,Negative,0.0098,0.0
0.11965208,4.716368,GCF_000750955___1043,Negative,0.0417,0.0003
1.1164824,7.7545037,GCF_000750955___1044,Negative,0.0011,0.8441
7.3592954,2.8039956,GCF_000750955___1045,Negative,0.0002,0.9998
8.4262085,4.4449677,GCF_000750955___1046,Negative,0.0001,0.954
8.613892,4.526748,GCF_000750955___1047,Negative,0.0032,0.2764
8.302379,1.8638189,GCF_000750955___1048,Negative,0.0,0.9996
8.235688,1.9639918,GCF_000750955___1049,Negative,0.0001,0.9965
8.203641,1.9637027,GCF_000750955___1050,Negative,0.0,0.9995
8.265408,1.9168655,GCF_000750955___1051,Negative,0.0003,0.9967
13.603755,9.355783,GCF_000750955___1052,Negative,0.0,0.0004
0.0018479761,4.0524287,GCF_000750955___1053,Negative,0.016,0.0001
11.482812,5.937228,GCF_000750955___1054,Negative,0.0,0.1118
12.550482,9.107983,GCF_000750955___1055,Negative,0.0,0.0017
13.357127,7.7014837,GCF_000750955___1056,Negative,0.0,0.0297
13.892238,9.416692,GCF_000750955___1057,Negative,0.0,0.0011
13.874893,7.904624,GCF_000750955___1058,Negative,0.0,0.0144
6.9781337,6.104969,GCF_000750955___1059,Negative,0.0006,0.0092
1.246567,8.379914,GCF_000750955___1060,Negative,0.0026,0.165
0.8342952,7.9730983,GCF_000750955___1061,Negative,0.0005,0.2058
12.0627775,8.381938,GCF_000750955___1062,Negative,0.0001,0.064
4.9827194,3.1916006,GCF_000750955___1063,Inc-protein,0.9981,0.0018
8.379618,3.2807717,GCF_000750955___1064,Negative,0.0001,0.9996
13.328851,7.2486963,GCF_000750955___1065,Negative,0.0001,0.032
13.822528,8.952419,GCF_000750955___1066,Negative,0.0,0.0004
13.965973,8.026011,GCF_000750955___1067,Negative,0.0001,0.017
-0.10433414,3.5756369,GCF_000750955___1068,Negative,0.0059,0.0
6.895679,2.3195815,GCF_000750955___1069,Negative,0.0009,0.9991
14.622421,8.743192,GCF_000750955___1070,Negative,0.0,0.0086
8.758267,4.1967134,GCF_000750955___1071,Negative,0.0652,0.2344
0.7717997,3.5907996,GCF_000750955___1072,Negative,0.1561,0.0
0.9847862,3.872619,GCF_000750955___1073,Negative,0.7887,0.0001
-0.71193904,4.3845363,GCF_000750955___1074,Negative,0.0114,0.0039
14.331427,9.366485,GCF_000750955___1075,Negative,0.0,0.0191
13.387277,8.4174795,GCF_000750955___1076,Negative,0.0001,0.0025
13.085142,5.8116198,GCF_000750955___1077,Negative,0.0001,0.0797
1.3125199,4.393632,GCF_000750955___1078,Inc-protein,0.8992,0.005
0.8236815,3.7792308,GCF_000750955___1079,Negative,0.3998,0.0005
14.285244,7.6962047,GCF_000750955___1080,Negative,0.0,0.0056
7.9528437,4.338652,GCF_000750955___1081,Negative,0.0,0.9733
11.55609,7.595328,GCF_000750955___1082,Negative,0.0026,0.1522
0.7311253,4.133317,GCF_000750955___1083,Negative,0.4951,0.0002
13.854224,6.566202,GCF_000750955___1084,Negative,0.0,0.1569
13.559708,6.0063715,GCF_000750955___1085,Negative,0.0001,0.0228
14.373137,7.536978,GCF_000750955___1086,Negative,0.0,0.0059
12.209638,5.086487,GCF_000750955___1087,Negative,0.001,0.1727
14.108738,9.040629,GCF_000750955___1088,Negative,0.0,0.0022
8.554531,5.3325305,GCF_000750955___1089,Negative,0.0006,0.0479
12.678168,5.8380694,GCF_000750955___1090,Negative,0.0001,0.0517
13.67351,5.834497,GCF_000750955___1091,Negative,0.0,0.0367
6.3938236,2.9652052,GCF_000750955___1092,Negative,0.0005,0.9979
6.984247,6.110429,GCF_000750955___1093,Negative,0.0,0.0013
4.7643914,3.2758408,GCF_000750955___1094,Inc-protein,0.9946,0.0054
12.877803,5.409192,GCF_000750955___1095,Negative,0.0009,0.7548
1.3170955,6.4567175,GCF_000750955___1096,Negative,0.0011,0.1527
0.21026376,3.7788458,GCF_000750955___1097,Negative,0.0421,0.0001
14.508792,8.915105,GCF_000750955___1098,Negative,0.0,0.0019
-0.9443696,3.8126976,GCF_000750955___1099,Negative,0.0016,0.0
-0.7230613,3.5519164,GCF_000750955___1100,Negative,0.0012,0.0
6.0371265,2.694445,GCF_000750955___1101,Negative,0.0081,0.9918
-0.6258065,3.5722156,GCF_000750955___1102,Negative,0.0023,0.0
-0.5982239,3.433501,GCF_000750955___1103,Negative,0.0012,0.0
-0.8565003,3.7130084,GCF_000750955___1104,Negative,0.001,0.0
12.75784,6.9505897,GCF_000750955___1105,Negative,0.0032,0.4896
0.32015026,8.270938,GCF_000750955___1106,Negative,0.0007,0.4187
11.695122,7.4424787,GCF_000750955___1107,Negative,0.0,0.2967
14.109223,8.98223,GCF_000750955___1108,Negative,0.0,0.0017
13.991074,9.224966,GCF_000750955___1109,Negative,0.0,0.0009
4.956727,3.3049452,GCF_000750955___1110,Inc-protein,0.9887,0.0106
0.7699436,8.52315,GCF_000750955___1111,Negative,0.0001,0.1447
10.122103,4.9132223,GCF_000750955___1112,Negative,0.0,0.9935
14.039497,7.0020924,GCF_000750955___1113,Negative,0.0,0.1197
9.140482,4.8525877,GCF_000750955___1114,Negative,0.0,0.0982
-0.36564085,3.4759092,GCF_000750955___1115,Negative,0.0027,0.0
-0.17900117,4.3406487,GCF_000750955___1116,Negative,0.0666,0.0014
12.282592,5.6952424,GCF_000750955___1117,Negative,0.0181,0.2067
11.9701,8.039724,GCF_000750955___1118,Negative,0.0,0.0334
11.9831705,7.94998,GCF_000750955___1119,Negative,0.0,0.0612
7.6066957,4.772582,GCF_000750955___1120,Negative,0.0,0.998
11.647475,5.121891,GCF_000750955___1121,Negative,0.0002,0.7192
0.23256628,8.33305,GCF_000750955___1122,Negative,0.001,0.859
0.22915904,8.383543,GCF_000750955___1123,Negative,0.0133,0.0514
8.327772,5.530836,GCF_000750955___1124,Negative,0.0,0.0017
7.31715,2.910719,GCF_000750955___1125,Negative,0.0002,0.9995
0.06487352,8.159988,GCF_000750955___1126,Negative,0.0004,0.6436
0.55320287,8.126371,GCF_000750955___1127,Negative,0.0009,0.9776
11.630224,6.0208616,GCF_000750955___1128,Negative,0.0,0.3167
13.989162,8.949083,GCF_000750955___1129,Negative,0.0,0.0153
5.4855237,3.369371,GCF_000750955___1130,Negative,0.0039,0.1488
13.422433,9.455358,GCF_000750955___1131,Negative,0.0,0.0012
12.864734,9.177097,GCF_000750955___1132,Negative,0.0,0.0021
11.822263,6.2637424,GCF_000750955___1133,Negative,0.0001,0.0076
11.816313,6.2269177,GCF_000750955___1134,Negative,0.0001,0.1249
13.3541565,8.735333,GCF_000750955___1135,Negative,0.0,0.0001
13.186701,8.293049,GCF_000750955___1136,Negative,0.0,0.0001
11.949524,7.2324,GCF_000750955___1137,Negative,0.0,0.01
0.65721786,3.7285044,GCF_000750955___1138,Negative,0.0489,0.0004
13.185095,9.308069,GCF_000750955___1139,Negative,0.0,0.0009
12.741679,8.784251,GCF_000750955___1140,Negative,0.0,0.0027
12.000017,7.8824162,GCF_000750955___1141,Negative,0.0,0.0729
6.0625267,2.7581332,GCF_000750955___1142,Negative,0.0106,0.9889
13.189813,8.530239,GCF_000750955___1143,Negative,0.0,0.0169
7.7590923,4.689085,GCF_000750955___1144,Negative,0.0001,0.8827
-0.6133785,4.462913,GCF_000750955___1145,Negative,0.0013,0.0001
13.137272,7.1690736,GCF_000750955___1146,Negative,0.0,0.108
13.673003,9.381795,GCF_000750955___1147,Negative,0.0,0.0148
12.905381,8.382761,GCF_000750955___1148,Negative,0.0,0.007
5.836496,2.5554297,GCF_000750955___1149,Negative,0.0,1.0
13.733947,6.75921,GCF_000750955___1150,Negative,0.0,0.0562
0.70249003,7.926851,GCF_000750955___1151,Negative,0.0012,0.9825
13.577291,6.6103654,GCF_000750955___1152,Negative,0.0001,0.0419
12.424699,7.3681235,GCF_000750955___1153,Negative,0.0,0.0071
12.652549,6.5913506,GCF_000750955___1154,Negative,0.0,0.1152
8.648084,5.2242093,GCF_000750955___1155,Negative,0.0015,0.481
7.570585,3.715796,GCF_000750955___1156,Negative,0.0025,0.9956
7.5912213,4.9549847,GCF_000750955___1157,Negative,0.0006,0.904
7.426206,2.832673,GCF_000750955___1158,Negative,0.0004,0.9992
0.47644207,6.733762,GCF_000750955___1159,Negative,0.0123,0.5723
-0.55992824,9.422288,GCF_000750955___1160,Negative,0.0005,0.0153
5.6376452,2.695274,GCF_000750955___1161,Negative,0.0001,0.9992
8.619525,4.993115,GCF_000750955___1162,Negative,0.0002,0.0548
-0.8052799,3.9834292,GCF_000750955___1163,Negative,0.0033,0.0
-0.9107613,3.8624053,GCF_000750955___1164,Negative,0.0011,0.0
-0.21045691,3.5258832,GCF_000750955___1165,Negative,0.0224,0.0003
-0.29352295,3.9769423,GCF_000750955___1166,Negative,0.0062,0.0
-0.64771134,3.7760766,GCF_000750955___1167,Negative,0.0064,0.0
-0.878039,3.7540765,GCF_000750955___1168,Negative,0.0003,0.0
12.795851,9.255801,GCF_000750955___1169,Negative,0.0,0.0032
12.68426,5.59032,GCF_000750955___1170,Negative,0.0003,0.3158
8.464531,3.1330833,GCF_000750955___1171,Negative,0.0011,0.9904
13.376685,8.350813,GCF_000750955___1172,Negative,0.0,0.0153
6.316237,2.842348,GCF_000750955___1173,Negative,0.001,0.999
12.258054,5.129717,GCF_000750955___1174,Negative,0.0004,0.9139
0.7232567,3.684109,GCF_000750955___1175,Negative,0.4807,0.0003
-0.8150009,3.6498158,GCF_000750955___1176,Negative,0.0032,0.0
6.665323,3.0269327,GCF_000750955___1177,Negative,0.0024,0.9935
9.88425,4.700967,GCF_000750955___1178,Negative,0.0014,0.3058
7.1469326,2.5065396,GCF_000750955___1179,Negative,0.0001,0.9999
7.93382,5.267183,GCF_000750955___1180,Negative,0.0,0.8739
8.47679,5.264593,GCF_000750955___1181,Negative,0.0008,0.2921
0.67882174,8.02431,GCF_000750955___1182,Negative,0.0007,0.993
-0.70360875,3.4695928,GCF_000750955___1183,Negative,0.0001,0.0
13.439073,7.6697288,GCF_000750955___1184,Negative,0.0,0.0284
13.9936695,8.114391,GCF_000750955___1185,Negative,0.0,0.0139
8.29703,4.5602765,GCF_000750955___1186,Negative,0.0012,0.879
5.6774874,2.6507947,GCF_000750955___1187,Negative,0.0,0.9999
8.029776,3.6974525,GCF_000750955___1188,Negative,0.0001,0.9998
1.775971,4.717337,GCF_000750955___1189,Inc-protein,0.9696,0.0061
13.160022,7.9386897,GCF_000750955___1190,Negative,0.0,0.0566
7.619686,4.9199524,GCF_000750955___1191,Negative,0.0003,0.9216
-0.34511086,3.7874656,GCF_000750955___1192,Negative,0.0044,0.0
12.234098,6.0048833,GCF_000750955___1193,Negative,0.0002,0.5575
7.924255,5.6390886,GCF_000750955___1194,Negative,0.0001,0.3228
13.767862,9.570809,GCF_000750955___1195,Negative,0.0,0.0001
5.4544415,3.3797402,GCF_000750955___1196,Negative,0.0085,0.8978
0.14657745,8.346691,GCF_000750955___1197,Negative,0.0003,0.8705
13.622274,9.304453,GCF_000750955___1198,Negative,0.0,0.0008
12.897074,7.5827227,GCF_000750955___1199,Negative,0.0,0.0419
11.593067,6.0066404,GCF_000750955___1200,Negative,0.0001,0.1427
13.261922,8.107222,GCF_000750955___1201,Negative,0.0,0.005
11.658366,7.169071,GCF_000750955___1202,Negative,0.0,0.0164
13.25207,5.5284142,GCF_000750955___1203,Negative,0.0001,0.0915
12.016218,8.021236,GCF_000750955___1204,Negative,0.0,0.0036
0.45032454,7.0445633,GCF_000750955___1205,Negative,0.0117,0.9835
14.468117,8.365654,GCF_000750955___1206,Negative,0.0,0.0014
-0.14644817,3.633528,GCF_000750955___1207,Negative,0.0231,0.0001
-0.7108841,3.7859175,GCF_000750955___1208,Negative,0.0029,0.0001
-0.53744775,4.4013276,GCF_000750955___1209,Negative,0.0003,0.0001
0.34549746,4.5165625,GCF_000750955___1210,Negative,0.0625,0.0006
10.075004,4.82956,GCF_000750955___1211,Negative,0.0,0.9909
0.14064883,8.266255,GCF_000750955___1212,Negative,0.0004,0.9037
13.285342,5.8391333,GCF_000750955___1213,Negative,0.0005,0.1326
11.431965,7.5414734,GCF_000750955___1214,Negative,0.0,0.2476
-0.19409116,4.241468,GCF_000750955___1215,Negative,0.0053,0.0005
11.5359955,5.225353,GCF_000750955___1216,Negative,0.0003,0.9542
13.992235,9.280696,GCF_000750955___1217,Negative,0.0,0.0017
0.30409133,4.5553675,GCF_000750955___1218,Negative,0.0725,0.0019
5.7838798,2.5521567,GCF_000750955___1219,Negative,0.0003,0.9997
6.375342,2.9831402,GCF_000750955___1220,Negative,0.0,0.9998
7.0643096,2.435429,GCF_000750955___1221,Negative,0.0002,0.9997
11.557105,7.561543,GCF_000750955___1222,Negative,0.0,0.0176
11.857566,8.076257,GCF_000750955___1223,Negative,0.0001,0.0439
13.723087,7.9623246,GCF_000750955___1224,Negative,0.0001,0.0627
13.214664,7.735873,GCF_000750955___1225,Negative,0.0,0.0405
14.479865,7.72004,GCF_000750955___1226,Negative,0.0001,0.1372
-0.020154629,8.422085,GCF_000750955___1227,Negative,0.0013,0.9905
1.2002001,4.517808,GCF_000750955___1228,Negative,0.6451,0.1029
5.04476,3.3271523,GCF_000750955___1229,Negative,0.5905,0.3921
6.977566,2.6501749,GCF_000750955___1230,Negative,0.0004,0.9994
0.09473532,8.019066,GCF_000750955___1231,Negative,0.0008,0.5737
8.048065,3.646786,GCF_000750955___1232,Negative,0.0,0.9999
0.9797447,7.179487,GCF_000750955___1233,Negative,0.0876,0.0342
13.97604,9.426094,GCF_000750955___1234,Negative,0.0,0.0007
1.0148298,9.257927,GCF_000750955___1235,Negative,0.0009,0.8614
8.7333,4.2274733,GCF_000750955___1236,Negative,0.001,0.9691
12.715532,5.4255056,GCF_000750955___1237,Negative,0.0001,0.4549
7.3957877,3.2631342,GCF_000750955___1238,Negative,0.0,0.9999
1.389827,8.398581,GCF_000750955___1239,Negative,0.0001,0.0212
-1.0177096,3.825256,GCF_000750955___1240,Negative,0.0001,0.0
1.4181112,7.7328553,GCF_000750955___1241,Negative,0.0071,0.1432
5.55973,2.8561795,GCF_000750955___1242,Negative,0.0006,0.9917
12.020323,5.567791,GCF_000750955___1243,Negative,0.0,0.7035
12.167538,6.060814,GCF_000750955___1244,Negative,0.0001,0.3279
13.302107,6.935048,GCF_000750955___1245,Negative,0.0,0.063
14.467807,7.9543676,GCF_000750955___1246,Negative,0.0,0.0065
8.109063,4.33998,GCF_000750955___1247,Negative,0.0003,0.949
14.056369,6.5986986,GCF_000750955___1248,Negative,0.0001,0.0215
13.969774,7.2508464,GCF_000750955___1249,Negative,0.0006,0.2109
11.078014,6.0035825,GCF_000750955___1250,Negative,0.0,0.1307
9.7997055,4.700894,GCF_000750955___1251,Negative,0.0004,0.6956
8.730402,4.383236,GCF_000750955___1252,Negative,0.0,0.9993
12.117775,7.826976,GCF_000750955___1253,Negative,0.0,0.0239
9.075844,4.7713394,GCF_000750955___1254,Negative,0.0,0.9962
8.91606,4.330638,GCF_000750955___1255,Negative,0.0003,0.9364
6.9331884,2.5757759,GCF_000750955___1256,Negative,0.0024,0.9969
6.3586497,2.8321266,GCF_000750955___1257,Negative,0.0001,0.9998
14.120744,8.571178,GCF_000750955___1258,Negative,0.0,0.0072
12.440998,6.4717517,GCF_000750955___1259,Negative,0.0001,0.0398
12.415111,6.575491,GCF_000750955___1260,Negative,0.0,0.0269
0.10733909,7.2140813,GCF_000750955___1261,Negative,0.0006,0.0097
11.900599,5.6788507,GCF_000750955___1262,Negative,0.0001,0.0366
7.519603,5.8694363,GCF_000750955___1263,Negative,0.0001,0.018
0.6839373,8.228944,GCF_000750955___1264,Negative,0.0016,0.9753
0.771794,8.142713,GCF_000750955___1265,Negative,0.0037,0.9602
1.0392511,7.9019337,GCF_000750955___1266,Negative,0.0206,0.7396
12.629344,6.3187585,GCF_000750955___1267,Negative,0.0001,0.1301
1.4808725,7.9935427,GCF_000750955___1268,Negative,0.0009,0.0911
13.940293,6.3003507,GCF_000750955___1269,Negative,0.0,0.0081
12.868588,6.9487867,GCF_000750955___1270,Negative,0.0,0.0383
-0.89167243,9.716074,GCF_000750955___1271,Negative,0.0006,0.9678
12.353982,5.8276577,GCF_000750955___1272,Negative,0.0002,0.0279
11.231283,6.964341,GCF_000750955___1273,Negative,0.0001,0.2632
13.548038,8.50436,GCF_000750955___1274,Negative,0.0,0.0006
1.0069699,7.724849,GCF_000750955___1275,Negative,0.0012,0.2557
8.374266,2.2664156,GCF_000750955___1276,Negative,0.0,0.9978
8.285447,2.2472775,GCF_000750955___1277,Negative,0.0,0.9998
8.348849,2.2147763,GCF_000750955___1278,Negative,0.0,0.9988
13.213168,6.632519,GCF_000750955___1279,Negative,0.0001,0.0734
0.62111795,7.6660714,GCF_000750955___1280,Negative,0.1304,0.7985
0.756094,9.761235,GCF_000750955___1281,Negative,0.0003,0.1277
12.933535,5.963337,GCF_000750955___1282,Negative,0.0001,0.0601
13.016491,6.01743,GCF_000750955___1283,Negative,0.0001,0.1155
3.573764,4.061926,GCF_000750955___1284,Inc-protein,0.9821,0.0178
4.619324,3.2703884,GCF_000750955___1285,Inc-protein,0.9999,0.0001
4.752155,3.2023616,GCF_000750955___1286,Inc-protein,1.0,0.0
0.04789277,4.1294985,GCF_000750955___1287,Negative,0.0243,0.0001
12.695891,7.363428,GCF_000750955___1288,Negative,0.0,0.0408
13.940114,6.746259,GCF_000750955___1289,Negative,0.0,0.0019
5.378626,3.3182778,GCF_000750955___1290,Negative,0.0024,0.9893
7.659478,3.6784213,GCF_000750955___1291,Negative,0.0013,0.9987
6.636483,3.1292205,GCF_000750955___1292,Negative,0.0,0.999
5.3272967,3.2355366,GCF_000750955___1293,Negative,0.0014,0.9985
13.335683,9.229554,GCF_000750955___1294,Negative,0.0,0.0007
12.397035,5.5963244,GCF_000750955___1295,Negative,0.0002,0.2382
11.379609,4.8964076,GCF_000750955___1296,Negative,0.0002,0.9007
10.867705,5.107233,GCF_000750955___1297,Negative,0.0003,0.9885
0.6505525,8.500153,GCF_000750955___1298,Negative,0.0003,0.9864
0.5892763,3.995468,GCF_000750955___1299,Negative,0.0298,0.0028
13.775465,7.534727,GCF_000750955___1300,Negative,0.0,0.0048
0.33900455,4.1679053,GCF_000750955___1301,Negative,0.0348,0.0016
12.13009,6.0348377,GCF_000750955___1302,Negative,0.0002,0.8792
0.4660914,8.02878,GCF_000750955___1303,Negative,0.012,0.4719
13.113286,8.249981,GCF_000750955___1304,Negative,0.0,0.0641
14.1288395,9.100989,GCF_000750955___1305,Negative,0.0,0.005
13.72973,8.046124,GCF_000750955___1306,Negative,0.0,0.0348
-0.06349939,3.5755165,GCF_000750955___1307,Negative,0.0077,0.0
12.1695385,6.6744585,GCF_000750955___1308,Negative,0.0001,0.498
13.406399,6.814138,GCF_000750955___1309,Negative,0.0001,0.2452
1.0981991,4.1991277,GCF_000750955___1310,Inc-protein,0.9658,0.0005
13.543775,7.0639973,GCF_000750955___1311,Negative,0.0,0.0558
7.188189,2.3576226,GCF_000750955___1312,Negative,0.0001,0.9999
1.2638705,8.822748,GCF_000750955___1313,Negative,0.0001,0.0253
11.92204,5.205862,GCF_000750955___1314,Negative,0.0046,0.6546
13.90282,8.328516,GCF_000750955___1315,Negative,0.0,0.0009
0.9121302,3.8544376,GCF_000750955___1316,Negative,0.6326,0.0001
13.995374,9.529621,GCF_000750955___1317,Negative,0.0,0.0003
13.283751,9.116483,GCF_000750955___1318,Negative,0.0,0.0017
13.055995,6.9713817,GCF_000750955___1319,Negative,0.0005,0.0131
6.9414763,3.1706996,GCF_000750955___1320,Negative,0.0066,0.9064
-0.59791934,4.406059,GCF_000750955___1321,Negative,0.0062,0.0002
13.631997,9.259782,GCF_000750955___1322,Negative,0.0,0.0242
13.616903,8.902191,GCF_000750955___1323,Negative,0.0,0.0139
13.4478655,5.786622,GCF_000750955___1324,Negative,0.0,0.3592
11.370338,6.6939807,GCF_000750955___1325,Negative,0.0018,0.2406
14.420756,7.7138915,GCF_000750955___1326,Negative,0.0001,0.0193
0.6035199,4.874749,GCF_000750955___1327,Negative,0.3193,0.0012
13.153916,6.2469687,GCF_000750955___1328,Negative,0.0001,0.2144
13.706389,8.452172,GCF_000750955___1329,Negative,0.0002,0.0013
13.189091,6.1733456,GCF_000750955___1330,Negative,0.0,0.0887
12.350277,6.1667004,GCF_000750955___1331,Negative,0.0,0.01
7.7068205,4.2226067,GCF_000750955___1332,Negative,0.0001,0.9971
13.303055,7.4837537,GCF_000750955___1333,Negative,0.0,0.0191
12.239471,6.8392887,GCF_000750955___1334,Negative,0.0,0.3276
8.449405,3.3094623,GCF_000750955___1335,Negative,0.0001,0.9983
0.9348471,8.674206,GCF_000750955___1336,Negative,0.0009,0.4846
0.8080102,8.424435,GCF_000750955___1337,Negative,0.0002,0.8784
13.9718685,6.655307,GCF_000750955___1338,Negative,0.0,0.1424
1.7502263,4.6980166,GCF_000750955___1339,Inc-protein,0.9946,0.0014
8.173084,3.6463766,GCF_000750955___1340,Negative,0.001,0.9981
14.032655,8.309591,GCF_000750955___1341,Negative,0.0,0.0011
11.47114,5.0072103,GCF_000750955___1342,Negative,0.0001,0.8898
7.223095,2.2892723,GCF_000750955___1343,Negative,0.0,1.0
7.0133185,6.1110787,GCF_000750955___1344,Negative,0.0,0.0001
13.712487,6.0386024,GCF_000750955___1345,Negative,0.0,0.2578
12.365453,8.700487,GCF_000750955___1346,Negative,0.0,0.0029
11.61469,7.9944973,GCF_000750955___1347,Negative,0.0008,0.492
12.062768,5.490236,GCF_000750955___1348,Negative,0.0001,0.2664
13.092439,9.077132,GCF_000750955___1349,Negative,0.0,0.0011
3.8633983,4.03285,GCF_000750955___1350,Inc-protein,0.9893,0.0069
11.427285,7.3445396,GCF_000750955___1351,Negative,0.0,0.394
11.80332,6.6134343,GCF_000750955___1352,Negative,0.0001,0.0713
1.8011483,6.9320135,GCF_000750955___1353,Negative,0.0239,0.5906
13.590777,6.3275256,GCF_000750955___1354,Negative,0.0,0.0221
13.778254,9.534513,GCF_000750955___1355,Negative,0.0,0.0007
12.098942,6.2540526,GCF_000750955___1356,Negative,0.0001,0.4863
0.5606037,4.2224965,GCF_000750955___1357,Negative,0.1343,0.0008
12.581285,6.443714,GCF_000750955___1358,Negative,0.0001,0.1466
10.983297,5.1814995,GCF_000750955___1359,Negative,0.0004,0.6635
12.57307,9.166273,GCF_000750955___1360,Negative,0.0,0.0027
0.8017083,9.914821,GCF_000750955___1361,Negative,0.0,0.8744
-0.14880222,4.464779,GCF_000750955___1362,Negative,0.0006,0.0038
13.867523,8.860318,GCF_000750955___1363,Negative,0.0,0.0085
13.89263,8.45695,GCF_000750955___1364,Negative,0.0,0.0019
0.9659413,8.6962185,GCF_000750955___1365,Negative,0.0003,0.5198
12.474681,7.2869287,GCF_000750955___1366,Negative,0.0,0.0103
0.9059472,8.599541,GCF_000750955___1367,Negative,0.0,0.0341
-0.67009324,9.505392,GCF_000750955___1368,Negative,0.0006,0.0005
1.3144683,7.9829874,GCF_000750955___1369,Negative,0.0003,0.0237
8.607066,3.793864,GCF_000750955___1370,Negative,0.0009,0.9639
8.295167,5.0771856,GCF_000750955___1371,Negative,0.0003,0.5094
12.82312,6.5662756,GCF_000750955___1372,Negative,0.0,0.0106
1.0950203,8.479133,GCF_000750955___1373,Negative,0.0028,0.533
3.5338955,4.04941,GCF_000750955___1374,Inc-protein,0.9888,0.0053
-0.8189026,9.68957,GCF_000750955___1375,Negative,0.0016,0.7259
7.467792,5.482071,GCF_000750955___1376,Negative,0.0,0.5398
11.531875,8.369646,GCF_000750955___1377,Negative,0.0001,0.0002
1.6196842,4.8019366,GCF_000750955___1378,Inc-protein,0.9293,0.0003
7.85747,3.2488706,GCF_000750955___1379,Negative,0.0,0.9999
0.26516554,3.987231,GCF_000750955___1380,Negative,0.393,0.0002
1.2280601,4.084721,GCF_000750955___1381,Inc-protein,0.994,0.0
11.167845,4.9096727,GCF_000750955___1382,Negative,0.0001,0.97
-0.6394577,9.292597,GCF_000750955___1383,Negative,0.0161,0.8342
12.656134,6.549017,GCF_000750955___1384,Negative,0.0,0.1011
7.6858287,4.8045,GCF_000750955___1385,Negative,0.0002,0.9907
1.3796165,8.664302,GCF_000750955___1386,Negative,0.0,0.0134
0.7089502,8.651386,GCF_000750955___1387,Negative,0.0005,0.8988
12.565859,8.999924,GCF_000750955___1388,Negative,0.0,0.0031
11.932174,7.91751,GCF_000750955___1389,Negative,0.0,0.0515
13.54138,7.519216,GCF_000750955___1390,Negative,0.0,0.0163
1.5141003,7.922699,GCF_000750955___1391,Negative,0.0016,0.3221
11.866694,6.097541,GCF_000750955___1392,Negative,0.0,0.6189
8.288783,5.589116,GCF_000750955___1393,Negative,0.0,0.0039
3.5384007,4.0713735,GCF_000750955___1394,Inc-protein,0.991,0.0087
4.5734797,3.5428274,GCF_000750955___1395,Negative,0.2094,0.7891
-0.10787757,8.352736,GCF_000750955___1396,Negative,0.0004,0.9994
-0.29519248,8.144657,GCF_000750955___1397,Negative,0.0032,0.9955
-0.27100006,8.036621,GCF_000750955___1398,Negative,0.0021,0.9869
1.0788094,9.595809,GCF_000750955___1399,Negative,0.0,0.9668
3.8173316,4.03959,GCF_000750955___1400,Inc-protein,0.977,0.0225
12.046966,5.6913447,GCF_000750955___1401,Negative,0.0001,0.1631
0.767947,9.879167,GCF_000750955___1402,Negative,0.0002,0.6463
-0.75301474,9.724281,GCF_000750955___1403,Negative,0.0006,0.7048
5.374268,3.2135935,GCF_000750955___1404,Negative,0.0421,0.933
-0.6995869,3.4898105,GCF_000750955___1405,Negative,0.0009,0.0
11.771245,6.4003444,GCF_000750955___1406,Negative,0.0032,0.2456
11.996752,7.76956,GCF_000750955___1407,Negative,0.0,0.0362
13.301194,8.527217,GCF_000750955___1408,Negative,0.0,0.0157
11.882087,6.2932696,GCF_000750955___1409,Negative,0.0002,0.0596
14.291268,7.685712,GCF_000750955___1410,Negative,0.0,0.0103
11.67762,6.1978707,GCF_000750955___1411,Negative,0.0001,0.032
11.274991,6.633053,GCF_000750955___1412,Negative,0.0,0.6065
12.477527,5.345829,GCF_000750955___1413,Negative,0.0,0.736
12.261297,5.5485272,GCF_000750955___1414,Negative,0.0001,0.3575
12.907076,6.1177325,GCF_000750955___1415,Negative,0.0,0.1013
12.758298,5.896735,GCF_000750955___1416,Negative,0.0005,0.0495
12.742443,5.949193,GCF_000750955___1417,Negative,0.0,0.0165
0.81103283,6.1488595,GCF_000750955___1418,Negative,0.2578,0.2393
11.725675,7.460146,GCF_000750955___1419,Negative,0.0,0.0378
1.8975434,4.4449863,GCF_000750955___1420,Inc-protein,0.9984,0.0006
11.519647,7.526812,GCF_000750955___1421,Negative,0.0001,0.3956
8.494654,2.9527009,GCF_000750955___1422,Negative,0.0072,0.9887
13.105027,6.6164074,GCF_000750955___1423,Negative,0.0,0.4468
14.208371,7.6514926,GCF_000750955___1424,Negative,0.0,0.1867
13.28786,6.50416,GCF_000750955___1425,Negative,0.0,0.3575
13.851131,6.52995,GCF_000750955___1426,Negative,0.0,0.0242
7.2069907,3.0713596,GCF_000750955___1427,Negative,0.0,0.9997
12.055576,6.340426,GCF_000750955___1428,Negative,0.0001,0.835
7.9431057,3.8892512,GCF_000750955___1429,Negative,0.0006,0.9994
4.069818,3.5997362,GCF_000750955___1430,Negative,0.5391,0.4588
0.7260072,8.249275,GCF_000750955___1431,Negative,0.0007,0.9829
1.3454081,7.883017,GCF_000750955___1432,Negative,0.0,0.0039
0.5719395,8.949366,GCF_000750955___1433,Negative,0.0001,0.9759
12.646103,6.2797446,GCF_000750955___1434,Negative,0.0001,0.1884
8.450462,3.562388,GCF_000750955___1435,Negative,0.0,0.9997
-0.14160702,7.902707,GCF_000750955___1436,Negative,0.0113,0.6039
8.130531,5.6837964,GCF_000750955___1437,Negative,0.0,0.0123
12.211559,5.2711797,GCF_000750955___1438,Negative,0.0001,0.845
12.191843,6.156228,GCF_000750955___1439,Negative,0.0,0.757
12.337469,6.231732,GCF_000750955___1440,Negative,0.0,0.7215
0.20124301,7.7070417,GCF_000750955___1441,Negative,0.0017,0.0398
4.356955,3.4278162,GCF_000750955___1442,Inc-protein,0.9995,0.0005
4.564747,3.324023,GCF_000750955___1443,Inc-protein,0.9997,0.0003
4.910411,3.3031507,GCF_000750955___1444,Inc-protein,0.9946,0.0027
1.2363857,6.7320557,GCF_000750955___1445,Negative,0.0002,0.1535
12.19374,5.1092644,GCF_000750955___1446,Negative,0.0112,0.8066
1.1620884,8.593593,GCF_000750955___1447,Negative,0.0003,0.1135
0.7784765,9.866712,GCF_000750955___1448,Negative,0.0008,0.7479
0.7997732,9.8174515,GCF_000750955___1449,Negative,0.0004,0.7334
-0.740133,9.576948,GCF_000750955___1450,Negative,0.0015,0.043
0.7441624,10.0785,GCF_000750955___1451,Negative,0.0,0.0498
5.6595936,3.7440183,GCF_000750955___1452,Negative,0.0,0.0113
0.63784385,7.97732,GCF_000750955___1453,Negative,0.0009,0.9045
1.1439623,4.714401,GCF_000750955___1454,Negative,0.0553,0.3456
1.3482041,7.8070235,GCF_000750955___1455,Negative,0.0214,0.0964
14.086806,9.548279,GCF_000750955___1456,Negative,0.0,0.0002
-0.23379305,8.241103,GCF_000750955___1457,Negative,0.0016,0.997
0.8915279,3.8340752,GCF_000750955___1458,Negative,0.3539,0.0001
0.47706896,4.431733,GCF_000750955___1459,Negative,0.0792,0.0007
8.530277,3.8785074,GCF_000750955___1460,Negative,0.0148,0.9224
0.82789093,3.707975,GCF_000750955___1461,Negative,0.4742,0.0024
6.197199,2.723494,GCF_000750955___1462,Negative,0.0022,0.9912
1.1704755,7.951908,GCF_000750955___1463,Negative,0.0015,0.696
0.89472556,9.0476465,GCF_000750955___1464,Negative,0.0003,0.8801
1.0698543,7.168885,GCF_000750955___1465,Negative,0.0778,0.3748
0.8971711,3.6889858,GCF_000750955___1466,Negative,0.5075,0.0024
1.4152199,4.264695,GCF_000750955___1467,Inc-protein,0.9141,0.0003
12.718065,7.584005,GCF_000750955___1468,Negative,0.0,0.0538
0.12306083,4.268024,GCF_000750955___1469,Negative,0.0189,0.0001
12.637811,6.2971296,GCF_000750955___1470,Negative,0.0002,0.1794
12.999088,8.677304,GCF_000750955___1471,Negative,0.0,0.004
-0.093192145,3.9847958,GCF_000750955___1472,Negative,0.0645,0.0003
0.085742116,3.9218643,GCF_000750955___1473,Negative,0.0357,0.0001
1.2256709,6.7768826,GCF_000750955___1474,Negative,0.0003,0.0557
0.34180972,3.7427325,GCF_000750955___1475,Negative,0.0247,0.0002
0.49431148,6.7728343,GCF_000750955___1476,Negative,0.0056,0.4608
1.7419112,6.9315834,GCF_000750955___1477,Negative,0.0612,0.3602
12.020703,6.785357,GCF_000750955___1478,Negative,0.0,0.181
11.8890915,7.847416,GCF_000750955___1479,Negative,0.0,0.0843
8.641991,3.904156,GCF_000750955___1480,Negative,0.0003,0.9851
3.7397122,3.7090561,GCF_000750955___1481,Inc-protein,0.9998,0.0002
8.434053,4.6535583,GCF_000750955___1482,Negative,0.0002,0.9728
-0.7172004,4.354504,GCF_000750955___1483,Negative,0.0009,0.0
-0.80015427,4.405641,GCF_000750955___1484,Negative,0.0006,0.0
14.053498,7.2241216,GCF_000750955___1485,Negative,0.0,0.0403
8.754294,3.9866219,GCF_000750955___1486,Negative,0.0015,0.9804
7.139282,3.0163195,GCF_000750955___1487,Negative,0.0001,0.9996
13.675962,7.6213593,GCF_000750955___1488,Negative,0.0001,0.0164
-0.65559834,3.4611914,GCF_000750955___1489,Negative,0.0047,0.0
13.292101,6.6396184,GCF_000750955___1490,Negative,0.0003,0.1446
12.89447,6.3653574,GCF_000750955___1491,Negative,0.0,0.1724
14.117399,7.6320558,GCF_000750955___1492,Negative,0.0,0.0114
1.450003,8.662947,GCF_000750955___1493,Negative,0.0001,0.0507
13.211722,7.667984,GCF_000750955___1494,Negative,0.0,0.0241
13.365031,6.459484,GCF_000750955___1495,Negative,0.0,0.0083
8.155834,2.793582,GCF_000750955___1496,Negative,0.0,0.9998
12.288721,5.992918,GCF_000750955___1497,Negative,0.0,0.2768
11.963262,6.4512978,GCF_000750955___1498,Negative,0.0,0.6049
13.798398,7.6071134,GCF_000750955___1499,Negative,0.0,0.0105
13.542206,7.7938843,GCF_000750955___1500,Negative,0.0,0.0696
7.4607725,3.4786556,GCF_000750955___1501,Negative,0.0019,0.9978
12.307175,5.22498,GCF_000750955___1502,Negative,0.0009,0.456
12.809927,6.9416986,GCF_000750955___1503,Negative,0.0013,0.1304
0.5557336,4.9123526,GCF_000750955___1504,Negative,0.0295,0.0004
12.174446,5.194597,GCF_000750955___1505,Negative,0.0019,0.6699
13.857035,6.5930357,GCF_000750955___1506,Negative,0.0,0.017
12.436572,8.585027,GCF_000750955___1507,Negative,0.0,0.0115
13.829437,8.743503,GCF_000750955___1508,Negative,0.0,0.0324
14.563902,8.877871,GCF_000750955___1509,Negative,0.0,0.0026
-0.23283249,3.62639,GCF_000750955___1510,Negative,0.0092,0.0007
0.9216707,5.106255,GCF_000750955___1511,Negative,0.0158,0.0351
12.343754,5.340352,GCF_000750955___1512,Negative,0.0012,0.6003
12.666729,5.6561747,GCF_000750955___1513,Negative,0.0003,0.1838
12.424767,5.32687,GCF_000750955___1514,Negative,0.0008,0.4748
0.78002954,4.1907563,GCF_000750955___1515,Negative,0.2272,0.0011
0.8657994,8.454308,GCF_000750955___1516,Negative,0.003,0.6361
9.978208,4.883091,GCF_000750955___1517,Negative,0.0,0.9355
13.7008095,6.315866,GCF_000750955___1518,Negative,0.0001,0.47
12.8556595,8.339017,GCF_000750955___1519,Negative,0.0001,0.018
12.7479515,8.547165,GCF_000750955___1520,Negative,0.0,0.0034
14.199418,7.498112,GCF_000750955___1521,Negative,0.0,0.1307
1.3231599,8.808525,GCF_000750955___1522,Negative,0.0001,0.0512
1.2742027,7.7321653,GCF_000750955___1523,Negative,0.0044,0.089
12.731683,6.9186845,GCF_000750955___1524,Negative,0.0004,0.0298
0.7768757,4.2572803,GCF_000750955___1525,Negative,0.5546,0.0042
12.599271,6.5326486,GCF_000750955___1526,Negative,0.0,0.4883
13.081454,6.6865664,GCF_000750955___1527,Negative,0.0,0.0588
0.8800616,8.500793,GCF_000750955___1528,Negative,0.0035,0.6779
7.228088,3.745481,GCF_000750955___1529,Negative,0.0002,0.9966
12.30304,6.661706,GCF_000750955___1530,Negative,0.0005,0.0077
13.3134365,8.628664,GCF_000750955___1531,Negative,0.0,0.0041
0.1762783,8.2943325,GCF_000750955___1532,Negative,0.0004,0.6907
3.8309624,4.037066,GCF_000750955___1533,Inc-protein,0.8249,0.1742
12.221291,7.4649987,GCF_000750955___1534,Negative,0.0,0.0958
6.9307694,2.4512708,GCF_000750955___1535,Negative,0.0,1.0
13.67577,8.993434,GCF_000750955___1536,Negative,0.0,0.0018
1.218542,4.293309,GCF_000750955___1537,Negative,0.5509,0.004
6.8636885,2.2826288,GCF_000750955___1538,Negative,0.0004,0.9996
13.347501,7.021318,GCF_000750955___1539,Negative,0.0001,0.0359
12.835349,7.5858703,GCF_000750955___1540,Negative,0.0,0.0006
0.02037097,4.626641,GCF_000750955___1541,Negative,0.0039,0.0004
7.578473,4.920546,GCF_000750955___1542,Negative,0.0001,0.9406
14.512733,8.152972,GCF_000750955___1543,Negative,0.0,0.0061
13.959662,6.2678094,GCF_000750955___1544,Negative,0.0,0.0367
1.8292543,4.601999,GCF_000750955___1545,Inc-protein,0.995,0.0034
5.011594,3.777825,GCF_000750955___1546,Negative,0.0335,0.0396
1.8587204,4.420626,GCF_000750955___1547,Inc-protein,0.9997,0.0
13.720398,6.8071785,GCF_000750955___1548,Negative,0.0,0.0517
14.085704,8.434322,GCF_000750955___1549,Negative,0.0,0.0043
-0.34803194,3.442295,GCF_000750955___1550,Negative,0.0037,0.0
12.35359,5.324775,GCF_000750955___1551,Negative,0.0166,0.1211
13.437559,7.305191,GCF_000750955___1552,Negative,0.0,0.1607
6.73362,2.3181095,GCF_000750955___1553,Negative,0.0004,0.9996
-0.75640595,4.495157,GCF_000750955___1554,Negative,0.0005,0.0001
1.7462119,4.608868,GCF_000750955___1555,Negative,0.6936,0.3042
8.174849,2.102929,GCF_000750955___1556,Negative,0.001,0.9878
8.430892,3.4523091,GCF_000750955___1557,Negative,0.0013,0.993
12.952942,6.7216163,GCF_000750955___1558,Negative,0.0,0.0796
5.670454,2.6433475,GCF_000750955___1559,Negative,0.0001,0.9999
9.653957,5.190806,GCF_000750955___1560,Negative,0.0001,0.9292
-0.57110566,4.484245,GCF_000750955___1561,Negative,0.0015,0.0001
8.381114,4.486585,GCF_000750955___1562,Negative,0.0247,0.9632
1.6782275,4.5383425,GCF_000750955___1563,Inc-protein,0.8613,0.0099
-0.3607156,3.8078997,GCF_000750955___1564,Negative,0.0114,0.0
11.814439,5.4055386,GCF_000750955___1565,Negative,0.0009,0.7708
12.92787,8.1277075,GCF_000750955___1566,Negative,0.0,0.0008
13.86059,6.3199625,GCF_000750955___1567,Negative,0.0001,0.0339
13.564165,8.299446,GCF_000750955___1568,Negative,0.0,0.0002
0.9309292,8.673581,GCF_000750955___1569,Negative,0.0009,0.4773
14.232636,8.531032,GCF_000750955___1570,Negative,0.0,0.0351
14.091834,8.815745,GCF_000750955___1571,Negative,0.0,0.0048
11.966857,5.19861,GCF_000750955___1572,Negative,0.0011,0.4241
0.9898055,9.398129,GCF_000750955___1573,Negative,0.0001,0.7858
0.8682095,5.7890444,GCF_000750955___1574,Negative,0.0254,0.0036
1.4630488,4.4527116,GCF_000750955___1575,Negative,0.7772,0.2106
0.2615098,7.0636826,GCF_000750955___1576,Negative,0.0036,0.0155
-0.4178189,4.464118,GCF_000750955___1577,Negative,0.018,0.0005
14.111253,8.81461,GCF_000750955___1578,Negative,0.0,0.015
12.861263,9.006042,GCF_000750955___1579,Negative,0.0,0.0008
5.451092,3.1852303,GCF_000750955___1580,Negative,0.0178,0.8318
0.5976288,4.7242155,GCF_000750955___1581,Negative,0.1259,0.0026
7.237852,2.770319,GCF_000750955___1582,Negative,0.0019,0.978
5.0338583,3.2928903,GCF_000750955___1583,Inc-protein,0.9665,0.0251
13.8835125,6.013041,GCF_000750955___1584,Negative,0.0,0.0095
14.396766,8.816449,GCF_000750955___1585,Negative,0.0,0.0017
13.366529,7.3944654,GCF_000750955___1586,Negative,0.0001,0.0296
12.852029,7.8897853,GCF_000750955___1587,Negative,0.0,0.0062
12.790607,8.16891,GCF_000750955___1588,Negative,0.0,0.0021
13.761134,8.923279,GCF_000750955___1589,Negative,0.0,0.0069
-0.24636035,4.3949943,GCF_000750955___1590,Negative,0.0048,0.0
-0.9036975,4.509939,GCF_000750955___1591,Negative,0.0002,0.0005
-0.9966206,3.9111855,GCF_000750955___1592,Negative,0.0005,0.0
1.02824,6.723739,GCF_000750955___1593,Negative,0.0,0.0007
-0.61375004,4.3932443,GCF_000750955___1594,Negative,0.004,0.0
0.9934942,6.7014685,GCF_000750955___1595,Negative,0.0003,0.0013
0.32730564,4.7790437,GCF_000750955___1596,Negative,0.3103,0.0
1.0482216,5.3717594,GCF_000750955___1597,Negative,0.0255,0.0017
12.101653,8.304083,GCF_000750955___1598,Negative,0.0,0.4019
12.169127,6.9230323,GCF_000750955___1599,Negative,0.0,0.2625
8.415385,4.9922514,GCF_000750955___1600,Negative,0.0004,0.5127
1.1978862,4.363267,GCF_000750955___1601,Negative,0.1775,0.0005
1.131939,9.63019,GCF_000750955___1602,Negative,0.0,0.7387
7.2416534,5.93355,GCF_000750955___1603,Negative,0.0002,0.1063
-0.13158225,8.174987,GCF_000750955___1604,Negative,0.0016,0.9769
-0.064239964,8.048157,GCF_000750955___1605,Negative,0.0005,0.7931
-0.07813969,7.9559097,GCF_000750955___1606,Negative,0.0015,0.6634
11.29728,5.602284,GCF_000750955___1607,Negative,0.0002,0.69
7.007932,6.0282464,GCF_000750955___1608,Negative,0.0047,0.0448
10.824439,5.172519,GCF_000750955___1609,Negative,0.0011,0.8722
14.0538845,7.885926,GCF_000750955___1610,Negative,0.0,0.0315
12.654608,6.3894773,GCF_000750955___1611,Negative,0.0001,0.2518
11.504599,5.0235157,GCF_000750955___1612,Negative,0.0,0.1634
10.934704,5.0680723,GCF_000750955___1613,Negative,0.0015,0.5337
12.496564,5.30274,GCF_000750955___1614,Negative,0.0001,0.4218
0.49174553,4.439737,GCF_000750955___1615,Negative,0.1188,0.001
12.017034,5.385988,GCF_000750955___1616,Negative,0.0,0.7912
13.90196,7.9037833,GCF_000750955___1617,Negative,0.0,0.0252
14.005757,8.479001,GCF_000750955___1618,Negative,0.0,0.0004
10.426555,5.0323143,GCF_000750955___1619,Negative,0.0001,0.9499
0.21643433,3.4508708,GCF_000750955___1620,Negative,0.0184,0.0
0.24860626,3.9863048,GCF_000750955___1621,Negative,0.0549,0.0015
9.274697,5.2154613,GCF_000750955___1622,Negative,0.0002,0.0649
7.5778437,3.553185,GCF_000750955___1623,Negative,0.0,0.9996
-0.60152984,9.536786,GCF_000750955___1624,Negative,0.0006,0.11
0.36988658,4.5743456,GCF_000750955___1625,Negative,0.0326,0.0005
12.457715,5.8442583,GCF_000750955___1626,Negative,0.0,0.7549
13.708799,7.072058,GCF_000750955___1627,Negative,0.0,0.0474
0.38173395,8.36854,GCF_000750955___1628,Negative,0.0002,0.0731
0.28814906,7.882614,GCF_000750955___1629,Negative,0.0001,0.0701
0.46256846,6.7798877,GCF_000750955___1630,Negative,0.0092,0.8719
0.8559748,4.557486,GCF_000750955___1631,Negative,0.4749,0.0055
-0.4781912,4.4586234,GCF_000750955___1632,Negative,0.0021,0.0001
1.8258411,4.3746,GCF_000750955___1633,Inc-protein,0.9996,0.0
1.7839677,6.9509497,GCF_000750955___1634,Negative,0.0009,0.9555
10.938219,7.1509585,GCF_000750955___1635,Negative,0.0001,0.5408
13.588046,6.1450086,GCF_000750955___1636,Negative,0.0001,0.0961
12.459413,7.616938,GCF_000750955___1637,Negative,0.0,0.0087
8.677576,4.0040703,GCF_000750955___1638,Negative,0.0056,0.9206
14.275353,7.607452,GCF_000750955___1639,Negative,0.0,0.0718
12.3735485,7.471239,GCF_000750955___1640,Negative,0.0,0.0106
11.451966,5.252263,GCF_000750955___1641,Negative,0.0002,0.946
8.048344,4.53356,GCF_000750955___1642,Negative,0.0005,0.9585
12.853371,8.324503,GCF_000750955___1643,Negative,0.0,0.0377
12.930153,6.756028,GCF_000750955___1644,Negative,0.0002,0.0543
12.913319,5.9592724,GCF_000750955___1645,Negative,0.0008,0.112
13.401135,6.71482,GCF_000750955___1646,Negative,0.0001,0.0243
13.9775715,8.962726,GCF_000750955___1647,Negative,0.0,0.0065
13.794406,9.553954,GCF_000750955___1648,Negative,0.0,0.0014
13.112458,6.0286245,GCF_000750955___1649,Negative,0.0023,0.0558
13.894116,6.475596,GCF_000750955___1650,Negative,0.0001,0.047
11.027958,5.303807,GCF_000750955___1651,Negative,0.0005,0.744
13.250151,6.6642427,GCF_000750955___1652,Negative,0.0001,0.1344
10.707315,5.0947876,GCF_000750955___1653,Negative,0.0008,0.942
7.7848144,4.452926,GCF_000750955___1654,Negative,0.0,0.9898
11.230765,4.894287,GCF_000750955___1655,Negative,0.0,0.9719
8.149332,3.9299803,GCF_000750955___1656,Negative,0.0,0.9991
14.182838,7.585622,GCF_000750955___1657,Negative,0.0001,0.1102
6.436578,2.6395051,GCF_000750955___1658,Negative,0.0041,0.9958
12.562034,6.145054,GCF_000750955___1659,Negative,0.0032,0.0625
5.734031,2.599196,GCF_000750955___1660,Negative,0.0002,0.9998
-0.565087,9.436634,GCF_000750955___1661,Negative,0.0005,0.0041
11.809484,7.9584785,GCF_000750955___1662,Negative,0.0,0.052
11.908881,5.7645164,GCF_000750955___1663,Negative,0.0003,0.2398
11.538723,7.317199,GCF_000750955___1664,Negative,0.0004,0.1148
13.097556,9.022324,GCF_000750955___1665,Negative,0.0,0.006
12.011814,7.3963013,GCF_000750955___1666,Negative,0.0001,0.0258
1.4938629,7.877735,GCF_000750955___1667,Negative,0.0024,0.2272
12.168837,6.76431,GCF_000750955___1668,Negative,0.0001,0.2502
12.354324,7.1616774,GCF_000750955___1669,Negative,0.0,0.3307
5.001935,2.9936998,GCF_000750955___1670,Inc-protein,0.9995,0.0005
6.1475763,2.900454,GCF_000750955___1671,Negative,0.0071,0.9888
1.3621591,4.523267,GCF_000750955___1672,Negative,0.6624,0.2638
12.893581,5.651112,GCF_000750955___1673,Negative,0.0001,0.5932
13.563838,6.325151,GCF_000750955___1674,Negative,0.0,0.5211
13.662839,6.070485,GCF_000750955___1675,Negative,0.0,0.2479
13.885014,6.0251994,GCF_000750955___1676,Negative,0.0001,0.042
12.060049,6.1252465,GCF_000750955___1677,Negative,0.0001,0.5648
14.37166,8.96783,GCF_000750955___1678,Negative,0.0,0.008
0.081395775,7.9711895,GCF_000750955___1679,Negative,0.0009,0.7573
8.525828,5.259172,GCF_000750955___1680,Negative,0.0006,0.2114
12.95683,8.375258,GCF_000750955___1681,Negative,0.0,0.0085
11.763102,6.195611,GCF_000750955___1682,Negative,0.0001,0.235
1.0431674,9.511804,GCF_000750955___1683,Negative,0.0,0.9951
12.363737,7.330036,GCF_000750955___1684,Negative,0.0,0.0267
-0.55495286,4.0486336,GCF_000750955___1685,Negative,0.0009,0.0003
10.164773,5.1587925,GCF_000750955___1686,Negative,0.0,0.9439
1.9239682,4.479348,GCF_000750955___1687,Inc-protein,0.986,0.0042
0.468673,6.775552,GCF_000750955___1688,Negative,0.0023,0.8927
1.0874697,7.9331384,GCF_000750955___1689,Negative,0.0035,0.617
13.148441,7.859143,GCF_000750955___1690,Negative,0.0,0.0068
0.38271788,3.700835,GCF_000750955___1691,Negative,0.0564,0.0003
1.3063214,6.730362,GCF_000750955___1692,Negative,0.0025,0.0695
1.2655932,6.6908016,GCF_000750955___1693,Negative,0.0021,0.0869
1.3261588,6.738877,GCF_000750955___1694,Negative,0.0031,0.8657
1.3354234,6.6951528,GCF_000750955___1695,Negative,0.0129,0.2219
7.4213753,5.4850445,GCF_000750955___1696,Negative,0.0008,0.9634
7.4808917,2.3307939,GCF_000750955___1697,Negative,0.0002,0.9993
7.9077063,3.8825364,GCF_000750955___1698,Negative,0.002,0.9971
12.659,5.2678814,GCF_000750955___1699,Negative,0.0002,0.6054
0.43300903,7.617119,GCF_000750955___1700,Negative,0.0038,0.6534
0.5914929,6.6734447,GCF_000750955___1701,Negative,0.0027,0.7148
1.1240273,4.6687837,GCF_000750955___1702,Inc-protein,0.9958,0.0003
0.53594047,4.0720434,GCF_000750955___1703,Negative,0.0401,0.0055
5.1861496,3.2717519,GCF_000750955___1704,Inc-protein,0.9772,0.0034
14.087069,8.261139,GCF_000750955___1705,Negative,0.0,0.0004
14.148667,7.258746,GCF_000750955___1706,Negative,0.0,0.0106
1.3581567,4.504922,GCF_000750955___1707,Negative,0.4538,0.4633
0.4299613,4.4465637,GCF_000750955___1708,Negative,0.1502,0.0003
13.616037,9.4936285,GCF_000750955___1709,Negative,0.0,0.0021
13.023643,9.016298,GCF_000750955___1710,Negative,0.0,0.0011
12.802393,5.560715,GCF_000750955___1711,Negative,0.0,0.5628
14.276689,8.716737,GCF_000750955___1712,Negative,0.0,0.0005
13.937628,9.225063,GCF_000750955___1713,Negative,0.0,0.0036
7.8959537,2.4783378,GCF_000750955___1714,Negative,0.0002,0.9994
11.75869,7.6944294,GCF_000750955___1715,Negative,0.0,0.0468
-0.22353077,8.069022,GCF_000750955___1716,Negative,0.0034,0.9815
8.646469,6.6265054,GCF_000750955___1717,Negative,0.0001,0.7689
12.099313,8.977879,GCF_000750955___1718,Negative,0.0,0.0028
-0.27989843,3.5574822,GCF_000750955___1719,Negative,0.0009,0.0001
-0.20619278,3.5909188,GCF_000750955___1720,Negative,0.0006,0.0
-0.45784402,3.3926637,GCF_000750955___1721,Negative,0.0004,0.0009
11.863113,7.792477,GCF_000750955___1722,Negative,0.0,0.4485
8.306772,3.4683855,GCF_000750955___1723,Negative,0.0,0.9997
0.7727038,5.517621,GCF_000750955___1724,Negative,0.1284,0.0148
8.254184,3.757878,GCF_000750955___1725,Negative,0.0134,0.9834
14.286503,7.460183,GCF_000750955___1726,Negative,0.0,0.1155
13.212624,8.405382,GCF_000750955___1727,Negative,0.0,0.0107
8.50315,4.1751065,GCF_000750955___1728,Negative,0.0024,0.9474
1.7378637,4.4269032,GCF_000750955___1729,Inc-protein,0.9964,0.0003
8.292442,4.509926,GCF_000750955___1730,Negative,0.0181,0.7917
11.6272955,7.1157017,GCF_000750955___1731,Negative,0.0001,0.3574
0.033882,8.049508,GCF_000750955___1732,Negative,0.003,0.6718
11.168662,6.3423705,GCF_000750955___1733,Negative,0.0,0.9758
14.023346,8.6322565,GCF_000750955___1734,Negative,0.0,0.0011
12.700188,8.590041,GCF_000750955___1735,Negative,0.0,0.0009
13.513183,9.313244,GCF_000750955___1736,Negative,0.0,0.0029
0.45249233,4.1479616,GCF_000750955___1737,Negative,0.1746,0.0053
0.76681644,8.567115,GCF_000750955___1738,Negative,0.0043,0.5006
13.207551,6.91336,GCF_000750955___1739,Negative,0.0004,0.3045
13.735819,9.514683,GCF_000750955___1740,Negative,0.0,0.0043
1.1765127,8.615716,GCF_000750955___1741,Negative,0.0029,0.6789
7.7619467,2.2645621,GCF_000750955___1742,Negative,0.0,0.9998
14.027545,7.291354,GCF_000750955___1743,Negative,0.0,0.2575
1.080405,8.759006,GCF_000750955___1744,Negative,0.0002,0.2032
1.4286354,7.960426,GCF_000750955___1745,Negative,0.0009,0.2461
13.258687,6.7150736,GCF_000750955___1746,Negative,0.0002,0.0424
-0.42732736,3.3470087,GCF_000750955___1747,Negative,0.0007,0.0001
13.637872,7.869178,GCF_000750955___1748,Negative,0.0029,0.0026
0.56372,4.3800526,GCF_000750955___1749,Negative,0.0431,0.0
7.691492,5.903884,GCF_000750955___1750,Negative,0.0,0.0009
13.613641,6.8998094,GCF_000750955___1751,Negative,0.0001,0.0302
-0.77793217,4.373973,GCF_000750955___1752,Negative,0.002,0.0001
0.29772776,3.9660978,GCF_000750955___1753,Negative,0.3402,0.0015
0.06470621,3.4191923,GCF_000750955___1754,Negative,0.0018,0.0004
0.776115,6.120434,GCF_000750955___1755,Negative,0.0015,0.0149
1.1360272,8.92455,GCF_000750955___1756,Negative,0.0002,0.3898
1.3008062,8.309397,GCF_000750955___1757,Negative,0.0003,0.1012
0.58381474,7.7861376,GCF_000750955___1758,Negative,0.0059,0.941
13.969418,7.595374,GCF_000750955___1759,Negative,0.0,0.026
1.0891567,7.543184,GCF_000750955___1760,Negative,0.0602,0.0925
0.31258187,8.08129,GCF_000750955___1761,Negative,0.0051,0.3566
11.503785,7.555749,GCF_000750955___1762,Negative,0.0,0.0349
7.5031815,3.5462945,GCF_000750955___1763,Negative,0.001,0.9838
1.463938,7.895189,GCF_000750955___1764,Negative,0.0126,0.3461
12.975643,7.8375072,GCF_000750955___1765,Negative,0.0,0.0155
7.662208,2.9059334,GCF_000750955___1766,Negative,0.0008,0.9991
7.8524914,3.6790416,GCF_000750955___1767,Negative,0.0001,0.9998
0.82764226,4.3178716,GCF_000750955___1768,Negative,0.1987,0.0763
12.535231,6.119125,GCF_000750955___1769,Negative,0.0,0.542
0.7944788,6.000463,GCF_000750955___1770,Negative,0.0094,0.029
0.7556804,6.313248,GCF_000750955___1771,Negative,0.0342,0.4382
1.0053494,7.772713,GCF_000750955___1772,Negative,0.0087,0.9048
0.81383467,6.048925,GCF_000750955___1773,Negative,0.1009,0.0683
0.03307224,4.0911937,GCF_000750955___1774,Negative,0.0337,0.0001
12.652679,8.300979,GCF_000750955___1775,Negative,0.0001,0.0314
13.492794,8.875439,GCF_000750955___1776,Negative,0.0,0.0009
13.365349,8.720973,GCF_000750955___1777,Negative,0.0,0.0005
-0.95527416,3.863785,GCF_000750955___1778,Negative,0.0024,0.0
12.356686,8.699753,GCF_000750955___1779,Negative,0.0001,0.028
7.659882,5.716899,GCF_000750955___1780,Negative,0.0001,0.0917
11.297424,4.885114,GCF_000750955___1781,Negative,0.0001,0.6246
0.80356383,4.5227523,GCF_000750955___1782,Negative,0.3204,0.0013
7.99619,3.64138,GCF_000750955___1783,Negative,0.0001,0.9999
12.569116,5.7840023,GCF_000750955___1784,Negative,0.0,0.3334
12.866977,6.0531435,GCF_000750955___1785,Negative,0.0001,0.1002
13.191062,6.8056903,GCF_000750955___1786,Negative,0.0001,0.0193
12.981252,6.000635,GCF_000750955___1787,Negative,0.0002,0.2923
12.951904,7.5978503,GCF_000750955___1788,Negative,0.0,0.0296
13.5921755,7.952029,GCF_000750955___1789,Negative,0.0,0.0386
8.431846,2.668584,GCF_000750955___1790,Negative,0.0003,0.9956
8.589464,4.438155,GCF_000750955___1791,Negative,0.0,0.9654
8.39101,2.324616,GCF_000750955___1792,Negative,0.0,0.9997
12.720428,6.853288,GCF_000750955___1793,Negative,0.0,0.0897
0.702269,8.461363,GCF_000750955___1794,Negative,0.0004,0.9858
1.0192101,8.699261,GCF_000750955___1795,Negative,0.0002,0.531
13.159452,6.9703846,GCF_000750955___1796,Negative,0.0002,0.081
12.889122,8.220218,GCF_000750955___1797,Negative,0.0,0.0009
4.2112255,3.639321,GCF_000750955___1798,Negative,0.0353,0.9643
13.304616,7.5152683,GCF_000750955___1799,Negative,0.0002,0.1319
0.77108157,4.6331244,GCF_000750955___1800,Negative,0.1217,0.0094
0.88867337,4.5977845,GCF_000750955___1801,Negative,0.2476,0.0398
0.27144304,4.1284184,GCF_000750955___1802,Negative,0.0166,0.0004
14.289485,7.9507227,GCF_000750955___1803,Negative,0.0002,0.0038
12.068743,5.0972986,GCF_000750955___1804,Negative,0.0003,0.8123
13.620806,6.4011545,GCF_000750955___1805,Negative,0.0004,0.0486
12.183192,6.822491,GCF_000750955___1806,Negative,0.0002,0.2004
11.949253,7.7717633,GCF_000750955___1807,Negative,0.0001,0.2537
0.89388853,5.4998355,GCF_000750955___1808,Negative,0.0012,0.0001
14.027623,9.398888,GCF_000750955___1809,Negative,0.0,0.0005
1.0245686,7.8917174,GCF_000750955___1810,Negative,0.0037,0.9425
1.331952,7.6398044,GCF_000750955___1811,Negative,0.0148,0.4217
7.00212,6.0802393,GCF_000750955___1812,Negative,0.0005,0.0065
0.035243962,4.7096114,GCF_000750955___1813,Negative,0.068,0.0
13.770102,6.344908,GCF_000750955___1814,Negative,0.0001,0.0549
7.5040894,2.858298,GCF_000750955___1815,Negative,0.0,0.9998
13.081783,7.732898,GCF_000750955___1816,Negative,0.0,0.0141
-0.90787953,3.7960534,GCF_000750955___1817,Negative,0.0004,0.0
12.945254,5.7962737,GCF_000750955___1818,Negative,0.0003,0.469
13.372288,9.322079,GCF_000750955___1819,Negative,0.0,0.0003
14.246182,7.725299,GCF_000750955___1820,Negative,0.0,0.0069
0.32854143,4.7919526,GCF_000750955___1821,Negative,0.0441,0.0005
14.538984,8.481305,GCF_000750955___1822,Negative,0.0,0.0014
6.760263,2.6355715,GCF_000750955___1823,Negative,0.0108,0.9884
7.388196,5.4434648,GCF_000750955___1824,Negative,0.043,0.363
13.283098,9.491227,GCF_000750955___1825,Negative,0.0,0.0015
7.6099195,3.324874,GCF_000750955___1826,Negative,0.0002,0.9998
1.4842296,8.288304,GCF_000750955___1827,Negative,0.0008,0.2569
13.282953,7.649775,GCF_000750955___1828,Negative,0.0,0.0483
1.2131357,6.695266,GCF_000750955___1829,Negative,0.0009,0.0079
0.81682855,5.7198224,GCF_000750955___1830,Negative,0.0225,0.0013
13.788022,6.0831695,GCF_000750955___1831,Negative,0.0,0.1211
7.600076,3.0273504,GCF_000750955___1832,Negative,0.0049,0.8952
11.45307,5.9744716,GCF_000750955___1833,Negative,0.0002,0.0353
7.938017,3.7813313,GCF_000750955___1834,Negative,0.0024,0.9967
7.8468485,5.861239,GCF_000750955___1835,Negative,0.0,0.0002
13.405103,6.7857833,GCF_000750955___1836,Negative,0.0003,0.3011
8.912612,4.2422347,GCF_000750955___1837,Negative,0.0001,0.9903
11.968728,5.5597644,GCF_000750955___1838,Negative,0.0004,0.3501
8.149628,1.9774156,GCF_000750955___1839,Negative,0.0001,0.9995
13.124309,6.894468,GCF_000750955___1840,Negative,0.0002,0.3369
12.715419,8.133852,GCF_000750955___1841,Negative,0.0002,0.1117
13.7725935,8.23825,GCF_000750955___1842,Negative,0.0,0.0586
14.278965,8.443501,GCF_000750955___1843,Negative,0.0,0.0109
12.706959,8.019853,GCF_000750955___1844,Negative,0.0,0.0159
13.711117,6.823006,GCF_000750955___1845,Negative,0.0001,0.0325
11.789191,5.31716,GCF_000750955___1846,Negative,0.0001,0.0418
14.342348,8.431497,GCF_000750955___1847,Negative,0.0001,0.0117
14.248503,8.750227,GCF_000750955___1848,Negative,0.0,0.0011
13.14445,7.181803,GCF_000750955___1849,Negative,0.0001,0.1357
13.17194,6.8311357,GCF_000750955___1850,Negative,0.0001,0.2244
13.390783,7.973142,GCF_000750955___1851,Negative,0.0,0.0098
14.520324,8.63774,GCF_000750955___1852,Negative,0.0,0.0006
13.331564,6.913404,GCF_000750955___1853,Negative,0.0002,0.4061
12.247348,7.99637,GCF_000750955___1854,Negative,0.0,0.0686
12.684046,6.6191273,GCF_000750955___1855,Negative,0.0001,0.1711
3.7083442,3.8738534,GCF_000750955___1856,Inc-protein,0.9999,0.0
7.7594686,5.820632,GCF_000750955___1857,Negative,0.0,0.0062
0.016277118,7.370373,GCF_000750955___1858,Negative,0.0019,0.0883
7.9771695,5.4302135,GCF_000750955___1859,Negative,0.0001,0.3896
0.4370775,6.789511,GCF_000750955___1860,Negative,0.0182,0.256
-0.0037308545,8.109891,GCF_000750955___1861,Negative,0.0017,0.7273
0.3451009,6.8698163,GCF_000750955___1862,Negative,0.0022,0.1334
7.4600368,5.56117,GCF_000750955___1863,Negative,0.0002,0.7845
0.029965585,7.617026,GCF_000750955___1864,Negative,0.0003,0.0265
0.07899576,7.5570455,GCF_000750955___1865,Negative,0.0001,0.0001
-0.04676398,7.955741,GCF_000750955___1866,Negative,0.0006,0.6531
8.642909,6.6622725,GCF_000750955___1867,Negative,0.0,0.7382
1.0842212,9.547101,GCF_000750955___1868,Negative,0.0,0.8715
13.290739,7.6510377,GCF_000750955___1869,Negative,0.0,0.0014
12.360181,8.9516,GCF_000750955___1870,Negative,0.0,0.0141
0.6369917,6.588544,GCF_000750955___1871,Negative,0.0179,0.3135
12.045852,6.176858,GCF_000750955___1872,Negative,0.0001,0.8861
14.089412,7.722284,GCF_000750955___1873,Negative,0.0002,0.0164
13.15489,5.6300707,GCF_000750955___1874,Negative,0.0,0.2942
5.967808,2.5091848,GCF_000750955___1875,Negative,0.0004,0.9995
5.531244,3.647571,GCF_000750955___1876,Negative,0.0018,0.8186
1.0577382,4.360925,GCF_000750955___1877,Negative,0.7552,0.0007
0.60368335,3.773123,GCF_000750955___1878,Negative,0.5516,0.0005
13.550432,8.031334,GCF_000750955___1879,Negative,0.0,0.0625
13.614181,6.2687125,GCF_000750955___1880,Negative,0.0,0.1912
12.526763,5.9571214,GCF_000750955___1881,Negative,0.0003,0.0768
12.88819,9.305164,GCF_000750955___1882,Negative,0.0,0.0002
7.351406,2.505418,GCF_000750955___1883,Negative,0.0,0.9999
9.239989,4.782939,GCF_000750955___1884,Negative,0.0001,0.9579
14.400843,8.481463,GCF_000750955___1885,Negative,0.0,0.0272
12.594293,7.7749987,GCF_000750955___1886,Negative,0.0,0.0018
8.244092,5.6116157,GCF_000750955___1887,Negative,0.0,0.0416
12.349396,8.94823,GCF_000750955___1888,Negative,0.0,0.0033
-0.7996085,9.583972,GCF_000750955___1889,Negative,0.0295,0.4399
0.5117453,4.6965566,GCF_000750955___1890,Negative,0.2251,0.0005
0.5989642,4.06774,GCF_000750955___1891,Negative,0.1997,0.0015
0.689549,3.8803084,GCF_000750955___1892,Negative,0.3602,0.003
12.382166,7.452643,GCF_000750955___1893,Negative,0.0,0.0092
-0.6923371,4.1608953,GCF_000750955___1894,Negative,0.0022,0.0005
14.29522,8.860588,GCF_000750955___1895,Negative,0.0,0.0066
0.40983665,3.5935783,GCF_000750955___1896,Negative,0.0155,0.0026
0.38081497,3.5529232,GCF_000750955___1897,Negative,0.0647,0.0095
13.493829,9.023046,GCF_000750955___1898,Negative,0.0,0.0002
1.1547148,8.254561,GCF_000750955___1899,Negative,0.0006,0.7317
12.611986,7.3683286,GCF_000750955___1900,Negative,0.0,0.0405
14.052215,8.538013,GCF_000750955___1901,Negative,0.0,0.0004
8.637102,4.582033,GCF_000750955___1902,Negative,0.0002,0.8523
11.415095,4.9069448,GCF_000750955___1903,Negative,0.0,0.996
-0.33016995,4.360451,GCF_000750955___1904,Negative,0.002,0.0001
0.8135366,6.015413,GCF_000750955___1905,Negative,0.0954,0.0307
12.900809,6.8140287,GCF_000750955___1906,Negative,0.0,0.2061
12.036355,5.3793106,GCF_000750955___1907,Negative,0.0001,0.5722
1.2852572,8.687355,GCF_000750955___1908,Negative,0.0002,0.1551
14.356144,7.703786,GCF_000750955___1909,Negative,0.0,0.0526
1.0578225,4.0173473,GCF_000750955___1910,Negative,0.4888,0.0009
-0.5049641,3.8116536,GCF_000750955___1911,Negative,0.0004,0.0
0.08104214,3.7958694,GCF_000750955___1912,Negative,0.062,0.0001
0.15540299,4.1594315,GCF_000750955___1913,Negative,0.0377,0.0007
0.058179203,4.2256193,GCF_000750955___1914,Negative,0.0109,0.0003
13.651449,8.526224,GCF_000750955___1915,Negative,0.0,0.0157
13.569437,6.3341312,GCF_000750955___1916,Negative,0.0,0.1788
12.292168,5.7110376,GCF_000750955___1917,Negative,0.0004,0.751
12.488308,9.077864,GCF_000750955___1918,Negative,0.0,0.0008
13.736231,7.288788,GCF_000750955___1919,Negative,0.0,0.0482
-0.10288777,3.6232417,GCF_000750955___1920,Negative,0.0141,0.0002
8.37653,3.9740038,GCF_000750955___1921,Negative,0.0001,0.9986
8.153279,5.068425,GCF_000750955___1922,Negative,0.0019,0.9634
12.5378,7.742152,GCF_000750955___1923,Negative,0.0001,0.0402
12.577204,5.475186,GCF_000750955___1924,Negative,0.0004,0.2862
13.715841,7.4224668,GCF_000750955___1925,Negative,0.0,0.0221
13.232199,5.905208,GCF_000750955___1926,Negative,0.0001,0.0383
8.358393,4.2627697,GCF_000750955___1927,Negative,0.0,0.9998
14.181861,8.122921,GCF_000750955___1928,Negative,0.0001,0.0166
13.697347,7.068708,GCF_000750955___1929,Negative,0.0001,0.4306
3.9867864,3.6238117,GCF_000750955___1930,Inc-protein,0.9995,0.0002
14.35802,7.3620567,GCF_000750955___1931,Negative,0.0,0.1981
7.9429874,5.05267,GCF_000750955___1932,Negative,0.0001,0.9925
7.966437,4.861416,GCF_000750955___1933,Negative,0.0004,0.9337
8.281226,4.342873,GCF_000750955___1934,Negative,0.0003,0.9863
0.72338194,4.931291,GCF_000750955___1935,Negative,0.1865,0.0002
7.6799097,3.7325025,GCF_000750955___1936,Negative,0.0001,0.9997
13.370148,9.151969,GCF_000750955___1937,Negative,0.0,0.0003
11.494544,5.5954065,GCF_000750955___1938,Negative,0.0002,0.2113
14.154132,7.3934283,GCF_000750955___1939,Negative,0.0,0.0859
-0.8122304,4.515218,GCF_000750955___1940,Negative,0.0001,0.0127
14.076726,7.5580945,GCF_000750955___1941,Negative,0.0001,0.0777
13.61049,5.8237424,GCF_000750955___1942,Negative,0.0001,0.004
12.81127,8.054506,GCF_000750955___1943,Negative,0.0,0.0071
0.6172006,6.712948,GCF_000750955___1944,Negative,0.0207,0.6211
7.844337,2.297897,GCF_000750955___1945,Negative,0.0005,0.9969
8.515788,3.03896,GCF_000750955___1946,Negative,0.0032,0.8897
12.817519,8.532882,GCF_000750955___1947,Negative,0.0,0.0168
13.018489,9.222414,GCF_000750955___1948,Negative,0.0,0.0
12.785414,8.5697,GCF_000750955___1949,Negative,0.0,0.0015
9.045752,4.779643,GCF_000750955___1950,Negative,0.0001,0.9735
12.818857,7.078789,GCF_000750955___1951,Negative,0.0,0.0238
12.190437,6.6289206,GCF_000750955___1952,Negative,0.0005,0.0202
12.14585,5.3717046,GCF_000750955___1953,Negative,0.0004,0.6244
12.569267,6.4925694,GCF_000750955___1954,Negative,0.0,0.0104
11.8152485,6.930565,GCF_000750955___1955,Negative,0.0001,0.0983
12.587577,5.942099,GCF_000750955___1956,Negative,0.0,0.086
12.334722,7.6800933,GCF_000750955___1957,Negative,0.0,0.0017
1.2946216,8.67837,GCF_000750955___1958,Negative,0.0001,0.394
12.413522,5.4361906,GCF_000750955___1959,Negative,0.0001,0.3982
11.853121,8.494203,GCF_000750955___1960,Negative,0.0,0.0008
13.236452,7.4578166,GCF_000750955___1961,Negative,0.0,0.0356
-0.97703856,3.8753474,GCF_000750955___1962,Negative,0.0015,0.0
13.375589,8.742771,GCF_000750955___1963,Negative,0.0,0.0008
13.702855,8.459455,GCF_000750955___1964,Negative,0.0,0.0007
13.347821,9.286572,GCF_000750955___1965,Negative,0.0,0.0005
13.204118,8.275664,GCF_000750955___1966,Negative,0.0,0.0003
12.467336,5.279603,GCF_000750955___1967,Negative,0.0003,0.6418
9.243651,4.6624317,GCF_000750955___1968,Negative,0.0001,0.6324
-0.3401426,3.4187925,GCF_000750955___1969,Negative,0.007,0.0002
8.113,2.1491597,GCF_000750955___1970,Negative,0.0002,0.9973
8.364484,2.2976902,GCF_000750955___1971,Negative,0.0001,0.9952
8.258573,2.1691453,GCF_000750955___1972,Negative,0.0,0.9962
0.45264685,6.8123317,GCF_000750955___1973,Negative,0.0093,0.7036
12.678355,6.892328,GCF_000750955___1974,Negative,0.0001,0.0224
0.4792296,4.6875744,GCF_000750955___1975,Negative,0.0372,0.0012
12.440264,7.7767153,GCF_000750955___1976,Negative,0.0002,0.0373
0.9329851,8.049332,GCF_000750955___1977,Negative,0.0015,0.361
-0.74893886,3.975313,GCF_000750955___1978,Negative,0.0004,0.0
13.217128,7.0263486,GCF_000750955___1979,Negative,0.0,0.0067
14.150826,8.772494,GCF_000750955___1980,Negative,0.0,0.0034
14.374402,8.250826,GCF_000750955___1981,Negative,0.0,0.0074
12.313414,6.11082,GCF_000750955___1982,Negative,0.0003,0.2286
11.91636,6.041031,GCF_000750955___1983,Negative,0.0,0.6943
12.206042,8.163729,GCF_000750955___1984,Negative,0.0,0.003
1.2437242,4.965026,GCF_000750955___1985,Negative,0.2023,0.0002
14.290214,7.9942255,GCF_000750955___1986,Negative,0.0,0.0006
-0.35918972,4.066035,GCF_000750955___1987,Negative,0.0445,0.0008
0.67562413,8.60189,GCF_000750955___1988,Negative,0.0009,0.6554
13.654038,9.045929,GCF_000750955___1989,Negative,0.0,0.0004
-0.32956928,4.328149,GCF_000750955___1990,Negative,0.0014,0.0
1.0222055,8.796678,GCF_000750955___1991,Negative,0.0002,0.4564
0.95899314,8.2344055,GCF_000750955___1992,Negative,0.0015,0.3337
7.1224413,5.9580946,GCF_000750955___1993,Negative,0.0005,0.1948
-0.833866,9.656422,GCF_000750955___1994,Negative,0.0037,0.3087
0.8549988,9.287185,GCF_000750955___1995,Negative,0.0003,0.3177
13.040325,7.148747,GCF_000750955___1996,Negative,0.0001,0.0508
14.429893,7.850147,GCF_000750955___1997,Negative,0.0,0.0227
-0.2059105,3.9738748,GCF_000750955___1998,Negative,0.0973,0.0
0.3094771,4.4250035,GCF_000750955___1999,Negative,0.3182,0.0
13.855052,8.869643,GCF_000750955___2000,Negative,0.0,0.0009
7.766702,5.425094,GCF_000750955___2001,Negative,0.0006,0.1623
-0.9143412,9.780286,GCF_000750955___2002,Negative,0.0003,0.4794
0.4640698,8.703982,GCF_000750955___2003,Negative,0.0027,0.9253
0.65694666,8.245772,GCF_000750955___2004,Negative,0.0009,0.7051
12.061364,6.395567,GCF_000750955___2005,Negative,0.0,0.0823
12.420915,6.0003414,GCF_000750955___2006,Negative,0.0,0.135
8.77241,4.2925,GCF_000750955___2007,Negative,0.0,0.9894
13.800903,8.081796,GCF_000750955___2008,Negative,0.0,0.0117
12.711164,5.707811,GCF_000750955___2009,Negative,0.0,0.2157
12.416306,5.85539,GCF_000750955___2010,Negative,0.0,0.7334
14.119388,9.261447,GCF_000750955___2011,Negative,0.0,0.0013
14.298789,9.40314,GCF_000750955___2012,Negative,0.0,0.005
14.496638,8.550264,GCF_000750955___2013,Negative,0.0,0.0009
14.315069,9.33718,GCF_000750955___2014,Negative,0.0,0.0015
10.8201065,4.9265194,GCF_000750955___2015,Negative,0.0001,0.9976
13.919492,8.969296,GCF_000750955___2016,Negative,0.0,0.0019
13.854434,6.5479546,GCF_000750955___2017,Negative,0.0001,0.082
13.658168,6.9432244,GCF_000750955___2018,Negative,0.0,0.0205
12.843434,8.407041,GCF_000750955___2019,Negative,0.0,0.0023
11.887227,8.081438,GCF_000750955___2020,Negative,0.0,0.0282
0.12855023,4.119772,GCF_000750955___2021,Negative,0.0698,0.0
12.500996,8.415262,GCF_000750955___2022,Negative,0.0001,0.0016
1.1090056,7.6978126,GCF_000750955___2023,Negative,0.0297,0.0435
12.751722,6.4415865,GCF_000750955___2024,Negative,0.0,0.0613
0.6147404,9.162146,GCF_000750955___2025,Negative,0.0001,0.7315
-0.88918054,9.680096,GCF_000750955___2026,Negative,0.001,0.7294
8.078197,3.9689813,GCF_000750955___2027,Negative,0.0226,0.9645
13.21625,9.134507,GCF_000750955___2028,Negative,0.0,0.0001
-0.8694337,9.73197,GCF_000750955___2029,Negative,0.0005,0.361
12.267379,6.0579796,GCF_000750955___2030,Negative,0.0,0.0162
12.455675,6.810751,GCF_000750955___2031,Negative,0.0,0.0064
1.0456866,9.001261,GCF_000750955___2032,Negative,0.0001,0.1969
0.9730872,9.323799,GCF_000750955___2033,Negative,0.0003,0.9691
12.534075,7.3059597,GCF_000750955___2034,Negative,0.0,0.0063
12.50093,6.094558,GCF_000750955___2035,Negative,0.0002,0.0324
12.48608,8.222841,GCF_000750955___2036,Negative,0.0,0.004
3.7697506,4.055224,GCF_000750955___2037,Inc-protein,0.9548,0.0322
13.632345,7.1313963,GCF_000750955___2038,Negative,0.0,0.0796
13.973411,6.869587,GCF_000750955___2039,Negative,0.0,0.021
14.038791,9.530749,GCF_000750955___2040,Negative,0.0,0.0016
13.479486,5.75321,GCF_000750955___2041,Negative,0.0,0.0479
13.883973,7.7500153,GCF_000750955___2042,Negative,0.0,0.0144
1.2270283,8.836431,GCF_000750955___2043,Negative,0.0,0.0041
13.69097,5.8815913,GCF_000750955___2044,Negative,0.0,0.0858
8.141708,5.0343347,GCF_000750955___2045,Negative,0.0003,0.9664
1.3269511,8.554619,GCF_000750955___2046,Negative,0.0006,0.3602
1.3508743,4.2817545,GCF_000750955___2047,Inc-protein,0.8521,0.0241
1.2350298,7.9262657,GCF_000750955___2048,Negative,0.0017,0.1095
13.793037,9.58709,GCF_000750955___2049,Negative,0.0,0.001
13.209786,6.834799,GCF_000750955___2050,Negative,0.0001,0.1398
12.236814,5.901901,GCF_000750955___2051,Negative,0.0001,0.0639
12.646148,8.125143,GCF_000750955___2052,Negative,0.0,0.0549
7.271317,3.0299165,GCF_000750955___2053,Negative,0.0001,0.9996
7.132872,2.4418094,GCF_000750955___2054,Negative,0.0,0.9999
7.904281,2.524402,GCF_000750955___2055,Negative,0.0,0.9995
7.734005,3.1753254,GCF_000750955___2056,Negative,0.0,1.0
0.7159209,9.326956,GCF_000750955___2057,Negative,0.0,0.8499
4.9151917,3.4130208,GCF_000750955___2058,Negative,0.7997,0.1961
9.10959,4.792893,GCF_000750955___2059,Negative,0.0046,0.9285
13.158261,7.5497646,GCF_000750955___2060,Negative,0.0,0.0116
1.36989,8.543937,GCF_000750955___2061,Negative,0.001,0.261
13.409433,8.526306,GCF_000750955___2062,Negative,0.0,0.0002
0.9982964,8.962808,GCF_000750955___2063,Negative,0.0002,0.7544
7.10344,2.8171573,GCF_000750955___2064,Negative,0.0,0.9997
12.638665,9.159993,GCF_000750955___2065,Negative,0.0,0.0008
0.18836017,7.128456,GCF_000750955___2066,Negative,0.0016,0.1687
13.698668,9.2255335,GCF_000750955___2067,Negative,0.0,0.0027
1.3525002,4.355975,GCF_000750955___2068,Negative,0.6144,0.1787
12.544217,7.5265336,GCF_000750955___2069,Negative,0.0,0.0339
7.5810494,2.6732183,GCF_000750955___2070,Negative,0.0001,0.9959
12.474449,8.064472,GCF_000750955___2071,Negative,0.0007,0.3247
4.1056166,3.7746046,GCF_000750955___2072,Negative,0.5758,0.3992
5.1192446,3.3703828,GCF_000750955___2073,Negative,0.2664,0.4519
8.02038,5.2601404,GCF_000750955___2074,Negative,0.0084,0.6714
7.981234,5.2883387,GCF_000750955___2075,Negative,0.0003,0.2042
7.610383,4.1649866,GCF_000750955___2076,Negative,0.0001,0.9984
7.1964636,3.7930439,GCF_000750955___2077,Negative,0.0001,0.8895
12.648686,6.7110324,GCF_000750955___2078,Negative,0.0,0.013
12.203446,6.663392,GCF_000750955___2079,Negative,0.0002,0.2399
13.705689,6.0386524,GCF_000750955___2080,Negative,0.0,0.3637
7.8011365,3.3059149,GCF_000750955___2081,Negative,0.0046,0.9865
-0.7819628,9.593135,GCF_000750955___2082,Negative,0.0292,0.1148
0.7799783,6.798562,GCF_000750955___2083,Negative,0.028,0.7416
13.832897,8.650826,GCF_000750955___2084,Negative,0.0,0.0083
1.2893031,8.799263,GCF_000750955___2085,Negative,0.0001,0.0525
7.468447,3.5844927,GCF_000750955___2086,Negative,0.0001,0.9987
13.047452,6.3308144,GCF_000750955___2087,Negative,0.0003,0.0945
-0.16827576,3.735364,GCF_000750955___2088,Negative,0.0134,0.0001
1.3893204,8.15421,GCF_000750955___2089,Negative,0.0002,0.0711
8.449323,3.0478446,GCF_000750955___2090,Negative,0.0002,0.9996
7.408676,2.9296694,GCF_000750955___2091,Negative,0.0,0.9993
13.23343,7.6182804,GCF_000750955___2092,Negative,0.0,0.1329
13.970183,6.3997154,GCF_000750955___2093,Negative,0.0002,0.5718
8.290237,4.291256,GCF_000750955___2094,Negative,0.001,0.9943
11.406597,5.5003185,GCF_000750955___2095,Negative,0.0017,0.5858
7.5816617,3.667482,GCF_000750955___2096,Negative,0.0,0.9998
13.934306,6.7918315,GCF_000750955___2097,Negative,0.0,0.3334
13.600513,9.395744,GCF_000750955___2098,Negative,0.0,0.003
14.291962,8.541427,GCF_000750955___2099,Negative,0.0,0.0044
13.792188,8.38767,GCF_000750955___2100,Negative,0.0,0.0034
14.420292,9.138347,GCF_000750955___2101,Negative,0.0,0.0017
11.879021,7.6202126,GCF_000750955___2102,Negative,0.0,0.0181
1.1658671,4.095818,GCF_000750955___2103,Inc-protein,0.9274,0.0012
12.647201,5.770377,GCF_000750955___2104,Negative,0.0002,0.5481
0.5429776,6.688478,GCF_000750955___2105,Negative,0.0081,0.1286
13.725514,8.00584,GCF_000750955___2106,Negative,0.0,0.0029
0.6076588,4.1244245,GCF_000750955___2107,Negative,0.3678,0.0034
13.227159,6.3607583,GCF_000750955___2108,Negative,0.0002,0.0851
6.393858,2.5752807,GCF_000750955___2109,Negative,0.0085,0.9915
6.750978,3.5331907,GCF_000750955___2110,Negative,0.0019,0.9563
7.58687,3.5446625,GCF_000750955___2111,Negative,0.001,0.9989
7.6559086,2.5933425,GCF_000750955___2112,Negative,0.0,0.9999
13.56126,7.538373,GCF_000750955___2113,Negative,0.0,0.0222
8.401953,3.8674974,GCF_000750955___2114,Negative,0.0002,0.9989
7.66077,3.0850484,GCF_000750955___2115,Negative,0.0,1.0
14.078556,7.6609306,GCF_000750955___2116,Negative,0.0,0.0929
7.8073115,2.939318,GCF_000750955___2117,Negative,0.0001,0.9995
13.784351,8.883112,GCF_000750955___2118,Negative,0.0,0.0006
1.3979576,8.456187,GCF_000750955___2119,Negative,0.0009,0.5682
1.3509092,8.539657,GCF_000750955___2120,Negative,0.001,0.3869
14.019484,7.516198,GCF_000750955___2121,Negative,0.0,0.0175
13.670026,7.984316,GCF_000750955___2122,Negative,0.0,0.0003
13.677997,8.703559,GCF_000750955___2123,Negative,0.0,0.0005
12.891459,5.934309,GCF_000750955___2124,Negative,0.0013,0.0519
1.2591978,6.6832876,GCF_000750955___2125,Negative,0.0006,0.0087
12.935805,8.351399,GCF_000750955___2126,Negative,0.0,0.0028
-0.033684276,3.8000166,GCF_000750955___2127,Negative,0.0075,0.0002
7.377333,5.7650814,GCF_000750955___2128,Negative,0.0005,0.2469
7.1741347,2.3542895,GCF_000750955___2129,Negative,0.0036,0.9958
1.2318884,6.869325,GCF_000750955___2130,Negative,0.0009,0.0292
1.272474,7.548924,GCF_000750955___2131,Negative,0.0029,0.1348
6.975037,2.348502,GCF_000750955___2132,Negative,0.0002,0.9998
12.977087,6.8479633,GCF_000750955___2133,Negative,0.0,0.1084
12.612283,5.3543563,GCF_000750955___2134,Negative,0.001,0.4863
9.930552,4.917934,GCF_000750955___2135,Negative,0.0001,0.9793
8.651328,3.809784,GCF_000750955___2136,Negative,0.0169,0.7631
7.52116,4.790721,GCF_000750955___2137,Negative,0.0027,0.8953
10.965523,5.209499,GCF_000750955___2138,Negative,0.0006,0.2025
1.4717904,8.176895,GCF_000750955___2139,Negative,0.0015,0.4813
14.033703,9.34352,GCF_000750955___2140,Negative,0.0,0.0068
7.5777698,2.6379473,GCF_000750955___2141,Negative,0.0,0.9996
7.5909705,2.6151674,GCF_000750955___2142,Negative,0.0001,0.9995
-0.09334303,8.097653,GCF_000750955___2143,Negative,0.001,0.8254
-0.10613024,8.367945,GCF_000750955___2144,Negative,0.0004,0.9937
0.6550712,5.2487993,GCF_000750955___2145,Negative,0.0497,0.0108
6.693397,2.539931,GCF_000750955___2146,Negative,0.0,0.9999
0.68197626,4.61024,GCF_000750955___2147,Negative,0.3539,0.0002
12.283798,6.887607,GCF_000750955___2148,Negative,0.0003,0.1944
7.6728053,3.7155793,GCF_000750955___2149,Negative,0.0022,0.9977
0.48681766,8.60924,GCF_000750955___2150,Negative,0.0008,0.6734
1.0405161,7.6925964,GCF_000750955___2151,Negative,0.0066,0.3969
14.194705,8.0282,GCF_000750955___2152,Negative,0.0,0.0204
12.285417,8.10061,GCF_000750955___2153,Negative,0.0001,0.0451
-0.0013916022,3.9188364,GCF_000750955___2154,Negative,0.0466,0.0001
0.5248478,4.727767,GCF_000750955___2155,Negative,0.0739,0.0008
0.65572786,3.7293632,GCF_000750955___2156,Negative,0.071,0.0002
12.470367,5.840844,GCF_000750955___2157,Negative,0.0005,0.3064
0.95320386,8.677615,GCF_000750955___2158,Negative,0.0006,0.691
3.8422008,4.0159645,GCF_000750955___2159,Negative,0.3617,0.6237
12.175753,5.859312,GCF_000750955___2160,Negative,0.0006,0.092
8.651494,6.6923537,GCF_000750955___2161,Negative,0.0001,0.0447
7.967214,5.499594,GCF_000750955___2162,Negative,0.0017,0.6237
8.654166,6.6875544,GCF_000750955___2163,Negative,0.0,0.0006
7.517427,5.296644,GCF_000750955___2164,Negative,0.0002,0.1574
5.8473845,2.601342,GCF_000750955___2165,Negative,0.0007,0.9992
6.3651977,2.6727114,GCF_000750955___2166,Negative,0.0325,0.9675
14.322639,8.088306,GCF_000750955___2167,Negative,0.0,0.0021
12.963761,7.520603,GCF_000750955___2168,Negative,0.0,0.0466
13.877579,6.7817354,GCF_000750955___2169,Negative,0.0,0.0353
12.313852,7.6724434,GCF_000750955___2170,Negative,0.0,0.0133
12.727946,6.0029535,GCF_000750955___2171,Negative,0.0003,0.0043
5.8297815,2.5931242,GCF_000750955___2172,Negative,0.0001,0.9999
13.974161,9.276287,GCF_000750955___2173,Negative,0.0,0.0021
-0.66004634,9.503896,GCF_000750955___2174,Negative,0.0002,0.002
7.280422,2.2654693,GCF_000750955___2175,Negative,0.0001,0.9998
-0.6748169,9.533851,GCF_000750955___2176,Negative,0.0008,0.0096
13.255942,9.302162,GCF_000750955___2177,Negative,0.0,0.0001
13.098644,5.827204,GCF_000750955___2178,Negative,0.0003,0.6054
13.387184,5.807812,GCF_000750955___2179,Negative,0.0015,0.1347
12.75885,8.879916,GCF_000750955___2180,Negative,0.0,0.0042
13.063463,9.034766,GCF_000750955___2181,Negative,0.0,0.0044
11.748223,5.422055,GCF_000750955___2182,Negative,0.0001,0.0425
5.7156353,2.6411269,GCF_000750955___2183,Negative,0.0,1.0
7.0897923,2.7760134,GCF_000750955___2184,Negative,0.0002,0.9965
8.094073,3.9356315,GCF_000750955___2185,Negative,0.0018,0.9868
14.203814,8.682499,GCF_000750955___2186,Negative,0.0,0.0071
6.252824,2.5812805,GCF_000750955___2187,Negative,0.0142,0.9858
8.350906,5.2861576,GCF_000750955___2188,Negative,0.0004,0.0213
7.5384827,5.7677464,GCF_000750955___2189,Negative,0.0001,0.5269
9.940632,5.1545796,GCF_000750955___2190,Negative,0.0001,0.9493
1.0892221,8.744743,GCF_000750955___2191,Negative,0.002,0.5154
8.081631,3.9400113,GCF_000750955___2192,Negative,0.0002,0.9986
1.5696764,7.8660097,GCF_000750955___2193,Negative,0.0004,0.0425
-0.2692092,8.100859,GCF_000750955___2194,Negative,0.0024,0.9944
13.277672,9.075187,GCF_000750955___2195,Negative,0.0,0.0003
14.426693,7.9270763,GCF_000750955___2196,Negative,0.0001,0.0427
7.5289907,5.433242,GCF_000750955___2197,Negative,0.0002,0.7778
8.156648,4.834154,GCF_000750955___2198,Negative,0.0009,0.8917
13.561015,7.4506235,GCF_000750955___2199,Negative,0.0,0.0196
11.947879,5.2257423,GCF_000750955___2200,Negative,0.0003,0.7092
11.228314,6.8746066,GCF_000750955___2201,Negative,0.0001,0.903
7.273425,2.624731,GCF_000750955___2202,Negative,0.0009,0.9991
14.215956,8.637771,GCF_000750955___2203,Negative,0.0,0.0188
11.4603,5.6425114,GCF_000750955___2204,Negative,0.0002,0.7659
12.614299,7.3338003,GCF_000750955___2205,Negative,0.0,0.1125
0.04674086,3.5101976,GCF_000750955___2206,Negative,0.0216,0.0
0.2952188,3.543679,GCF_000750955___2207,Negative,0.1004,0.0001
13.539105,6.8415594,GCF_000750955___2208,Negative,0.0001,0.0274
13.318776,6.4232874,GCF_000750955___2209,Negative,0.0001,0.0371
13.238442,6.40073,GCF_000750955___2210,Negative,0.0,0.0071
12.843922,7.563141,GCF_000750955___2211,Negative,0.0,0.047
13.708998,7.916304,GCF_000750955___2212,Negative,0.0,0.0391
1.0346001,4.0575066,GCF_000750955___2213,Inc-protein,0.9753,0.0006
12.704147,5.5514975,GCF_000750955___2214,Negative,0.0008,0.5926
12.039428,8.1031685,GCF_000750955___2215,Negative,0.0,0.0017
12.373402,5.532712,GCF_000750955___2216,Negative,0.0001,0.2871
0.83207464,6.031222,GCF_000750955___2217,Negative,0.0019,0.0014
12.526946,8.492512,GCF_000750955___2218,Negative,0.0,0.008
13.1365,6.2631936,GCF_000750955___2219,Negative,0.0001,0.0242
14.156313,8.545802,GCF_000750955___2220,Negative,0.0,0.025
13.970558,8.431221,GCF_000750955___2221,Negative,0.0,0.0077
8.315172,2.8864484,GCF_000750955___2222,Negative,0.0016,0.9945
1.9587471,4.3420467,GCF_000750955___2223,Inc-protein,0.9975,0.0012
-0.15372236,3.5655153,GCF_000750955___2224,Negative,0.0083,0.0003
1.1772687,6.6862745,GCF_000750955___2225,Negative,0.0007,0.0213
14.228404,7.648745,GCF_000750955___2226,Negative,0.0,0.0056
-0.5158214,4.1475887,GCF_000750955___2227,Negative,0.0079,0.0002
-0.45437473,3.3218064,GCF_000750955___2228,Negative,0.0014,0.0
7.3299813,2.627724,GCF_000750955___2229,Negative,0.0,1.0
6.786621,2.3276281,GCF_000750955___2230,Negative,0.0,1.0
8.071207,3.742136,GCF_000750955___2231,Negative,0.0,0.9998
13.8785715,7.6034513,GCF_000750955___2232,Negative,0.0,0.0364
13.061757,5.672342,GCF_000750955___2233,Negative,0.0001,0.0592
11.675262,7.30754,GCF_000750955___2234,Negative,0.0,0.111
12.921053,6.654167,GCF_000750955___2235,Negative,0.0001,0.0877
11.6947775,6.319189,GCF_000750955___2236,Negative,0.0001,0.1318
12.472904,7.888321,GCF_000750955___2237,Negative,0.0,0.0011
13.748369,7.650138,GCF_000750955___2238,Negative,0.0,0.0018
7.8405185,4.583352,GCF_000750955___2239,Negative,0.0,0.9985
1.0882505,9.588888,GCF_000750955___2240,Negative,0.0,0.9979
-0.8915409,3.868626,GCF_000750955___2241,Negative,0.001,0.0
-0.979835,3.9296777,GCF_000750955___2242,Negative,0.0004,0.0
13.0714245,8.903266,GCF_000750955___2243,Negative,0.0,0.002
13.463271,8.992747,GCF_000750955___2244,Negative,0.0,0.0001
1.1623096,6.719824,GCF_000750955___2245,Negative,0.0002,0.0018
9.1774435,4.905135,GCF_000750955___2246,Negative,0.0,0.5417
7.866738,4.44477,GCF_000750955___2247,Negative,0.0003,0.9911
14.085416,7.6693015,GCF_000750955___2248,Negative,0.0,0.0116
14.301374,7.773822,GCF_000750955___2249,Negative,0.0,0.0027
13.632931,8.497946,GCF_000750955___2250,Negative,0.0,0.0044
11.797156,6.9520802,GCF_000750955___2251,Negative,0.0,0.0205
13.336253,8.141931,GCF_000750955___2252,Negative,0.0001,0.0011
14.304429,7.4249926,GCF_000750955___2253,Negative,0.0,0.0245
13.798183,7.6600947,GCF_000750955___2254,Negative,0.0,0.0044
11.722789,7.829646,GCF_000750955___2255,Negative,0.0002,0.0513
13.288038,7.3219504,GCF_000750955___2256,Negative,0.0001,0.0903
8.455171,2.9799576,GCF_000750955___2257,Negative,0.0005,0.997
8.473346,2.966915,GCF_000750955___2258,Negative,0.002,0.9689
8.612913,4.2528267,GCF_000750955___2259,Negative,0.0078,0.7916
8.472848,2.9584312,GCF_000750955___2260,Negative,0.0067,0.988
5.4169784,2.949014,GCF_000750955___2261,Negative,0.0067,0.9901
6.6179833,2.487553,GCF_000750955___2262,Negative,0.0001,0.9999
14.432568,7.9470253,GCF_000750955___2263,Negative,0.0002,0.0038
12.827323,5.709373,GCF_000750955___2264,Negative,0.0001,0.702
14.02495,9.138523,GCF_000750955___2265,Negative,0.0,0.0083
14.0516815,8.02539,GCF_000750955___2266,Negative,0.0,0.0119
0.9356119,8.111196,GCF_000750955___2267,Negative,0.0014,0.936
14.197417,8.188089,GCF_000750955___2268,Negative,0.0,0.0066
13.601494,8.801323,GCF_000750955___2269,Negative,0.0,0.0029
12.360691,8.035082,GCF_000750955___2270,Negative,0.0,0.0061
7.572617,4.876328,GCF_000750955___2271,Negative,0.0008,0.995
11.269294,6.60567,GCF_000750955___2272,Negative,0.0001,0.8151
4.693841,3.2867308,GCF_000750955___2273,Inc-protein,0.9985,0.0014
-0.56984395,4.074088,GCF_000750955___2274,Negative,0.0012,0.0
-0.5198425,4.006661,GCF_000750955___2275,Negative,0.0043,0.0
13.52865,7.573869,GCF_000750955___2276,Negative,0.0,0.0344
0.22715975,4.269342,GCF_000750955___2277,Negative,0.5883,0.0001
12.704311,5.6915607,GCF_000750955___2278,Negative,0.0,0.1143
0.5964775,6.673026,GCF_000750955___2279,Negative,0.0112,0.3263
12.983628,5.833552,GCF_000750955___2280,Negative,0.0002,0.1548
6.30421,2.644972,GCF_000750955___2281,Negative,0.0737,0.9262
5.4746885,2.9687974,GCF_000750955___2282,Negative,0.0023,0.9969
12.461692,5.6909976,GCF_000750955___2283,Negative,0.0,0.4121
13.146311,9.492125,GCF_000750955___2284,Negative,0.0,0.0048
5.9404917,2.652124,GCF_000750955___2285,Negative,0.0002,0.9994
0.8018954,3.6146767,GCF_000750955___2286,Negative,0.3679,0.0004
-0.38152602,3.75953,GCF_000750955___2287,Negative,0.0014,0.0
12.81768,7.552922,GCF_000750955___2288,Negative,0.0,0.1582
8.376981,3.8834977,GCF_000750955___2289,Negative,0.0,0.9998
12.602582,5.812733,GCF_000750955___2290,Negative,0.0001,0.3396
13.860572,6.822635,GCF_000750955___2291,Negative,0.0,0.0413
11.835603,8.269223,GCF_000750955___2292,Negative,0.0,0.007
12.859025,8.047735,GCF_000750955___2293,Negative,0.0001,0.0099
14.438876,7.6202273,GCF_000750955___2294,Negative,0.0,0.0046
14.316823,7.802799,GCF_000750955___2295,Negative,0.0,0.0163
14.146137,7.628055,GCF_000750955___2296,Negative,0.0,0.0354
7.1576867,2.7287822,GCF_000750955___2297,Negative,0.0001,0.9998
7.236988,2.7825391,GCF_000750955___2298,Negative,0.0001,0.9991
7.418743,2.5979016,GCF_000750955___2299,Negative,0.0,1.0
7.5483127,2.6404386,GCF_000750955___2300,Negative,0.0001,0.9997
1.544483,8.168684,GCF_000750955___2301,Negative,0.0012,0.1704
12.338869,7.4681115,GCF_000750955___2302,Negative,0.0,0.0088
1.2414589,7.75962,GCF_000750955___2303,Negative,0.0097,0.1638
1.3332075,7.3585596,GCF_000750955___2304,Negative,0.0003,0.5521
-1.0128695,3.906392,GCF_000750955___2305,Negative,0.0006,0.0
13.797241,8.888271,GCF_000750955___2306,Negative,0.0,0.0015
8.224693,4.363377,GCF_000750955___2307,Negative,0.0011,0.9618
7.4733443,2.5479083,GCF_000750955___2308,Negative,0.0022,0.9972
7.1727915,2.518551,GCF_000750955___2309,Negative,0.0,0.9999
5.634776,3.5798473,GCF_000750955___2310,Negative,0.0047,0.7323
7.5162334,2.6539586,GCF_000750955___2311,Negative,0.0014,0.9981
-0.7259304,3.6869998,GCF_000750955___2312,Negative,0.0019,0.0001
0.8198777,9.642465,GCF_000750955___2313,Negative,0.0003,0.9554
-0.3130656,3.3766956,GCF_000750955___2314,Negative,0.011,0.0004
7.9756336,2.0713096,GCF_000750955___2315,Negative,0.0001,0.9999
14.403015,8.562306,GCF_000750955___2316,Negative,0.0,0.0011
12.404579,7.6617017,GCF_000750955___2317,Negative,0.0,0.0011
11.183689,7.040712,GCF_000750955___2318,Negative,0.0001,0.1802
12.652162,7.751146,GCF_000750955___2319,Negative,0.0,0.004
-0.23023376,8.162468,GCF_000750955___2320,Negative,0.003,0.9626
13.168313,6.7983418,GCF_000750955___2321,Negative,0.0001,0.0272
-0.7994575,3.9692693,GCF_000750955___2322,Negative,0.0014,0.0
-0.87885296,9.748345,GCF_000750955___2323,Negative,0.0001,0.4029
10.671594,5.3287234,GCF_000750955___2324,Negative,0.0002,0.8564
13.4429,9.387409,GCF_000750955___2325,Negative,0.0,0.0005
14.07679,6.585593,GCF_000750955___2326,Negative,0.0,0.0647
0.834621,8.6667385,GCF_000750955___2327,Negative,0.001,0.7407
-0.8782172,3.9307625,GCF_000750955___2328,Negative,0.0011,0.0
0.7914095,7.283033,GCF_000750955___2329,Negative,0.0104,0.5388
0.08487268,4.520682,GCF_000750955___2330,Negative,0.0253,0.0
0.20160803,8.343782,GCF_000750955___2331,Negative,0.0013,0.9273
0.090016335,4.639664,GCF_000750955___2332,Negative,0.0123,0.0
11.104507,6.9685736,GCF_000750955___2333,Negative,0.0,0.6928
-0.48988596,4.1828756,GCF_000750955___2334,Negative,0.0681,0.0001
0.041832346,4.5818634,GCF_000750955___2335,Negative,0.0124,0.0002
14.163427,8.942528,GCF_000750955___2336,Negative,0.0,0.0018
14.384995,8.6856575,GCF_000750955___2337,Negative,0.0,0.0042
14.30351,9.401488,GCF_000750955___2338,Negative,0.0,0.0004
12.385625,5.51653,GCF_000750955___2339,Negative,0.0054,0.4293
8.15566,3.4244556,GCF_000750955___2340,Negative,0.0003,0.9995
5.491921,3.5697622,GCF_000750955___2341,Negative,0.0519,0.1833
9.098052,4.963513,GCF_000750955___2342,Negative,0.0022,0.6601
7.6870437,5.908183,GCF_000750955___2343,Negative,0.0,0.0015
-0.20319024,8.0205,GCF_000750955___2344,Negative,0.0005,0.9849
13.789888,8.942753,GCF_000750955___2345,Negative,0.0,0.0003
0.57693595,3.8097513,GCF_000750955___2346,Negative,0.3768,0.0009
0.46054068,4.4789233,GCF_000750955___2347,Negative,0.6462,0.0001
11.466438,5.8084865,GCF_000750955___2348,Negative,0.0,0.6736
-0.15656073,3.6331809,GCF_000750955___2349,Negative,0.0344,0.0
12.6609535,9.134103,GCF_000750955___2350,Negative,0.0,0.0008
13.771339,6.5091734,GCF_000750955___2351,Negative,0.0,0.0261
12.582589,7.7969027,GCF_000750955___2352,Negative,0.0,0.0062
13.649557,7.9545135,GCF_000750955___2353,Negative,0.0,0.0117
12.738872,7.3183694,GCF_000750955___2354,Negative,0.0,0.0381
1.0886563,8.706923,GCF_000750955___2355,Negative,0.0005,0.711
8.228474,3.9964135,GCF_000750955___2356,Negative,0.0007,0.9671
13.420409,5.854782,GCF_000750955___2357,Negative,0.0,0.0163
0.55499995,7.994017,GCF_000750955___2358,Negative,0.0007,0.9977
1.3636578,7.554833,GCF_000750955___2359,Negative,0.0087,0.4478
1.0423177,9.566536,GCF_000750955___2360,Negative,0.0,0.9935
0.83971596,8.305402,GCF_000750955___2361,Negative,0.0089,0.7612
6.4381514,3.3555968,GCF_000750955___2362,Negative,0.0007,0.3437
-0.5693848,4.279413,GCF_000750955___2363,Negative,0.0146,0.0003
12.91133,8.785656,GCF_000750955___2364,Negative,0.0,0.0073
12.7365,8.354546,GCF_000750955___2365,Negative,0.0001,0.0117
14.15598,8.72816,GCF_000750955___2366,Negative,0.0,0.0022
12.818689,6.648425,GCF_000750955___2367,Negative,0.0,0.037
5.8336077,2.5491111,GCF_000750955___2368,Negative,0.0,1.0
-0.17476968,8.014231,GCF_000750955___2369,Negative,0.001,0.9756
12.454286,7.620286,GCF_000750955___2370,Negative,0.0,0.0643
0.5987992,4.2469144,GCF_000750955___2371,Negative,0.2323,0.0064
12.275366,5.4194703,GCF_000750955___2372,Negative,0.0034,0.486
0.2704775,3.7443998,GCF_000750955___2373,Negative,0.0153,0.0001
-0.63981575,4.039768,GCF_000750955___2374,Negative,0.0036,0.0
11.531947,7.0042014,GCF_000750955___2375,Negative,0.0,0.0921
12.727908,7.374921,GCF_000750955___2376,Negative,0.0,0.0123
12.815023,7.6028414,GCF_000750955___2377,Negative,0.0,0.0083
14.478602,7.880104,GCF_000750955___2378,Negative,0.0001,0.0059
12.150627,6.2855496,GCF_000750955___2379,Negative,0.0001,0.103
0.05991588,3.8995688,GCF_000750955___2380,Negative,0.0076,0.0001
13.414574,8.955963,GCF_000750955___2381,Negative,0.0,0.0019
12.566555,7.364049,GCF_000750955___2382,Negative,0.0006,0.1461
7.947611,5.255954,GCF_000750955___2383,Negative,0.0007,0.3718
1.4481859,7.687969,GCF_000750955___2384,Negative,0.0067,0.3242
7.6132793,3.6366422,GCF_000750955___2385,Negative,0.0002,0.9992
7.0292683,6.069364,GCF_000750955___2386,Negative,0.0003,0.0342
0.98292524,8.144173,GCF_000750955___2387,Negative,0.003,0.7192
-0.845626,9.735685,GCF_000750955___2388,Negative,0.0007,0.7038
0.11428937,4.7232833,GCF_000750955___2389,Negative,0.0141,0.0
-0.57529974,3.4409473,GCF_000750955___2390,Negative,0.0063,0.0001
-1.0208632,3.9189126,GCF_000750955___2391,Negative,0.0011,0.0
-0.9522177,3.9328668,GCF_000750955___2392,Negative,0.0005,0.0
1.0475439,9.213604,GCF_000750955___2393,Negative,0.0001,0.1701
9.199204,4.823956,GCF_000750955___2394,Negative,0.0002,0.62
1.022395,8.802978,GCF_000750955___2395,Negative,0.0003,0.4093
12.425408,9.028019,GCF_000750955___2396,Negative,0.0,0.0124
1.5409131,8.095668,GCF_000750955___2397,Negative,0.0005,0.0598
1.6741798,4.8926554,GCF_000750955___2398,Negative,0.7915,0.0001
-0.031868197,7.8497725,GCF_000750955___2399,Negative,0.0043,0.7267
14.183185,9.023928,GCF_000750955___2400,Negative,0.0,0.0119
0.86420083,9.156212,GCF_000750955___2401,Negative,0.0004,0.8837
7.0010695,6.0742326,GCF_000750955___2402,Negative,0.0009,0.0078
4.098554,3.6278825,GCF_000750955___2403,Negative,0.4728,0.5194
12.267432,5.939088,GCF_000750955___2404,Negative,0.0003,0.2727
0.6970985,9.131882,GCF_000750955___2405,Negative,0.0,0.894
1.4139322,8.301888,GCF_000750955___2406,Negative,0.001,0.2399
-0.8209456,9.588049,GCF_000750955___2407,Negative,0.0092,0.3692
9.164179,5.138076,GCF_000750955___2408,Negative,0.0029,0.7268
-0.47797284,4.2061,GCF_000750955___2409,Negative,0.0248,0.0004
1.3385783,8.454233,GCF_000750955___2410,Negative,0.0006,0.1599
13.810025,7.115231,GCF_000750955___2411,Negative,0.0,0.0285
12.377558,8.936986,GCF_000750955___2412,Negative,0.0,0.0071
7.7385664,5.1455398,GCF_000750955___2413,Negative,0.0063,0.9104
7.717153,4.9989414,GCF_000750955___2414,Negative,0.0089,0.9732
8.379389,5.377792,GCF_000750955___2415,Negative,0.0,0.0115
7.885347,5.2944922,GCF_000750955___2416,Negative,0.0003,0.3022
7.8428564,5.074715,GCF_000750955___2417,Negative,0.013,0.2935
6.320046,2.8158245,GCF_000750955___2418,Negative,0.0045,0.9951
7.4934163,5.3520937,GCF_000750955___2419,Negative,0.018,0.4513
-0.836911,9.71639,GCF_000750955___2420,Negative,0.0002,0.2893
7.5549226,5.787458,GCF_000750955___2421,Negative,0.0002,0.0325
8.043459,5.413609,GCF_000750955___2422,Negative,0.0001,0.4362
7.6728754,5.7498884,GCF_000750955___2423,Negative,0.0,0.1079
11.711846,8.521973,GCF_000750955___2424,Negative,0.0,0.0004
8.176261,5.628232,GCF_000750955___2425,Negative,0.0,0.0014
12.848383,9.262192,GCF_000750955___2426,Negative,0.0,0.0006
8.649236,6.681832,GCF_000750955___2427,Negative,0.0,0.0002
0.72659874,10.108781,GCF_000750955___2428,Negative,0.0002,0.2281
0.3464698,8.451677,GCF_000750955___2429,Negative,0.0137,0.9491
