name,pred_class,score,inc.prob,nega.prob,sec.prob,length
GCF_000750955___0,Negative,0.3801,0.5908,0.3801,0.0291,157
GCF_000750955___1,Inc-protein,0.9392,0.9392,0.0044,0.0564,365
GCF_000750955___2,Negative,0.8873,0.0,0.8873,0.1126,489
GCF_000750955___3,Negative,0.8929,0.0002,0.8929,0.1069,447
GCF_000750955___4,Negative,0.9702,0.0,0.9702,0.0298,124
GCF_000750955___5,Negative,0.9335,1e-04,0.9335,0.0665,362
GCF_000750955___6,Negative,0.9838,0.0002,0.9838,0.0159,100
GCF_000750955___7,Negative,0.8749,0.0,0.8749,0.125,227
GCF_000750955___8,Negative,0.8297,0.0015,0.8297,0.1689,789
GCF_000750955___9,Negative,0.4322,0.025,0.4322,0.5427,368
GCF_000750955___10,Negative,0.9216,0.0014,0.0769,0.9216,204
GCF_000750955___11,Negative,0.9059,0.0366,0.0575,0.9059,268
GCF_000750955___12,Negative,0.405,0.0012,0.405,0.5938,265
GCF_000750955___13,Negative,0.987,0.0004,0.0126,0.987,158
GCF_000750955___14,Negative,0.8497,0.0013,0.149,0.8497,253
GCF_000750955___15,Negative,0.8374,0.0004,0.8374,0.1622,38
GCF_000750955___16,Negative,0.7968,0.0014,0.7968,0.2018,198
GCF_000750955___17,Negative,0.9904,1e-04,0.0095,0.9904,378
GCF_000750955___18,Negative,0.7104,1e-04,0.7104,0.2895,234
GCF_000750955___19,Negative,0.9938,0.0,0.0062,0.9938,229
GCF_000750955___20,Negative,0.9675,1e-04,0.9675,0.0324,238
GCF_000750955___21,Negative,0.9989,0.0,0.9989,0.0011,325
GCF_000750955___22,Negative,0.7824,0.0,0.7824,0.2176,265
GCF_000750955___23,Negative,0.7259,0.0,0.7259,0.2741,320
GCF_000750955___24,Negative,0.9952,0.0,0.9952,0.0048,458
GCF_000750955___25,Negative,0.9741,0.0167,0.9741,0.0092,337
GCF_000750955___26,Negative,0.9998,1e-04,0.0,0.9998,739
GCF_000750955___27,Negative,0.9159,1e-04,0.9159,0.084,204
GCF_000750955___28,Negative,0.9863,0.0,0.9863,0.0137,284
GCF_000750955___29,Negative,0.9995,0.0,0.9995,0.0005,153
GCF_000750955___30,Negative,0.7798,0.0,0.7798,0.2202,149
GCF_000750955___31,Negative,0.9127,0.0,0.9127,0.0872,227
GCF_000750955___32,Negative,0.9935,0.0,0.9935,0.0065,873
GCF_000750955___33,Negative,0.3699,0.0035,0.3699,0.6266,278
GCF_000750955___34,Negative,0.8122,0.0004,0.8122,0.1874,340
GCF_000750955___35,Negative,0.8373,0.0004,0.1624,0.8373,461
GCF_000750955___36,Negative,0.9983,0.0,0.9983,0.0017,337
GCF_000750955___37,Negative,0.9982,0.0,0.9982,0.0018,679
GCF_000750955___38,Negative,0.9796,0.0109,0.0094,0.9796,357
GCF_000750955___39,Negative,0.9626,0.0,0.0374,0.9626,388
GCF_000750955___40,Negative,0.9999,0.0,0.0,0.9999,232
GCF_000750955___41,Negative,0.5762,0.4087,0.5762,0.0152,230
GCF_000750955___42,Negative,0.9997,1e-04,0.9997,0.0002,148
GCF_000750955___43,Negative,0.7787,0.2203,0.7787,0.001,214
GCF_000750955___44,Negative,0.9988,0.0003,0.0008,0.9988,875
GCF_000750955___45,Negative,0.9441,1e-04,0.0558,0.9441,151
GCF_000750955___46,Negative,0.878,0.0,0.878,0.1219,475
GCF_000750955___47,Negative,0.9988,0.0,0.9988,0.0012,366
GCF_000750955___48,Negative,0.8927,0.1029,0.8927,0.0045,124
GCF_000750955___49,Negative,0.9934,0.0,0.9934,0.0066,205
GCF_000750955___50,Negative,0.995,0.0,0.005,0.995,194
GCF_000750955___51,Inc-protein,0.9419,0.9419,0.0,0.0581,991
GCF_000750955___52,Negative,0.4964,0.0003,0.4964,0.5033,138
GCF_000750955___53,Negative,0.9955,1e-04,0.0045,0.9955,821
GCF_000750955___54,Negative,0.5008,0.0005,0.5008,0.4987,404
GCF_000750955___55,Negative,0.8699,0.0,0.8699,0.1301,632
GCF_000750955___56,Negative,0.9999,0.0,1e-04,0.9999,1799
GCF_000750955___57,Negative,1.0,0.0,0.0,1.0,771
GCF_000750955___58,Negative,0.9999,0.0,0.0,0.9999,1186
GCF_000750955___59,Negative,0.9999,0.0,0.0,0.9999,2674
GCF_000750955___60,Negative,0.9999,0.0,0.0,0.9999,2870
GCF_000750955___61,Negative,0.9999,1e-04,0.0,0.9999,562
GCF_000750955___62,Negative,0.9999,0.0,0.0,0.9999,1672
GCF_000750955___63,Negative,0.9889,0.0111,0.9889,0.0,459
GCF_000750955___64,Negative,0.9893,0.0,0.9893,0.0107,543
GCF_000750955___65,Negative,0.9466,0.0,0.9466,0.0534,316
GCF_000750955___66,Negative,0.9997,0.0,0.9997,0.0003,190
GCF_000750955___67,Negative,0.7595,0.0062,0.7595,0.2343,68
GCF_000750955___68,Negative,0.9861,0.0,0.9861,0.0139,75
GCF_000750955___69,Negative,0.9905,0.0,0.9905,0.0095,277
GCF_000750955___70,Negative,0.9229,1e-04,0.0771,0.9229,253
GCF_000750955___71,Negative,0.9995,0.0,0.0005,0.9995,309
GCF_000750955___72,Negative,0.915,0.0,0.915,0.085,1101
GCF_000750955___73,Negative,0.9904,1e-04,0.9904,0.0095,873
GCF_000750955___74,Negative,0.998,0.0,0.002,0.998,168
GCF_000750955___75,Negative,0.9998,0.0002,0.9998,0.0,240
GCF_000750955___76,Negative,0.9999,1e-04,0.9999,0.0,213
GCF_000750955___77,Negative,1.0,0.0,1.0,0.0,313
GCF_000750955___78,Negative,0.9992,0.0006,0.9992,0.0002,514
GCF_000750955___79,Negative,0.2954,0.0098,0.2954,0.6948,1696
GCF_000750955___80,Negative,0.9002,0.0015,0.0982,0.9002,317
GCF_000750955___81,Negative,0.9033,0.0002,0.9033,0.0966,222
GCF_000750955___82,Negative,0.9732,0.0002,0.9732,0.0266,230
GCF_000750955___83,Negative,0.9777,0.0223,0.9777,1e-04,354
GCF_000750955___84,Negative,0.9184,1e-04,0.9184,0.0815,372
GCF_000750955___85,Negative,0.9999,1e-04,0.0,0.9999,471
GCF_000750955___86,Negative,0.9573,0.0427,0.9573,0.0,281
GCF_000750955___87,Negative,0.991,0.009,0.991,0.0,131
GCF_000750955___88,Negative,0.9918,0.0,0.9918,0.0082,308
GCF_000750955___89,Negative,0.8691,0.1264,0.8691,0.0045,250
GCF_000750955___90,Negative,0.324,0.0025,0.324,0.6735,457
GCF_000750955___91,Negative,0.9899,0.0003,0.0098,0.9899,133
GCF_000750955___92,Negative,0.9949,0.0049,0.9949,0.0003,380
GCF_000750955___93,Negative,0.977,0.0,0.977,0.023,137
GCF_000750955___94,Negative,0.2536,0.0039,0.2536,0.7425,124
GCF_000750955___95,Negative,0.7882,0.0252,0.7882,0.1865,324
GCF_000750955___96,Negative,0.8887,0.0038,0.1075,0.8887,980
GCF_000750955___97,Negative,0.9833,0.0,0.0167,0.9833,533
GCF_000750955___98,Negative,0.9439,1e-04,0.056,0.9439,481
GCF_000750955___99,Negative,0.9994,0.0,0.0006,0.9994,362
GCF_000750955___100,Negative,0.9527,0.0021,0.9527,0.0452,167
GCF_000750955___101,Negative,0.9585,0.0,0.9585,0.0415,438
GCF_000750955___102,Negative,0.9883,0.0043,0.0074,0.9883,222
GCF_000750955___103,Negative,0.6593,0.0003,0.6593,0.3404,156
GCF_000750955___104,Negative,0.8726,0.0105,0.8726,0.1169,90
GCF_000750955___105,Negative,0.1963,0.0038,0.1963,0.7998,80
GCF_000750955___106,Negative,0.2365,0.0075,0.2365,0.756,671
GCF_000750955___107,Negative,0.6705,0.0002,0.6705,0.3293,130
GCF_000750955___108,Inc-protein,0.9067,0.9067,0.0251,0.0682,347
GCF_000750955___109,Negative,0.9998,1e-04,0.0,0.9998,550
GCF_000750955___110,Negative,0.8403,0.0004,0.1593,0.8403,255
GCF_000750955___111,Negative,0.1038,0.1135,0.1038,0.7828,952
GCF_000750955___112,Negative,0.9812,0.0,0.9812,0.0188,198
GCF_000750955___113,Negative,0.8384,0.0114,0.1502,0.8384,154
GCF_000750955___114,Negative,0.3067,0.0171,0.3067,0.6762,378
GCF_000750955___115,Negative,0.982,1e-04,0.0179,0.982,311
GCF_000750955___116,Negative,0.9989,0.0,0.9989,0.0011,422
GCF_000750955___117,Negative,0.9982,0.0,0.9982,0.0018,207
GCF_000750955___118,Negative,0.3738,0.0003,0.3738,0.6258,439
GCF_000750955___119,Negative,0.2116,0.7839,0.2116,0.0046,264
GCF_000750955___120,Negative,0.9997,1e-04,0.0002,0.9997,383
GCF_000750955___121,Negative,0.2922,1e-04,0.2922,0.7077,230
GCF_000750955___122,Negative,0.5243,0.0,0.5243,0.4756,199
GCF_000750955___123,Negative,0.599,0.0091,0.599,0.3919,354
GCF_000750955___124,Negative,0.1736,0.1266,0.1736,0.6998,187
GCF_000750955___125,Negative,0.9972,0.0009,0.0019,0.9972,624
GCF_000750955___126,Negative,0.9947,0.0,0.9947,0.0053,136
GCF_000750955___127,Negative,0.884,0.115,0.0009,0.884,439
GCF_000750955___128,Inc-protein,0.9967,0.9967,0.0002,0.0032,146
GCF_000750955___129,Negative,0.9237,0.0,0.9237,0.0762,211
GCF_000750955___130,Negative,0.5119,1e-04,0.5119,0.488,148
GCF_000750955___131,Negative,0.9912,0.0,0.9912,0.0088,102
GCF_000750955___132,Negative,0.9726,0.0,0.0273,0.9726,525
GCF_000750955___133,Negative,0.9844,0.0003,0.0153,0.9844,157
GCF_000750955___134,Negative,0.8895,0.0,0.1105,0.8895,988
GCF_000750955___135,Negative,0.2549,0.0,0.2549,0.7451,900
GCF_000750955___136,Negative,0.8525,0.0,0.8525,0.1475,643
GCF_000750955___137,Negative,0.653,0.0,0.653,0.347,189
GCF_000750955___138,Negative,0.968,1e-04,0.968,0.0319,461
GCF_000750955___139,Negative,0.8781,1e-04,0.8781,0.1218,445
GCF_000750955___140,Negative,0.9991,0.0002,0.0007,0.9991,433
GCF_000750955___141,Negative,0.9992,0.0,0.0008,0.9992,447
GCF_000750955___142,Negative,0.9858,0.0,0.9858,0.0142,205
GCF_000750955___143,Negative,0.8849,0.1132,0.8849,0.0019,515
GCF_000750955___144,Negative,0.4561,0.0012,0.4561,0.5426,65
GCF_000750955___145,Negative,0.9937,0.0,0.9937,0.0063,287
GCF_000750955___146,Negative,0.9987,0.0,0.9987,0.0013,461
GCF_000750955___147,Negative,0.3126,0.0003,0.3126,0.6872,346
GCF_000750955___148,Negative,0.3323,0.0045,0.3323,0.6632,288
GCF_000750955___149,Negative,0.9998,0.0,0.9998,0.0002,340
GCF_000750955___150,Negative,0.9984,0.0,0.9984,0.0016,605
GCF_000750955___151,Negative,0.9832,0.0,0.9832,0.0168,637
GCF_000750955___152,Negative,0.8276,1e-04,0.1723,0.8276,204
GCF_000750955___153,Negative,0.9995,0.0003,0.0002,0.9995,482
GCF_000750955___154,Negative,0.9714,0.0002,0.9714,0.0284,116
GCF_000750955___155,Negative,0.9666,0.0002,0.9666,0.0332,474
GCF_000750955___156,Negative,0.9963,0.0,0.9963,0.0037,215
GCF_000750955___157,Negative,0.3746,0.0102,0.3746,0.6152,210
GCF_000750955___158,Negative,0.8742,0.0007,0.8742,0.1251,89
GCF_000750955___159,Negative,0.3241,0.0003,0.3241,0.6756,103
GCF_000750955___160,Negative,0.9546,0.0,0.9546,0.0454,323
GCF_000750955___161,Negative,0.9919,0.0,0.9919,0.0081,146
GCF_000750955___162,Negative,0.9983,0.0,0.9983,0.0017,98
GCF_000750955___163,Negative,0.7788,0.0002,0.7788,0.221,172
GCF_000750955___164,Negative,0.9969,0.0,0.9969,0.0031,276
GCF_000750955___165,Negative,0.7936,0.015,0.7936,0.1914,188
GCF_000750955___166,Negative,0.9782,0.0003,0.0215,0.9782,475
GCF_000750955___167,Negative,0.9858,0.0,0.9858,0.0141,245
GCF_000750955___168,Negative,0.9515,0.0009,0.9515,0.0476,172
GCF_000750955___169,Negative,0.9973,0.0,0.9973,0.0027,186
GCF_000750955___170,Negative,0.9975,1e-04,0.9975,0.0025,141
GCF_000750955___171,Negative,0.9972,0.0025,0.0003,0.9972,644
GCF_000750955___172,Negative,0.9826,0.0,0.9826,0.0174,799
GCF_000750955___173,Negative,0.3163,1e-04,0.3163,0.6837,319
GCF_000750955___174,Negative,0.9897,0.0,0.0103,0.9897,179
GCF_000750955___175,Negative,0.3605,0.0069,0.3605,0.6326,59
GCF_000750955___176,Negative,0.9166,0.0014,0.9166,0.082,61
GCF_000750955___177,Negative,0.5736,0.0002,0.5736,0.4262,274
GCF_000750955___178,Negative,0.9245,0.0,0.9245,0.0755,337
GCF_000750955___179,Negative,0.9952,0.0,0.9952,0.0048,324
GCF_000750955___180,Negative,0.9903,0.0,0.9903,0.0097,106
GCF_000750955___181,Negative,0.9966,0.0,0.9966,0.0034,149
GCF_000750955___182,Negative,0.9087,1e-04,0.9087,0.0912,267
GCF_000750955___183,Negative,0.9945,0.0,0.9945,0.0055,586
GCF_000750955___184,Negative,0.9035,0.0002,0.9035,0.0964,485
GCF_000750955___185,Negative,0.9821,0.0147,0.0032,0.9821,832
GCF_000750955___186,Negative,0.9982,0.0018,0.9982,0.0,460
GCF_000750955___187,Negative,0.977,0.0,0.977,0.0229,1261
GCF_000750955___188,Negative,0.9182,0.002,0.0798,0.9182,346
GCF_000750955___189,Negative,0.7933,0.0002,0.7933,0.2065,200
GCF_000750955___190,Negative,0.7675,0.0002,0.7675,0.2323,139
GCF_000750955___191,Negative,0.8861,0.0002,0.8861,0.1137,138
GCF_000750955___192,Negative,0.8591,0.0086,0.1323,0.8591,477
GCF_000750955___193,Negative,0.9206,0.0,0.9206,0.0794,287
GCF_000750955___194,Negative,0.9234,0.0007,0.0759,0.9234,353
GCF_000750955___195,Negative,0.9035,0.0,0.9035,0.0965,381
GCF_000750955___196,Negative,0.9989,0.0011,0.9989,0.0,140
GCF_000750955___197,Negative,0.9706,0.0208,0.9706,0.0086,555
GCF_000750955___198,Negative,0.9829,0.0,0.9829,0.0171,296
GCF_000750955___199,Negative,0.9999,0.0,0.9999,1e-04,153
GCF_000750955___200,Negative,0.8714,0.0003,0.8714,0.1283,277
GCF_000750955___201,Negative,0.6958,0.0002,0.6958,0.304,310
GCF_000750955___202,Inc-protein,0.9962,0.9962,0.0005,0.0033,245
GCF_000750955___203,Inc-protein,0.9463,0.9463,0.0493,0.0045,226
GCF_000750955___204,Inc-protein,0.9657,0.9657,0.015,0.0193,348
GCF_000750955___205,Negative,0.9928,0.0039,0.9928,0.0033,177
GCF_000750955___206,Inc-protein,0.9953,0.9953,0.0005,0.0042,347
GCF_000750955___207,Negative,0.9995,0.0,0.9995,0.0005,222
GCF_000750955___208,Negative,0.9981,0.0,0.9981,0.0019,230
GCF_000750955___209,Negative,0.9939,1e-04,0.9939,0.006,113
GCF_000750955___210,Negative,0.9986,0.0,0.9986,0.0014,281
GCF_000750955___211,Negative,1.0,0.0,1.0,0.0,87
GCF_000750955___212,Negative,0.9995,0.0,0.9995,0.0005,111
GCF_000750955___213,Negative,0.9996,0.0,0.9996,0.0004,215
GCF_000750955___214,Negative,0.9999,0.0,0.9999,1e-04,136
GCF_000750955___215,Negative,0.9632,1e-04,0.9632,0.0368,69
GCF_000750955___216,Negative,0.998,0.0,0.998,0.002,81
GCF_000750955___217,Negative,0.9993,0.0,0.9993,0.0007,122
GCF_000750955___218,Negative,0.9953,0.0,0.9953,0.0047,122
GCF_000750955___219,Negative,0.9994,0.0,0.9994,0.0006,185
GCF_000750955___220,Negative,0.9986,0.0,0.9986,0.0014,132
GCF_000750955___221,Negative,0.9999,0.0,0.9999,1e-04,179
GCF_000750955___222,Negative,0.9939,0.0,0.9939,0.006,123
GCF_000750955___223,Negative,1.0,0.0,1.0,0.0,164
GCF_000750955___224,Negative,0.9994,0.0,0.9994,0.0006,151
GCF_000750955___225,Negative,0.9984,0.0016,0.9984,0.0,456
GCF_000750955___226,Negative,1.0,0.0,1.0,0.0,122
GCF_000750955___227,Negative,0.9998,0.0,0.9998,0.0002,137
GCF_000750955___228,Negative,0.9943,0.0,0.9943,0.0057,371
GCF_000750955___229,Negative,0.9508,1e-04,0.9508,0.049,142
GCF_000750955___230,Negative,0.9995,0.0,0.9995,0.0005,343
GCF_000750955___231,Negative,0.9997,0.0,0.0003,0.9997,363
GCF_000750955___232,Negative,0.9961,0.0037,0.9961,0.0002,306
GCF_000750955___233,Negative,0.9959,1e-04,0.0039,0.9959,254
GCF_000750955___234,Negative,0.9998,1e-04,1e-04,0.9998,475
GCF_000750955___235,Negative,0.9979,0.0,0.9979,0.0021,503
GCF_000750955___236,Negative,0.9635,1e-04,0.9635,0.0365,212
GCF_000750955___237,Negative,0.7129,0.0,0.7129,0.287,104
GCF_000750955___238,Negative,0.8258,0.0002,0.8258,0.174,480
GCF_000750955___239,Inc-protein,0.9997,0.9997,0.0002,1e-04,124
GCF_000750955___240,Negative,0.9415,0.0002,0.0583,0.9415,97
GCF_000750955___241,Negative,0.8811,0.0004,0.8811,0.1185,89
GCF_000750955___242,Negative,0.8146,0.1355,0.0498,0.8146,495
GCF_000750955___243,Negative,0.9918,0.0,0.9918,0.0082,310
GCF_000750955___244,Negative,0.2261,0.0,0.2261,0.7739,385
GCF_000750955___245,Negative,0.5989,1e-04,0.5989,0.401,633
GCF_000750955___246,Negative,0.9857,0.0015,0.0129,0.9857,101
GCF_000750955___247,Negative,0.8884,0.0126,0.8884,0.099,215
GCF_000750955___248,Negative,0.9931,0.0,0.9931,0.0069,135
GCF_000750955___249,Negative,0.9825,0.0174,0.9825,1e-04,598
GCF_000750955___250,Negative,0.9786,1e-04,0.0213,0.9786,225
GCF_000750955___251,Negative,0.9282,0.0702,0.9282,0.0016,494
GCF_000750955___252,Negative,0.9789,1e-04,0.021,0.9789,242
GCF_000750955___253,Negative,0.9994,0.0003,0.0003,0.9994,434
GCF_000750955___254,Negative,0.9064,0.0915,0.9064,0.0021,398
GCF_000750955___255,Negative,0.9965,0.0,0.9965,0.0035,343
GCF_000750955___256,Negative,0.981,0.0,0.981,0.019,509
GCF_000750955___257,Negative,0.9999,1e-04,0.0,0.9999,778
GCF_000750955___258,Negative,0.9432,0.0002,0.0567,0.9432,255
GCF_000750955___259,Inc-protein,0.942,0.942,0.0568,0.0011,191
GCF_000750955___260,Negative,0.3684,0.0002,0.3684,0.6313,254
GCF_000750955___261,Negative,0.9999,0.0,1e-04,0.9999,1152
GCF_000750955___262,Negative,0.9999,0.0,0.0,0.9999,1026
GCF_000750955___263,Negative,1.0,0.0,0.0,1.0,1084
GCF_000750955___264,Negative,0.9999,0.0,0.0,0.9999,1091
GCF_000750955___265,Negative,0.9999,0.0,0.0,0.9999,1160
GCF_000750955___266,Negative,1.0,0.0,0.0,1.0,1070
GCF_000750955___267,Negative,1.0,0.0,0.0,1.0,1086
GCF_000750955___268,Negative,0.9999,1e-04,0.0,0.9999,1084
GCF_000750955___269,Negative,0.9873,0.0004,0.0123,0.9873,616
GCF_000750955___270,Negative,0.9442,1e-04,0.9442,0.0557,238
GCF_000750955___271,Negative,0.8314,0.0021,0.8314,0.1665,342
GCF_000750955___272,Negative,0.6783,0.0,0.6783,0.3217,164
GCF_000750955___273,Negative,0.7242,0.0002,0.7242,0.2757,337
GCF_000750955___274,Negative,0.9542,0.0002,0.9542,0.0456,334
GCF_000750955___275,Negative,0.6825,0.0,0.6825,0.3174,308
GCF_000750955___276,Negative,0.9734,0.0,0.9734,0.0266,300
GCF_000750955___277,Negative,0.4833,1e-04,0.4833,0.5166,508
GCF_000750955___278,Negative,0.9776,0.0003,0.9776,0.0222,132
GCF_000750955___279,Negative,0.9067,0.0544,0.9067,0.039,166
GCF_000750955___280,Negative,0.4283,0.5713,0.4283,0.0005,151
GCF_000750955___281,Negative,0.9907,0.0,0.9907,0.0093,249
GCF_000750955___282,Negative,0.8679,0.1315,0.8679,0.0006,168
GCF_000750955___283,Negative,0.9992,0.0,0.9992,0.0008,388
GCF_000750955___284,Negative,0.9972,0.0028,0.9972,0.0,233
GCF_000750955___285,Negative,0.9994,0.0004,0.9994,0.0002,715
GCF_000750955___286,Negative,0.9965,0.0,0.9965,0.0035,129
GCF_000750955___287,Negative,0.5864,0.0002,0.5864,0.4133,349
GCF_000750955___288,Negative,0.9892,0.0104,0.9892,0.0004,312
GCF_000750955___289,Negative,0.9491,0.0503,0.9491,0.0006,453
GCF_000750955___290,Negative,0.8097,0.0041,0.8097,0.1862,220
GCF_000750955___291,Negative,0.3264,0.666,0.3264,0.0076,253
GCF_000750955___292,Negative,0.9982,0.0,0.9982,0.0017,390
GCF_000750955___293,Negative,0.9924,0.0,0.9924,0.0076,37
GCF_000750955___294,Negative,0.9252,1e-04,0.0748,0.9252,482
GCF_000750955___295,Inc-protein,0.875,0.875,0.0228,0.1022,197
GCF_000750955___296,Negative,0.8919,0.1079,0.0002,0.8919,200
GCF_000750955___297,Negative,0.9983,0.0002,0.0016,0.9983,175
GCF_000750955___298,Negative,0.7659,0.1761,0.7659,0.058,453
GCF_000750955___299,Negative,0.8815,0.0023,0.1163,0.8815,273
GCF_000750955___300,Negative,0.9605,0.0023,0.9605,0.0371,490
GCF_000750955___301,Negative,0.9138,0.086,0.9138,0.0002,705
GCF_000750955___302,Negative,0.9612,0.0,0.9612,0.0388,1347
GCF_000750955___303,Negative,0.6148,0.0002,0.6148,0.385,299
GCF_000750955___304,Negative,0.9681,0.0027,0.0292,0.9681,268
GCF_000750955___305,Negative,0.9971,0.0028,0.9971,1e-04,379
GCF_000750955___306,Inc-protein,0.9682,0.9682,0.0244,0.0074,122
GCF_000750955___307,Negative,0.8198,0.0067,0.8198,0.1735,140
GCF_000750955___308,Negative,0.8199,0.0,0.8199,0.1801,280
GCF_000750955___309,Negative,0.839,0.1592,0.839,0.0018,466
GCF_000750955___310,Negative,0.9993,0.0,0.9993,0.0007,327
GCF_000750955___311,Negative,0.9936,0.0064,0.9936,0.0,263
GCF_000750955___312,Negative,0.9874,0.0125,0.9874,0.0,237
GCF_000750955___313,Negative,0.9994,0.0,0.9994,0.0006,378
GCF_000750955___314,Negative,0.5891,1e-04,0.5891,0.4107,172
GCF_000750955___315,Negative,0.5469,1e-04,0.5469,0.4529,147
GCF_000750955___316,Negative,0.9977,0.0,0.9977,0.0023,352
GCF_000750955___317,Negative,0.9722,0.0,0.9722,0.0278,259
GCF_000750955___318,Negative,0.8703,0.0136,0.1161,0.8703,358
GCF_000750955___319,Negative,0.995,0.005,0.995,0.0,240
GCF_000750955___320,Negative,0.9938,0.0008,0.9938,0.0054,147
GCF_000750955___321,Negative,0.9036,0.0956,0.9036,0.0008,306
GCF_000750955___322,Negative,0.938,0.0202,0.938,0.0417,260
GCF_000750955___323,Negative,0.9805,0.0194,0.9805,1e-04,457
GCF_000750955___324,Negative,0.9532,0.0,0.9532,0.0468,126
GCF_000750955___325,Negative,0.9997,0.0002,0.9997,0.0,672
GCF_000750955___326,Negative,0.9927,0.0,0.9927,0.0073,432
GCF_000750955___327,Negative,0.9896,0.0,0.9896,0.0104,354
GCF_000750955___328,Negative,0.9926,0.0048,0.9926,0.0026,604
GCF_000750955___329,Negative,0.8052,1e-04,0.8052,0.1947,738
GCF_000750955___330,Negative,0.9336,0.0,0.9336,0.0664,175
GCF_000750955___331,Negative,0.8193,0.0,0.1807,0.8193,491
GCF_000750955___332,Negative,0.9477,0.0,0.9477,0.0523,139
GCF_000750955___333,Negative,0.9976,0.0,0.9976,0.0024,354
GCF_000750955___334,Negative,0.9762,0.0,0.9762,0.0238,413
GCF_000750955___335,Negative,0.9851,0.0,0.9851,0.0149,161
GCF_000750955___336,Negative,0.9906,0.0,0.9906,0.0094,317
GCF_000750955___337,Negative,0.9985,0.0,0.9985,0.0015,1067
GCF_000750955___338,Negative,0.9423,1e-04,0.9423,0.0577,372
GCF_000750955___339,Negative,0.9793,0.0,0.9793,0.0207,470
GCF_000750955___340,Negative,0.9946,0.0005,0.0049,0.9946,337
GCF_000750955___341,Negative,0.7556,1e-04,0.7556,0.2443,129
GCF_000750955___342,Negative,0.812,1e-04,0.812,0.188,131
GCF_000750955___343,Negative,0.86,0.0003,0.1397,0.86,211
GCF_000750955___344,Negative,0.9996,0.0003,0.9996,0.0,51
GCF_000750955___345,Negative,0.9977,0.0,0.9977,0.0023,60
GCF_000750955___346,Negative,0.9838,0.0,0.9838,0.0162,64
GCF_000750955___347,Negative,0.9991,0.0,0.0009,0.9991,331
GCF_000750955___348,Negative,0.9941,0.0,0.0059,0.9941,326
GCF_000750955___349,Negative,0.985,0.0,0.015,0.985,324
GCF_000750955___350,Negative,0.9702,0.0,0.9702,0.0298,102
GCF_000750955___351,Negative,0.9943,0.0,0.0057,0.9943,324
GCF_000750955___352,Negative,0.8271,1e-04,0.8271,0.1729,207
GCF_000750955___353,Negative,0.9988,0.0,0.0012,0.9988,329
GCF_000750955___354,Negative,0.9997,0.0002,1e-04,0.9997,425
GCF_000750955___355,Negative,0.8648,0.0,0.8648,0.1351,88
GCF_000750955___356,Negative,0.9783,0.0,0.9783,0.0216,215
GCF_000750955___357,Negative,0.5742,0.4257,0.5742,1e-04,518
GCF_000750955___358,Negative,0.5541,0.4453,0.5541,0.0006,414
GCF_000750955___359,Negative,0.2049,1e-04,0.2049,0.795,151
GCF_000750955___360,Negative,0.9928,0.0,0.9928,0.0071,52
GCF_000750955___361,Negative,0.9991,0.0002,0.0007,0.9991,505
GCF_000750955___362,Negative,0.9961,0.0002,0.0038,0.9961,561
GCF_000750955___363,Negative,0.9998,0.0002,0.9998,0.0,401
GCF_000750955___364,Negative,0.9799,0.0013,0.0188,0.9799,389
GCF_000750955___365,Negative,0.9677,0.0,0.9677,0.0322,346
GCF_000750955___366,Negative,0.9982,0.0,0.9982,0.0018,39
GCF_000750955___367,Negative,0.3148,0.0021,0.3148,0.6831,60
GCF_000750955___368,Negative,0.667,0.0011,0.667,0.332,293
GCF_000750955___369,Negative,0.9762,0.002,0.9762,0.0218,427
GCF_000750955___370,Negative,0.9668,1e-04,0.9668,0.0331,433
GCF_000750955___371,Negative,0.5317,0.0004,0.5317,0.4678,134
GCF_000750955___372,Negative,0.9468,1e-04,0.9468,0.0532,331
GCF_000750955___373,Negative,0.9996,0.0003,1e-04,0.9996,832
GCF_000750955___374,Negative,0.9274,0.0014,0.0712,0.9274,152
GCF_000750955___375,Negative,0.7187,1e-04,0.7187,0.2812,278
GCF_000750955___376,Negative,0.9845,0.0004,0.9845,0.0151,365
GCF_000750955___377,Negative,0.9988,0.0,0.9988,0.0012,256
GCF_000750955___378,Negative,0.8573,1e-04,0.8573,0.1426,938
GCF_000750955___379,Negative,0.9873,0.0,0.9873,0.0127,134
GCF_000750955___380,Negative,0.9915,0.0083,0.9915,1e-04,292
GCF_000750955___381,Negative,0.9243,1e-04,0.9243,0.0757,49
GCF_000750955___382,Negative,0.9546,0.0032,0.9546,0.0422,166
GCF_000750955___383,Negative,0.9952,0.0,0.9952,0.0047,118
GCF_000750955___384,Negative,0.926,0.0002,0.926,0.0738,90
GCF_000750955___385,Negative,0.9946,0.0,0.9946,0.0054,264
GCF_000750955___386,Negative,0.9998,0.0,0.9998,0.0002,66
GCF_000750955___387,Negative,0.9994,0.0,0.9994,0.0006,212
GCF_000750955___388,Negative,0.9936,0.0,0.9936,0.0064,323
GCF_000750955___389,Negative,0.9948,0.0,0.9948,0.0052,642
GCF_000750955___390,Negative,0.2954,1e-04,0.2954,0.7045,360
GCF_000750955___391,Negative,0.9108,0.0015,0.0877,0.9108,318
GCF_000750955___392,Negative,0.989,0.0,0.989,0.011,359
GCF_000750955___393,Negative,0.5383,0.0007,0.5383,0.461,462
GCF_000750955___394,Negative,0.702,1e-04,0.702,0.2979,297
GCF_000750955___395,Negative,0.9737,0.0263,0.9737,0.0,578
GCF_000750955___396,Negative,0.8003,0.0003,0.8003,0.1994,260
GCF_000750955___397,Negative,0.998,0.0,0.998,0.002,161
GCF_000750955___398,Negative,0.4559,0.0002,0.4559,0.5439,347
GCF_000750955___399,Negative,0.9911,0.0,0.9911,0.0088,303
GCF_000750955___400,Negative,0.457,0.5423,0.457,0.0007,29
GCF_000750955___401,Negative,0.3606,0.0,0.3606,0.6394,694
GCF_000750955___402,Negative,0.9996,0.0004,0.9996,0.0,552
GCF_000750955___403,Negative,0.3048,0.0053,0.3048,0.69,357
GCF_000750955___404,Negative,0.9424,0.0002,0.9424,0.0574,209
GCF_000750955___405,Negative,0.9979,0.0017,0.9979,0.0004,498
GCF_000750955___406,Negative,0.9908,0.0011,0.008,0.9908,381
GCF_000750955___407,Negative,0.9984,0.0,0.9984,0.0016,284
GCF_000750955___408,Negative,0.7528,0.0002,0.7528,0.2469,267
GCF_000750955___409,Negative,0.5963,0.0,0.5963,0.4037,819
GCF_000750955___410,Negative,0.9823,0.0,0.9823,0.0177,468
GCF_000750955___411,Negative,0.6558,0.0007,0.6558,0.3435,184
GCF_000750955___412,Negative,0.4305,0.0032,0.4305,0.5663,128
GCF_000750955___413,Negative,0.9081,0.0655,0.9081,0.0264,133
GCF_000750955___414,Negative,0.9893,0.0105,0.9893,0.0002,473
GCF_000750955___415,Negative,0.5493,0.0003,0.5493,0.4504,256
GCF_000750955___416,Negative,0.9858,0.0,0.9858,0.0142,271
GCF_000750955___417,Negative,0.9519,0.0,0.9519,0.0481,600
GCF_000750955___418,Negative,0.9795,0.0205,0.9795,0.0,165
GCF_000750955___419,Negative,0.9995,0.0002,0.0003,0.9995,374
GCF_000750955___420,Negative,0.8818,0.0003,0.8818,0.1179,347
GCF_000750955___421,Negative,0.4082,0.0046,0.4082,0.5871,191
GCF_000750955___422,Negative,0.6947,1e-04,0.6947,0.3052,141
GCF_000750955___423,Negative,0.9988,0.0,0.9988,0.0012,412
GCF_000750955___424,Negative,0.9996,0.0004,0.9996,0.0,400
GCF_000750955___425,Negative,0.998,0.002,0.998,0.0,86
GCF_000750955___426,Negative,0.9926,0.0,0.9926,0.0074,201
GCF_000750955___427,Negative,0.2241,1e-04,0.2241,0.7758,493
GCF_000750955___428,Negative,0.9754,0.0,0.9754,0.0246,659
GCF_000750955___429,Negative,0.9952,0.0,0.9952,0.0048,1107
GCF_000750955___430,Negative,0.9787,0.0,0.9787,0.0213,638
GCF_000750955___431,Negative,0.9932,0.0,0.9932,0.0068,133
GCF_000750955___432,Negative,0.8913,1e-04,0.8913,0.1086,192
GCF_000750955___433,Negative,0.801,1e-04,0.801,0.1989,122
GCF_000750955___434,Negative,0.5836,0.0005,0.5836,0.4159,298
GCF_000750955___435,Negative,0.999,1e-04,0.0009,0.999,427
GCF_000750955___436,Negative,0.999,0.0009,1e-04,0.999,648
GCF_000750955___437,Negative,0.9178,0.0008,0.9178,0.0814,241
GCF_000750955___438,Negative,0.9997,0.0003,0.9997,0.0,357
GCF_000750955___439,Negative,0.9999,0.0,1e-04,0.9999,341
GCF_000750955___440,Negative,0.9986,0.0,0.0014,0.9986,392
GCF_000750955___441,Negative,0.9981,0.0,0.0019,0.9981,409
GCF_000750955___442,Negative,0.9992,0.0004,0.9992,0.0004,150
GCF_000750955___443,Negative,0.896,0.0,0.896,0.1039,225
GCF_000750955___444,Negative,0.8859,0.0019,0.1122,0.8859,151
GCF_000750955___445,Negative,0.99,0.0,0.99,0.01,754
GCF_000750955___446,Negative,0.9977,0.0002,0.9977,0.0021,48
GCF_000750955___447,Negative,0.9635,0.0,0.9635,0.0365,376
GCF_000750955___448,Negative,0.3331,0.001,0.3331,0.6659,162
GCF_000750955___449,Negative,0.9823,0.0,0.9823,0.0177,243
GCF_000750955___450,Negative,0.9998,1e-04,1e-04,0.9998,518
GCF_000750955___451,Negative,0.9978,0.0,0.9978,0.0022,493
GCF_000750955___452,Negative,0.9315,0.0,0.9315,0.0685,412
GCF_000750955___453,Negative,0.902,0.0,0.902,0.098,248
GCF_000750955___454,Negative,0.9991,0.0,0.9991,0.0009,538
GCF_000750955___455,Negative,0.9634,0.0008,0.0359,0.9634,234
GCF_000750955___456,Negative,0.9859,0.0094,0.0048,0.9859,264
GCF_000750955___457,Negative,0.9971,0.0,0.9971,0.0029,606
GCF_000750955___458,Negative,0.9998,0.0,0.9998,0.0002,466
GCF_000750955___459,Negative,0.8839,0.0,0.8839,0.1161,263
GCF_000750955___460,Negative,0.9996,1e-04,0.0003,0.9996,929
GCF_000750955___461,Negative,0.0108,0.3014,0.0108,0.6879,809
GCF_000750955___462,Inc-protein,0.9995,0.9995,0.0004,1e-04,118
GCF_000750955___463,Negative,0.3596,0.0029,0.3596,0.6375,200
GCF_000750955___464,Negative,1.0,0.0,0.0,1.0,1096
GCF_000750955___465,Negative,0.873,0.0,0.127,0.873,1121
GCF_000750955___466,Negative,0.9967,0.0011,0.0022,0.9967,374
GCF_000750955___467,Negative,0.736,0.0004,0.736,0.2636,360
GCF_000750955___468,Negative,0.8708,1e-04,0.8708,0.1292,349
GCF_000750955___469,Negative,0.994,0.0,0.994,0.0059,179
GCF_000750955___470,Negative,0.9996,0.0,0.9996,0.0004,249
GCF_000750955___471,Negative,0.9477,0.0045,0.9477,0.0478,72
GCF_000750955___472,Negative,0.9931,0.0,0.9931,0.0069,354
GCF_000750955___473,Negative,0.9968,0.0,0.9968,0.0032,385
GCF_000750955___474,Negative,0.9388,0.0005,0.9388,0.0608,468
GCF_000750955___475,Negative,0.9999,1e-04,0.0,0.9999,644
GCF_000750955___476,Negative,0.9998,1e-04,1e-04,0.9998,738
GCF_000750955___477,Negative,0.8883,0.0002,0.8883,0.1115,509
GCF_000750955___478,Inc-protein,0.9893,0.9893,1e-04,0.0106,217
GCF_000750955___479,Inc-protein,0.9856,0.9856,1e-04,0.0142,246
GCF_000750955___480,Negative,0.9983,0.0016,0.9983,1e-04,419
GCF_000750955___481,Negative,0.9879,0.0,0.9879,0.012,382
GCF_000750955___482,Negative,0.8698,0.1158,0.8698,0.0144,332
GCF_000750955___483,Negative,0.8139,0.1835,0.8139,0.0027,376
GCF_000750955___484,Inc-protein,0.995,0.995,0.0046,0.0004,106
GCF_000750955___485,Negative,0.3822,1e-04,0.3822,0.6177,440
GCF_000750955___486,Negative,0.9977,0.0007,0.9977,0.0016,918
GCF_000750955___487,Negative,0.997,0.0,0.997,0.003,706
GCF_000750955___488,Negative,0.9891,1e-04,0.9891,0.0108,89
GCF_000750955___489,Negative,0.4889,0.0012,0.4889,0.5099,119
GCF_000750955___490,Negative,0.982,0.0003,0.0176,0.982,232
GCF_000750955___491,Negative,0.9509,1e-04,0.9509,0.049,179
GCF_000750955___492,Negative,0.7727,0.0008,0.7727,0.2265,79
GCF_000750955___493,Inc-protein,0.9998,0.9998,0.0002,1e-04,218
GCF_000750955___494,Negative,0.8481,0.1519,0.0,0.8481,752
GCF_000750955___495,Negative,0.9599,0.0,0.0401,0.9599,164
GCF_000750955___496,Negative,0.9967,0.0024,0.001,0.9967,367
GCF_000750955___497,Negative,0.5939,0.4056,0.5939,0.0005,297
GCF_000750955___498,Negative,0.2884,0.0073,0.2884,0.7042,289
GCF_000750955___499,Negative,0.0026,0.734,0.0026,0.2634,134
GCF_000750955___500,Negative,0.8334,0.0008,0.8334,0.1658,122
GCF_000750955___501,Negative,0.9744,1e-04,0.9744,0.0255,610
GCF_000750955___502,Negative,0.9994,0.0005,0.0,0.9994,488
GCF_000750955___503,Negative,0.9999,1e-04,0.0,0.9999,376
GCF_000750955___504,Negative,0.9999,1e-04,0.0,0.9999,538
GCF_000750955___505,Negative,0.9536,0.0447,0.9536,0.0017,324
GCF_000750955___506,Negative,0.9931,0.0,0.0069,0.9931,544
GCF_000750955___507,Negative,0.9964,0.0,0.9964,0.0035,168
GCF_000750955___508,Negative,0.9985,0.0,0.9985,0.0014,118
GCF_000750955___509,Negative,0.9846,0.0,0.9846,0.0154,342
GCF_000750955___510,Negative,0.4976,1e-04,0.4976,0.5023,298
GCF_000750955___511,Negative,0.5766,0.0004,0.5766,0.423,359
GCF_000750955___512,Negative,0.9967,0.0,0.9967,0.0033,433
GCF_000750955___513,Negative,0.9373,0.0017,0.061,0.9373,181
GCF_000750955___514,Negative,0.9939,0.0002,0.0058,0.9939,1613
GCF_000750955___515,Negative,0.9147,0.0012,0.0841,0.9147,327
GCF_000750955___516,Negative,0.44,0.0005,0.44,0.5595,633
GCF_000750955___517,Negative,0.9992,0.0,0.9992,0.0008,334
GCF_000750955___518,Negative,0.9999,0.0,1e-04,0.9999,619
GCF_000750955___519,Negative,0.9043,1e-04,0.9043,0.0956,399
GCF_000750955___520,Negative,0.9995,0.0,0.9995,0.0005,565
GCF_000750955___521,Negative,0.9794,0.0,0.9794,0.0205,109
GCF_000750955___522,Negative,0.834,1e-04,0.834,0.1659,497
GCF_000750955___523,Negative,0.4224,0.172,0.4224,0.4056,147
GCF_000750955___524,Negative,0.872,0.0608,0.0672,0.872,141
GCF_000750955___525,Negative,0.6719,0.0,0.6719,0.3281,254
GCF_000750955___526,Negative,0.9622,0.0002,0.0375,0.9622,139
GCF_000750955___527,Negative,0.9232,1e-04,0.9232,0.0766,144
GCF_000750955___528,Negative,0.868,1e-04,0.868,0.1319,176
GCF_000750955___529,Negative,0.9359,0.0639,0.9359,0.0002,135
GCF_000750955___530,Negative,0.8979,0.0,0.8979,0.1021,388
GCF_000750955___531,Negative,0.9125,1e-04,0.9125,0.0874,413
GCF_000750955___532,Negative,0.9868,0.0,0.9868,0.0132,654
GCF_000750955___533,Negative,0.9951,0.0,0.9951,0.0049,83
GCF_000750955___534,Negative,0.9916,0.0,0.9916,0.0084,313
GCF_000750955___535,Negative,0.9992,0.0002,0.0006,0.9992,1213
GCF_000750955___536,Negative,0.9919,0.0,0.9919,0.0081,689
GCF_000750955___537,Negative,0.9866,0.0,0.9866,0.0134,346
GCF_000750955___538,Negative,0.8553,0.0002,0.1445,0.8553,288
GCF_000750955___539,Negative,0.9989,0.0,0.9989,0.0011,338
GCF_000750955___540,Negative,0.9961,0.0039,0.9961,0.0,438
GCF_000750955___541,Negative,0.8915,0.0054,0.1031,0.8915,175
GCF_000750955___542,Negative,0.9897,0.0,0.9897,0.0103,168
GCF_000750955___543,Negative,0.0004,0.606,0.0004,0.3936,324
GCF_000750955___544,Negative,0.0053,0.3573,0.0053,0.6375,270
GCF_000750955___545,Negative,0.9678,0.0,0.9678,0.0322,232
GCF_000750955___546,Negative,0.597,0.4026,0.597,0.0004,490
GCF_000750955___547,Negative,0.6893,0.0677,0.6893,0.243,629
GCF_000750955___548,Negative,0.8149,0.0006,0.1845,0.8149,249
GCF_000750955___549,Negative,0.3453,0.0007,0.3453,0.654,361
GCF_000750955___550,Negative,0.8173,0.0005,0.1822,0.8173,512
GCF_000750955___551,Negative,0.5522,0.0009,0.5522,0.4469,300
GCF_000750955___552,Negative,0.791,1e-04,0.791,0.2089,367
GCF_000750955___553,Negative,0.7495,1e-04,0.7495,0.2504,370
GCF_000750955___554,Negative,0.2224,0.001,0.2224,0.7766,190
GCF_000750955___555,Negative,0.9951,0.0035,0.0013,0.9951,389
GCF_000750955___556,Negative,0.9982,0.0017,1e-04,0.9982,384
GCF_000750955___557,Negative,0.9892,0.0046,0.0062,0.9892,334
GCF_000750955___558,Negative,0.9183,0.0816,0.9183,1e-04,611
GCF_000750955___559,Negative,0.2557,0.0006,0.2557,0.7438,269
GCF_000750955___560,Negative,0.935,0.0,0.935,0.065,908
GCF_000750955___561,Negative,0.9737,0.0002,0.0261,0.9737,405
GCF_000750955___562,Negative,0.95,0.0,0.95,0.05,324
GCF_000750955___563,Negative,0.9259,1e-04,0.9259,0.074,513
GCF_000750955___564,Negative,0.5903,0.0007,0.5903,0.409,82
GCF_000750955___565,Negative,0.9495,0.0002,0.9495,0.0502,124
GCF_000750955___566,Negative,0.8318,0.1411,0.0271,0.8318,415
GCF_000750955___567,Negative,1.0,0.0,0.0,1.0,2948
GCF_000750955___568,Negative,0.2528,0.0002,0.2528,0.747,190
GCF_000750955___569,Negative,0.9995,0.0,0.9995,0.0005,37
GCF_000750955___570,Inc-protein,0.9425,0.9425,1e-04,0.0574,291
GCF_000750955___571,Negative,0.9996,0.0002,0.0003,0.9996,561
GCF_000750955___572,Negative,0.9182,0.0,0.9182,0.0817,536
GCF_000750955___573,Negative,0.9853,0.013,0.9853,0.0017,73
GCF_000750955___574,Negative,0.8874,0.0,0.8874,0.1126,744
GCF_000750955___575,Negative,0.9996,0.0,0.0004,0.9996,277
GCF_000750955___576,Negative,0.9909,0.0082,0.0009,0.9909,237
GCF_000750955___577,Negative,0.8551,0.0,0.8551,0.1449,849
GCF_000750955___578,Negative,0.611,1e-04,0.611,0.3889,351
GCF_000750955___579,Negative,0.977,0.0021,0.977,0.021,723
GCF_000750955___580,Negative,0.849,0.0,0.1509,0.849,884
GCF_000750955___581,Negative,0.6815,0.0124,0.6815,0.3061,189
GCF_000750955___582,Negative,0.9981,0.0002,0.0017,0.9981,399
GCF_000750955___583,Negative,0.2163,0.7798,0.2163,0.0039,127
GCF_000750955___584,Negative,1.0,0.0,1.0,0.0,156
GCF_000750955___585,Negative,0.9911,0.0,0.9911,0.0089,173
GCF_000750955___586,Negative,1.0,0.0,1.0,0.0,401
GCF_000750955___587,Negative,0.9966,0.0,0.9966,0.0034,171
GCF_000750955___588,Negative,0.9998,0.0,0.9998,0.0002,433
GCF_000750955___589,Negative,0.9817,0.0,0.9817,0.0183,766
GCF_000750955___590,Negative,0.9914,0.0086,0.9914,0.0,327
GCF_000750955___591,Negative,0.9998,0.0,0.9998,0.0002,161
GCF_000750955___592,Negative,0.9989,0.0011,0.9989,0.0,149
GCF_000750955___593,Negative,0.9995,0.0005,0.9995,0.0,87
GCF_000750955___594,Negative,0.997,0.0029,0.997,1e-04,620
GCF_000750955___595,Negative,0.986,0.0137,0.986,0.0002,483
GCF_000750955___596,Negative,0.9767,0.0223,0.9767,0.0009,477
GCF_000750955___597,Negative,0.9991,0.0009,0.0,0.9991,419
GCF_000750955___598,Negative,0.9999,1e-04,0.0,0.9999,448
GCF_000750955___599,Negative,0.9972,0.0019,0.0009,0.9972,447
GCF_000750955___600,Negative,0.4324,0.0007,0.4324,0.5669,185
GCF_000750955___601,Negative,0.7861,0.0,0.7861,0.2139,346
GCF_000750955___602,Negative,0.9744,0.0003,0.0253,0.9744,95
GCF_000750955___603,Negative,0.9952,0.0,0.9952,0.0048,319
GCF_000750955___604,Negative,0.987,0.0,0.987,0.013,358
GCF_000750955___605,Negative,0.9983,0.0,0.9983,0.0017,622
GCF_000750955___606,Inc-protein,0.9209,0.9209,0.0012,0.0779,825
GCF_000750955___607,Negative,0.9897,0.0,0.9897,0.0103,629
GCF_000750955___608,Negative,0.9997,0.0,0.9997,0.0003,315
GCF_000750955___609,Negative,0.8412,0.0103,0.1485,0.8412,195
GCF_000750955___610,Inc-protein,0.926,0.926,1e-04,0.0739,594
GCF_000750955___611,Negative,0.9311,0.0,0.9311,0.0689,276
GCF_000750955___612,Negative,0.6791,1e-04,0.6791,0.3208,270
GCF_000750955___613,Negative,0.9985,0.0,0.0015,0.9985,467
GCF_000750955___614,Negative,0.8391,0.0,0.1609,0.8391,255
GCF_000750955___615,Negative,0.8749,0.1202,0.005,0.8749,382
GCF_000750955___616,Negative,0.984,0.0041,0.0119,0.984,326
GCF_000750955___617,Inc-protein,0.9203,0.9203,0.0777,0.002,116
GCF_000750955___618,Negative,0.9995,0.0,0.9995,0.0005,40
GCF_000750955___619,Negative,0.0028,0.7941,0.0028,0.2031,227
GCF_000750955___620,Inc-protein,0.927,0.927,0.0017,0.0713,225
GCF_000750955___621,Negative,0.2933,1e-04,0.2933,0.7065,288
GCF_000750955___622,Negative,0.9385,0.0,0.9385,0.0615,390
GCF_000750955___623,Negative,0.9984,0.0015,0.9984,1e-04,371
GCF_000750955___624,Negative,0.9907,0.0,0.9907,0.0093,246
GCF_000750955___625,Negative,0.9993,0.0,0.9993,0.0007,311
GCF_000750955___626,Negative,0.8477,0.0068,0.8477,0.1455,477
GCF_000750955___627,Negative,0.3065,1e-04,0.3065,0.6935,179
GCF_000750955___628,Negative,0.9433,0.0003,0.0564,0.9433,488
GCF_000750955___629,Negative,0.3836,1e-04,0.3836,0.6163,881
GCF_000750955___630,Negative,0.8222,0.1772,0.8222,0.0006,472
GCF_000750955___631,Negative,0.9486,0.0513,0.9486,0.0,73
GCF_000750955___632,Negative,0.9361,0.0636,0.9361,0.0003,100
GCF_000750955___633,Negative,0.9992,0.0008,0.9992,0.0,266
GCF_000750955___634,Negative,0.9964,0.0036,0.9964,0.0,77
GCF_000750955___635,Negative,0.4382,0.5617,0.4382,1e-04,161
GCF_000750955___636,Negative,0.7246,0.0005,0.7246,0.2749,181
GCF_000750955___637,Negative,0.9789,0.0,0.9789,0.0211,507
GCF_000750955___638,Negative,0.9486,0.0003,0.9486,0.0511,287
GCF_000750955___639,Negative,0.9989,0.0,0.9989,0.0011,469
GCF_000750955___640,Negative,0.9712,0.0,0.9712,0.0288,135
GCF_000750955___641,Negative,0.9948,0.0009,0.0043,0.9948,386
GCF_000750955___642,Negative,0.9922,0.0016,0.0062,0.9922,146
GCF_000750955___643,Negative,0.9381,1e-04,0.9381,0.0619,479
GCF_000750955___644,Negative,0.9977,0.0,0.9977,0.0023,275
GCF_000750955___645,Negative,0.9995,0.0,0.0005,0.9995,420
GCF_000750955___646,Negative,0.9983,0.0008,0.0009,0.9983,249
GCF_000750955___647,Negative,0.9988,0.001,0.0002,0.9988,248
GCF_000750955___648,Negative,0.9909,0.0003,0.0087,0.9909,250
GCF_000750955___649,Negative,0.9847,0.0037,0.0117,0.9847,142
GCF_000750955___650,Negative,0.9994,0.0004,0.0003,0.9994,247
GCF_000750955___651,Negative,0.9995,0.0,0.9995,0.0005,289
GCF_000750955___652,Negative,0.9997,0.0,0.9997,0.0003,203
GCF_000750955___653,Negative,0.9434,0.0,0.9434,0.0566,493
GCF_000750955___654,Negative,0.9965,0.0034,0.9965,0.0,475
GCF_000750955___655,Negative,0.9983,0.0,0.9983,0.0017,419
GCF_000750955___656,Negative,0.9987,0.0,0.9987,0.0013,525
GCF_000750955___657,Negative,0.4607,0.0056,0.4607,0.5337,267
GCF_000750955___658,Negative,0.9715,0.0258,0.0027,0.9715,271
GCF_000750955___659,Negative,0.9843,1e-04,0.9843,0.0156,222
GCF_000750955___660,Negative,0.3875,0.0003,0.3875,0.6123,262
GCF_000750955___661,Negative,0.9987,0.0,0.9987,0.0013,535
GCF_000750955___662,Negative,0.9567,0.0,0.9567,0.0432,329
GCF_000750955___663,Negative,0.683,0.0019,0.683,0.3151,83
GCF_000750955___664,Negative,0.9928,1e-04,0.9928,0.0072,306
GCF_000750955___665,Negative,0.5359,0.4351,0.5359,0.029,405
GCF_000750955___666,Negative,0.9015,1e-04,0.9015,0.0984,172
GCF_000750955___667,Negative,0.9992,0.0,0.9992,0.0008,843
GCF_000750955___668,Negative,0.6851,0.0013,0.6851,0.3136,48
GCF_000750955___669,Negative,0.9999,1e-04,0.0,0.9999,1211
GCF_000750955___670,Negative,0.414,0.0008,0.414,0.5852,312
GCF_000750955___671,Inc-protein,0.921,0.921,0.0765,0.0025,120
GCF_000750955___672,Negative,0.9939,0.0,0.9939,0.0061,223
GCF_000750955___673,Negative,0.9988,0.0005,0.0007,0.9988,316
GCF_000750955___674,Negative,0.9984,1e-04,0.9984,0.0015,59
GCF_000750955___675,Negative,0.9912,0.0002,0.9912,0.0086,390
GCF_000750955___676,Negative,0.8194,0.0,0.8194,0.1805,278
GCF_000750955___677,Negative,0.9756,0.0008,0.0236,0.9756,109
GCF_000750955___678,Negative,0.3722,0.6274,0.3722,0.0004,84
GCF_000750955___679,Negative,0.8769,0.1222,0.8769,0.0009,848
GCF_000750955___680,Negative,0.9694,0.0304,0.9694,0.0002,258
GCF_000750955___681,Inc-protein,0.8209,0.8209,0.1465,0.0326,506
GCF_000750955___682,Negative,0.9996,0.0,0.0004,0.9996,200
GCF_000750955___683,Negative,0.8853,0.0002,0.1145,0.8853,269
GCF_000750955___684,Negative,0.9999,0.0,1e-04,0.9999,1795
GCF_000750955___685,Negative,0.3922,0.0024,0.3922,0.6054,479
GCF_000750955___686,Negative,0.9662,0.0,0.9662,0.0337,323
GCF_000750955___687,Negative,0.6615,0.0,0.6615,0.3385,168
GCF_000750955___688,Negative,0.9085,0.0,0.9085,0.0914,333
GCF_000750955___689,Negative,0.994,0.0,0.994,0.006,79
GCF_000750955___690,Negative,0.3813,0.0003,0.3813,0.6184,588
GCF_000750955___691,Negative,0.9799,0.0,0.9799,0.0201,104
GCF_000750955___692,Negative,0.9453,0.0,0.9453,0.0547,507
GCF_000750955___693,Negative,0.9699,0.0,0.9699,0.0301,327
GCF_000750955___694,Negative,0.9732,0.0229,0.9732,0.0039,723
GCF_000750955___695,Negative,0.9861,0.0002,0.9861,0.0137,261
GCF_000750955___696,Negative,0.9338,0.0,0.9338,0.0662,402
GCF_000750955___697,Negative,0.3066,1e-04,0.3066,0.6933,593
GCF_000750955___698,Negative,0.9999,0.0,0.9999,1e-04,252
GCF_000750955___699,Negative,0.9923,0.0,0.9923,0.0077,132
GCF_000750955___700,Negative,0.9979,0.0021,0.9979,0.0,555
GCF_000750955___701,Negative,0.997,0.0029,0.997,1e-04,459
GCF_000750955___702,Negative,0.9966,0.0,0.0033,0.9966,406
GCF_000750955___703,Negative,0.9974,1e-04,0.0024,0.9974,410
GCF_000750955___704,Negative,0.9976,0.0002,0.0021,0.9976,425
GCF_000750955___705,Negative,0.9964,0.0,0.0036,0.9964,412
GCF_000750955___706,Negative,0.9981,0.0,0.0019,0.9981,400
GCF_000750955___707,Negative,0.997,1e-04,0.0029,0.997,332
GCF_000750955___708,Negative,0.9988,0.0,0.0011,0.9988,382
GCF_000750955___709,Negative,0.9992,0.0,0.0008,0.9992,377
GCF_000750955___710,Negative,0.9997,0.0,0.0003,0.9997,420
GCF_000750955___711,Negative,0.9999,1e-04,0.0,0.9999,783
GCF_000750955___712,Negative,0.9988,1e-04,0.0011,0.9988,355
GCF_000750955___713,Negative,0.9968,1e-04,0.0031,0.9968,733
GCF_000750955___714,Negative,1.0,0.0,0.0,1.0,468
GCF_000750955___715,Negative,0.6927,0.0,0.6927,0.3072,316
GCF_000750955___716,Negative,0.9966,0.0,0.9966,0.0034,227
GCF_000750955___717,Negative,0.9777,0.0207,0.9777,0.0016,329
GCF_000750955___718,Negative,0.5065,0.0154,0.5065,0.4781,410
GCF_000750955___719,Negative,0.9988,0.0,0.0012,0.9988,381
GCF_000750955___720,Negative,0.9402,0.0002,0.9402,0.0596,204
GCF_000750955___721,Negative,0.9928,0.0,0.9928,0.0072,531
GCF_000750955___722,Negative,0.5696,0.0003,0.5696,0.4301,82
GCF_000750955___723,Negative,0.8432,0.0004,0.8432,0.1564,443
GCF_000750955___724,Negative,0.9959,0.0,0.9959,0.0041,272
GCF_000750955___725,Negative,0.9999,1e-04,0.0,0.9999,611
GCF_000750955___726,Negative,0.7971,0.0026,0.7971,0.2003,240
GCF_000750955___727,Negative,0.6953,1e-04,0.6953,0.3046,731
GCF_000750955___728,Negative,0.9757,0.0,0.9757,0.0243,205
GCF_000750955___729,Negative,0.9944,0.0,0.9944,0.0056,126
GCF_000750955___730,Negative,0.9964,0.0,0.9964,0.0036,414
GCF_000750955___731,Negative,0.738,1e-04,0.738,0.2619,144
GCF_000750955___732,Negative,0.9778,0.0002,0.9778,0.022,194
GCF_000750955___733,Negative,0.9775,0.0,0.9775,0.0225,954
GCF_000750955___734,Negative,0.9997,0.0,0.0003,0.9997,833
GCF_000750955___735,Negative,0.3176,0.0,0.3176,0.6824,538
GCF_000750955___736,Negative,0.4064,0.5882,0.4064,0.0054,716
GCF_000750955___737,Negative,0.9414,0.0419,0.0167,0.9414,470
GCF_000750955___738,Negative,0.9379,1e-04,0.9379,0.062,218
GCF_000750955___739,Negative,0.9909,0.0066,0.0025,0.9909,320
GCF_000750955___740,Negative,0.7218,0.0004,0.7218,0.2778,243
GCF_000750955___741,Negative,0.9903,0.0,0.9903,0.0097,167
GCF_000750955___742,Negative,0.9809,1e-04,0.9809,0.0191,591
GCF_000750955___743,Negative,0.998,0.0,0.998,0.002,429
GCF_000750955___744,Negative,0.9754,0.0,0.9754,0.0246,715
GCF_000750955___745,Negative,0.9999,0.0,0.9999,1e-04,144
GCF_000750955___746,Negative,0.1778,0.7915,0.1778,0.0307,442
GCF_000750955___747,Inc-protein,0.9998,0.9998,0.0,0.0002,381
GCF_000750955___748,Negative,0.993,1e-04,0.0069,0.993,301
GCF_000750955___749,Negative,0.9989,0.0011,0.9989,0.0,462
GCF_000750955___750,Negative,0.5587,1e-04,0.5587,0.4411,228
GCF_000750955___751,Negative,0.9994,0.0004,0.9994,0.0002,696
GCF_000750955___752,Negative,0.9979,0.0,0.9979,0.0021,64
GCF_000750955___753,Negative,0.999,0.0,0.001,0.999,418
GCF_000750955___754,Negative,0.9996,0.0,0.9996,0.0004,346
GCF_000750955___755,Negative,0.9426,0.0,0.9426,0.0574,255
GCF_000750955___756,Negative,0.8564,1e-04,0.1435,0.8564,353
GCF_000750955___757,Negative,0.997,0.0,0.997,0.003,515
GCF_000750955___758,Negative,0.923,0.0018,0.0752,0.923,184
GCF_000750955___759,Negative,0.999,0.001,0.999,0.0,156
GCF_000750955___760,Negative,0.8506,0.0007,0.8506,0.1488,416
GCF_000750955___761,Negative,0.9972,0.0003,0.0025,0.9972,289
GCF_000750955___762,Negative,0.8532,0.0,0.8532,0.1468,370
GCF_000750955___763,Negative,0.9114,0.0182,0.0704,0.9114,137
GCF_000750955___764,Negative,0.996,1e-04,0.0039,0.996,160
GCF_000750955___765,Negative,0.9501,0.0497,0.9501,0.0003,393
GCF_000750955___766,Negative,0.9984,0.0,0.9984,0.0016,459
GCF_000750955___767,Negative,0.6769,1e-04,0.6769,0.3231,276
GCF_000750955___768,Negative,0.7484,0.0,0.7484,0.2515,542
GCF_000750955___769,Negative,0.3765,1e-04,0.3765,0.6233,117
GCF_000750955___770,Negative,0.2083,0.0012,0.2083,0.7905,113
GCF_000750955___771,Negative,0.7254,0.0003,0.7254,0.2743,309
GCF_000750955___772,Negative,0.9742,0.0002,0.9742,0.0257,269
GCF_000750955___773,Negative,0.9865,0.0133,0.9865,1e-04,272
GCF_000750955___774,Negative,0.9916,0.0082,0.9916,1e-04,314
GCF_000750955___775,Negative,0.5057,0.0009,0.5057,0.4933,523
GCF_000750955___776,Negative,0.7718,0.0005,0.7718,0.2277,201
GCF_000750955___777,Negative,0.9424,0.0004,0.0572,0.9424,289
GCF_000750955___778,Negative,0.9245,0.0009,0.0746,0.9245,175
GCF_000750955___779,Negative,0.9927,0.0,0.9927,0.0073,118
GCF_000750955___780,Negative,0.9056,0.0,0.9056,0.0944,251
GCF_000750955___781,Negative,0.9933,0.0,0.9933,0.0067,264
GCF_000750955___782,Negative,0.8916,0.0,0.8916,0.1083,415
GCF_000750955___783,Negative,0.9759,0.0,0.9759,0.024,376
GCF_000750955___784,Negative,0.9323,0.0,0.9323,0.0677,254
GCF_000750955___785,Negative,0.8017,0.0,0.8017,0.1983,290
GCF_000750955___786,Negative,0.9944,0.0003,0.0054,0.9944,232
GCF_000750955___787,Negative,0.7702,0.2293,0.7702,0.0005,413
GCF_000750955___788,Negative,0.3926,0.0081,0.3926,0.5993,1301
GCF_000750955___789,Inc-protein,0.8549,0.8549,0.1363,0.0088,64
GCF_000750955___790,Negative,0.9992,0.0007,0.9992,0.0,417
GCF_000750955___791,Negative,0.9576,0.042,0.9576,0.0004,406
GCF_000750955___792,Negative,1.0,0.0,0.0,1.0,165
GCF_000750955___793,Negative,0.9994,1e-04,0.0005,0.9994,131
GCF_000750955___794,Negative,0.9572,0.0002,0.0427,0.9572,118
GCF_000750955___795,Negative,0.9978,0.0007,0.0015,0.9978,166
GCF_000750955___796,Negative,0.9994,1e-04,0.0005,0.9994,396
GCF_000750955___797,Negative,0.2902,1e-04,0.2902,0.7098,612
GCF_000750955___798,Negative,0.9948,0.0003,0.9948,0.0049,51
GCF_000750955___799,Inc-protein,0.921,0.921,0.0055,0.0735,200
GCF_000750955___800,Negative,0.9972,0.0026,0.9972,0.0002,412
GCF_000750955___801,Negative,0.7087,0.0004,0.7087,0.291,225
GCF_000750955___802,Negative,0.2174,0.0033,0.2174,0.7794,486
GCF_000750955___803,Negative,0.8945,0.0089,0.8945,0.0966,514
GCF_000750955___804,Negative,0.8419,0.0007,0.1574,0.8419,357
GCF_000750955___805,Negative,0.9717,0.0283,0.9717,0.0,196
GCF_000750955___806,Inc-protein,0.9183,0.9183,0.0816,1e-04,332
GCF_000750955___807,Negative,0.9959,0.0,0.9959,0.0041,252
GCF_000750955___808,Negative,0.9988,0.0,0.9988,0.0012,539
GCF_000750955___809,Negative,0.9984,0.0,0.9984,0.0016,164
GCF_000750955___810,Negative,0.9876,0.0002,0.9876,0.0122,62
GCF_000750955___811,Negative,0.9898,1e-04,0.9898,0.0101,68
GCF_000750955___812,Negative,0.9557,0.0002,0.0441,0.9557,147
GCF_000750955___813,Negative,0.3838,0.0009,0.3838,0.6153,147
GCF_000750955___814,Negative,0.899,1e-04,0.899,0.1009,140
GCF_000750955___815,Negative,0.9794,0.008,0.0125,0.9794,269
GCF_000750955___816,Negative,0.1929,0.7688,0.1929,0.0383,106
GCF_000750955___817,Negative,0.0723,0.4805,0.0723,0.4472,102
GCF_000750955___818,Inc-protein,0.8238,0.8238,0.1747,0.0015,107
GCF_000750955___819,Negative,0.4248,0.0055,0.4248,0.5697,480
GCF_000750955___820,Negative,0.8266,0.0007,0.8266,0.1727,171
GCF_000750955___821,Negative,0.7969,1e-04,0.7969,0.203,534
GCF_000750955___822,Negative,0.9661,0.0013,0.0325,0.9661,186
GCF_000750955___823,Negative,0.9769,0.0181,0.9769,0.005,98
GCF_000750955___824,Negative,0.6714,0.3283,0.6714,0.0003,419
GCF_000750955___825,Negative,0.5873,0.4123,0.5873,0.0004,414
GCF_000750955___826,Negative,0.9922,0.0,0.9922,0.0078,378
GCF_000750955___827,Negative,0.9795,0.0,0.9795,0.0205,249
GCF_000750955___828,Negative,0.8631,0.1345,0.8631,0.0024,295
GCF_000750955___829,Negative,0.3304,0.669,0.3304,0.0006,99
GCF_000750955___830,Negative,0.9887,0.0,0.9887,0.0113,239
GCF_000750955___831,Negative,0.9798,1e-04,0.9798,0.0201,261
GCF_000750955___832,Negative,0.9977,0.0,0.9977,0.0023,380
GCF_000750955___833,Negative,0.8895,0.1098,0.8895,0.0007,302
GCF_000750955___834,Negative,0.9995,0.0,0.9995,0.0005,283
GCF_000750955___835,Negative,0.2709,1e-04,0.2709,0.729,248
GCF_000750955___836,Negative,0.9576,0.0,0.9576,0.0424,490
GCF_000750955___837,Negative,0.8588,0.0,0.8588,0.1412,366
GCF_000750955___838,Negative,0.9148,0.0,0.9148,0.0852,112
GCF_000750955___839,Negative,0.9916,0.0,0.9916,0.0084,141
GCF_000750955___840,Negative,0.7772,1e-04,0.7772,0.2227,297
GCF_000750955___841,Negative,0.7305,0.0002,0.7305,0.2693,132
GCF_000750955___842,Negative,0.9658,0.0,0.9658,0.0342,166
GCF_000750955___843,Negative,0.7718,0.0007,0.7718,0.2275,310
GCF_000750955___844,Negative,0.9024,0.0079,0.9024,0.0897,714
GCF_000750955___845,Negative,0.9994,0.0,0.9994,0.0006,302
GCF_000750955___846,Negative,0.9708,0.0008,0.0284,0.9708,271
GCF_000750955___847,Negative,0.9993,1e-04,0.0007,0.9993,420
GCF_000750955___848,Negative,0.979,1e-04,0.979,0.0209,238
GCF_000750955___849,Negative,0.9052,0.0,0.9052,0.0948,259
GCF_000750955___850,Negative,0.4832,0.0003,0.4832,0.5165,291
GCF_000750955___851,Negative,0.9993,0.0004,0.9993,0.0003,163
GCF_000750955___852,Negative,0.6807,0.0066,0.6807,0.3127,145
GCF_000750955___853,Negative,0.8059,1e-04,0.8059,0.194,332
GCF_000750955___854,Negative,0.9949,0.0,0.9949,0.005,58
GCF_000750955___855,Negative,0.6266,0.0003,0.6266,0.3731,84
GCF_000750955___856,Negative,0.8349,0.0003,0.1648,0.8349,158
GCF_000750955___857,Negative,0.9055,0.0003,0.9055,0.0943,236
GCF_000750955___858,Negative,0.8735,1e-04,0.8735,0.1264,275
GCF_000750955___859,Negative,0.9999,0.0,0.0,0.9999,399
GCF_000750955___860,Negative,0.9996,0.0002,0.0002,0.9996,510
GCF_000750955___861,Negative,0.9287,0.0627,0.9287,0.0086,117
GCF_000750955___862,Negative,0.9411,0.0428,0.9411,0.016,156
GCF_000750955___863,Negative,0.2761,0.7097,0.2761,0.0142,132
GCF_000750955___864,Negative,0.9995,1e-04,0.0004,0.9995,496
GCF_000750955___865,Negative,0.8243,0.0002,0.1755,0.8243,74
GCF_000750955___866,Negative,0.9979,0.0003,0.0018,0.9979,421
GCF_000750955___867,Negative,0.9842,0.0,0.9842,0.0157,229
GCF_000750955___868,Negative,0.8659,0.1333,0.8659,0.0008,638
GCF_000750955___869,Negative,0.8671,0.0,0.8671,0.1329,109
GCF_000750955___870,Negative,0.9751,0.0,0.9751,0.0249,337
GCF_000750955___871,Negative,0.4664,0.0017,0.4664,0.5319,374
GCF_000750955___872,Negative,0.9772,0.0,0.9772,0.0228,109
GCF_000750955___873,Negative,0.9915,0.0,0.9915,0.0085,420
GCF_000750955___874,Negative,0.9883,0.0008,0.0109,0.9883,125
GCF_000750955___875,Negative,0.9989,0.0,0.9989,0.0011,251
GCF_000750955___876,Negative,0.9931,0.0,0.9931,0.0068,225
GCF_000750955___877,Negative,0.9995,0.0,0.9995,0.0005,124
GCF_000750955___878,Negative,0.945,0.0,0.945,0.055,102
GCF_000750955___879,Negative,0.2375,1e-04,0.2375,0.7624,302
GCF_000750955___880,Negative,0.9869,1e-04,0.013,0.9869,164
GCF_000750955___881,Negative,0.9891,0.0006,0.0103,0.9891,391
GCF_000750955___882,Negative,0.9971,1e-04,0.0028,0.9971,391
GCF_000750955___883,Negative,0.8871,1e-04,0.8871,0.1128,600
GCF_000750955___884,Negative,0.9888,0.0,0.9888,0.0112,105
GCF_000750955___885,Negative,0.9991,0.0,0.9991,0.0009,541
GCF_000750955___886,Negative,0.7286,0.2628,0.7286,0.0086,111
GCF_000750955___887,Negative,1.0,0.0,0.0,1.0,549
GCF_000750955___888,Negative,0.9987,0.0008,0.0005,0.9987,716
GCF_000750955___889,Negative,0.9608,1e-04,0.9608,0.0391,499
GCF_000750955___890,Negative,0.9242,0.0,0.9242,0.0758,153
GCF_000750955___891,Negative,0.9546,0.0,0.9546,0.0453,573
GCF_000750955___892,Negative,0.9293,0.0007,0.9293,0.0699,61
GCF_000750955___893,Negative,0.9771,0.0,0.0229,0.9771,448
GCF_000750955___894,Negative,0.9993,0.0,0.9993,0.0007,710
GCF_000750955___895,Negative,0.9634,0.0,0.9634,0.0366,462
GCF_000750955___896,Negative,0.9934,0.0,0.9934,0.0066,990
GCF_000750955___897,Negative,0.7863,0.0,0.7863,0.2137,106
GCF_000750955___898,Negative,0.9928,0.0,0.9928,0.0072,160
GCF_000750955___899,Negative,0.999,0.0,0.999,0.001,100
GCF_000750955___900,Negative,0.9967,0.0,0.9967,0.0033,229
GCF_000750955___901,Negative,0.9727,0.0,0.9727,0.0273,251
GCF_000750955___902,Negative,0.9956,0.0,0.9956,0.0044,183
GCF_000750955___903,Negative,0.9927,0.0,0.9927,0.0073,308
GCF_000750955___904,Negative,0.5536,0.0005,0.5536,0.4459,89
GCF_000750955___905,Negative,0.8507,0.0,0.8507,0.1493,1450
GCF_000750955___906,Negative,0.9498,1e-04,0.9498,0.0501,299
GCF_000750955___907,Negative,0.9464,1e-04,0.0535,0.9464,100
GCF_000750955___908,Negative,0.9999,0.0,0.9999,1e-04,71
GCF_000750955___909,Negative,0.9433,0.0566,0.9433,1e-04,54
GCF_000750955___910,Negative,0.6129,0.0002,0.6129,0.3869,480
GCF_000750955___911,Negative,0.9843,0.0,0.9843,0.0157,431
GCF_000750955___912,Negative,0.9763,0.0,0.9763,0.0237,367
GCF_000750955___913,Negative,0.7692,0.0,0.7692,0.2308,310
GCF_000750955___914,Negative,0.8904,0.1096,0.8904,1e-04,125
GCF_000750955___915,Inc-protein,0.9636,0.9636,0.0356,0.0008,143
GCF_000750955___916,Negative,0.8349,0.0058,0.8349,0.1594,230
GCF_000750955___917,Negative,0.204,0.0003,0.204,0.7957,366
GCF_000750955___918,Negative,0.9296,0.0005,0.9296,0.0699,323
GCF_000750955___919,Negative,0.8961,0.0,0.1039,0.8961,517
GCF_000750955___920,Negative,0.9989,0.0005,0.0005,0.9989,288
GCF_000750955___921,Negative,0.9716,1e-04,0.9716,0.0284,240
GCF_000750955___922,Negative,0.9354,0.0,0.9354,0.0646,278
GCF_000750955___923,Negative,0.9421,0.0002,0.9421,0.0577,151
GCF_000750955___924,Negative,0.9926,0.0023,0.0051,0.9926,225
GCF_000750955___925,Negative,0.9123,1e-04,0.9123,0.0876,202
GCF_000750955___926,Negative,0.7006,1e-04,0.7006,0.2992,317
GCF_000750955___927,Negative,0.9998,1e-04,0.0002,0.9998,798
GCF_000750955___928,Negative,0.9994,0.0006,0.9994,0.0,699
GCF_000750955___929,Inc-protein,0.8282,0.8282,0.0024,0.1694,657
GCF_000750955___930,Negative,0.9921,1e-04,0.9921,0.0078,461
GCF_000750955___931,Negative,0.9999,1e-04,0.0,0.9999,675
GCF_000750955___932,Negative,0.9993,0.0007,0.9993,0.0,112
GCF_000750955___933,Negative,0.9618,0.005,0.9618,0.0331,174
GCF_000750955___934,Negative,0.8204,0.1794,0.0002,0.8204,326
GCF_000750955___935,Negative,0.5055,0.0,0.5055,0.4944,245
GCF_000750955___936,Negative,0.9599,0.0391,0.9599,0.0009,194
GCF_000750955___937,Inc-protein,0.9928,0.9928,0.0006,0.0066,511
GCF_000750955___938,Negative,0.9874,1e-04,0.9874,0.0126,193
GCF_000750955___939,Negative,0.9883,0.0053,0.0064,0.9883,277
GCF_000750955___940,Negative,0.9292,0.0684,0.9292,0.0024,138
GCF_000750955___941,Negative,0.8832,0.0,0.8832,0.1168,264
GCF_000750955___942,Negative,0.9982,0.0017,1e-04,0.9982,654
GCF_000750955___943,Negative,0.9963,0.0036,1e-04,0.9963,912
GCF_000750955___944,Negative,0.9992,1e-04,0.0007,0.9992,488
GCF_000750955___945,Negative,0.979,0.0204,0.979,0.0006,515
GCF_000750955___946,Negative,0.944,0.003,0.944,0.053,310
GCF_000750955___947,Negative,0.9135,0.0,0.9135,0.0864,239
GCF_000750955___948,Negative,0.8876,0.0029,0.8876,0.1095,290
GCF_000750955___949,Negative,0.9978,0.0022,0.9978,0.0,353
GCF_000750955___950,Negative,0.996,0.0,0.996,0.004,213
GCF_000750955___951,Negative,0.5749,0.0012,0.5749,0.4239,60
GCF_000750955___952,Inc-protein,0.9667,0.9667,0.0323,0.001,104
GCF_000750955___953,Negative,0.9583,0.0,0.9583,0.0417,297
GCF_000750955___954,Negative,0.9902,0.0,0.9902,0.0097,194
GCF_000750955___955,Negative,0.9791,0.0,0.9791,0.0209,483
GCF_000750955___956,Negative,0.9885,0.0002,0.9885,0.0113,484
GCF_000750955___957,Negative,0.9655,0.0002,0.9655,0.0343,106
GCF_000750955___958,Inc-protein,0.9963,0.9963,1e-04,0.0036,144
GCF_000750955___959,Negative,0.8663,1e-04,0.8663,0.1336,182
GCF_000750955___960,Inc-protein,0.994,0.994,0.0014,0.0047,144
GCF_000750955___961,Negative,0.9017,0.0,0.9017,0.0983,303
GCF_000750955___962,Negative,0.9835,0.0,0.0164,0.9835,190
GCF_000750955___963,Negative,0.9616,0.0006,0.0378,0.9616,325
GCF_000750955___964,Negative,0.9982,0.0018,0.9982,0.0,558
GCF_000750955___965,Negative,0.9982,0.0,0.9982,0.0018,318
GCF_000750955___966,Negative,0.963,0.0368,0.963,0.0002,307
GCF_000750955___967,Negative,0.9642,0.0356,0.9642,0.0002,159
GCF_000750955___968,Negative,0.9768,1e-04,0.9768,0.0232,505
GCF_000750955___969,Negative,0.9932,0.0066,0.9932,0.0002,434
GCF_000750955___970,Negative,0.9908,0.009,0.9908,0.0002,338
GCF_000750955___971,Negative,0.998,0.0017,0.998,0.0003,460
GCF_000750955___972,Negative,0.937,0.0626,0.937,0.0004,439
GCF_000750955___973,Negative,0.9985,0.0,0.9985,0.0015,113
GCF_000750955___974,Negative,0.6526,1e-04,0.6526,0.3473,80
GCF_000750955___975,Negative,0.9626,0.0,0.9626,0.0374,287
GCF_000750955___976,Negative,0.9682,0.0,0.9682,0.0318,217
GCF_000750955___977,Negative,0.9964,0.0002,0.0035,0.9964,348
GCF_000750955___978,Negative,0.369,0.0,0.369,0.6309,449
GCF_000750955___979,Negative,0.9651,0.0,0.9651,0.0349,223
GCF_000750955___980,Inc-protein,0.9997,0.9997,0.0,0.0003,251
GCF_000750955___981,Negative,0.9787,0.0,0.9787,0.0213,394
GCF_000750955___982,Negative,0.2526,1e-04,0.2526,0.7473,1015
GCF_000750955___983,Negative,0.2542,0.0,0.2542,0.7458,189
GCF_000750955___984,Negative,0.5613,1e-04,0.5613,0.4386,99
GCF_000750955___985,Negative,0.9294,0.0006,0.9294,0.0701,69
GCF_000750955___986,Negative,0.6177,0.0003,0.6177,0.3821,391
GCF_000750955___987,Negative,0.7187,0.0004,0.7187,0.2809,455
GCF_000750955___988,Negative,0.982,1e-04,0.018,0.982,336
GCF_000750955___989,Negative,0.9744,1e-04,0.9744,0.0255,474
GCF_000750955___990,Negative,0.8707,0.0,0.8707,0.1293,449
GCF_000750955___991,Negative,0.9957,0.002,0.9957,0.0024,603
GCF_000750955___992,Negative,0.916,0.0003,0.916,0.0837,529
GCF_000750955___993,Negative,0.984,0.0,0.984,0.016,952
GCF_000750955___994,Negative,0.0041,0.4137,0.0041,0.5822,776
GCF_000750955___995,Negative,0.8747,0.125,0.0002,0.8747,770
GCF_000750955___996,Negative,0.9978,0.0,0.0022,0.9978,449
GCF_000750955___997,Negative,0.6073,0.0002,0.6073,0.3925,439
GCF_000750955___998,Negative,0.9982,0.0,0.9982,0.0018,328
GCF_000750955___999,Negative,0.9367,1e-04,0.9367,0.0632,275
GCF_000750955___1000,Negative,0.9967,0.0,0.9967,0.0033,166
GCF_000750955___1001,Negative,0.9998,0.0,0.9998,0.0002,82
GCF_000750955___1002,Negative,0.8382,0.0,0.8382,0.1617,114
GCF_000750955___1003,Negative,0.9795,0.0,0.9795,0.0205,210
GCF_000750955___1004,Negative,0.9793,0.0,0.9793,0.0207,194
GCF_000750955___1005,Negative,0.9984,0.0,0.9984,0.0016,314
GCF_000750955___1006,Negative,0.9165,0.0833,0.9165,0.0002,198
GCF_000750955___1007,Negative,0.6184,0.0004,0.6184,0.3812,325
GCF_000750955___1008,Negative,0.8589,0.0007,0.1404,0.8589,200
GCF_000750955___1009,Negative,0.8219,0.0002,0.8219,0.1779,152
GCF_000750955___1010,Negative,0.9998,0.0,0.0002,0.9998,309
GCF_000750955___1011,Negative,0.9014,0.0011,0.0975,0.9014,335
GCF_000750955___1012,Negative,0.9393,0.0,0.9393,0.0607,666
GCF_000750955___1013,Negative,0.9118,1e-04,0.9118,0.0881,114
GCF_000750955___1014,Negative,0.9995,0.0,0.9995,0.0004,45
GCF_000750955___1015,Negative,0.9987,0.0,0.9987,0.0013,101
GCF_000750955___1016,Negative,0.721,0.2748,0.721,0.0042,162
GCF_000750955___1017,Negative,0.0026,0.6879,0.0026,0.3095,580
GCF_000750955___1018,Inc-protein,0.9862,0.9862,0.0009,0.0129,546
GCF_000750955___1019,Inc-protein,0.9932,0.9932,0.0006,0.0062,546
GCF_000750955___1020,Inc-protein,0.9823,0.9823,0.0044,0.0132,548
GCF_000750955___1021,Negative,0.9877,0.0089,0.9877,0.0033,42
GCF_000750955___1022,Negative,0.9994,0.0004,0.0002,0.9994,425
GCF_000750955___1023,Negative,0.5114,0.0577,0.5114,0.4309,82
GCF_000750955___1024,Negative,0.9344,0.0028,0.0628,0.9344,345
GCF_000750955___1025,Negative,0.69,0.002,0.69,0.308,162
GCF_000750955___1026,Negative,0.4008,0.5991,0.4008,0.0,170
GCF_000750955___1027,Negative,0.998,0.0,0.998,0.0019,586
GCF_000750955___1028,Negative,0.8687,0.0019,0.1293,0.8687,195
GCF_000750955___1029,Negative,1.0,0.0,0.0,1.0,973
GCF_000750955___1030,Negative,0.3885,0.0007,0.3885,0.6107,147
GCF_000750955___1031,Negative,0.9687,1e-04,0.0312,0.9687,393
GCF_000750955___1032,Negative,0.9987,0.0,0.9987,0.0013,1904
GCF_000750955___1033,Negative,0.9911,0.0088,1e-04,0.9911,653
GCF_000750955___1034,Negative,0.6874,0.0006,0.6874,0.3121,145
GCF_000750955___1035,Negative,0.9946,0.0,0.0054,0.9946,962
GCF_000750955___1036,Negative,0.9997,0.0,0.0003,0.9997,629
GCF_000750955___1037,Negative,0.7634,1e-04,0.7634,0.2365,961
GCF_000750955___1038,Negative,0.0594,0.4337,0.0594,0.5069,275
GCF_000750955___1039,Negative,0.8758,0.0,0.8758,0.1242,227
GCF_000750955___1040,Negative,0.9977,1e-04,0.0023,0.9977,229
GCF_000750955___1041,Negative,0.9974,0.0004,0.0022,0.9974,152
GCF_000750955___1042,Negative,0.9901,0.0098,0.9901,0.0,227
GCF_000750955___1043,Negative,0.958,0.0417,0.958,0.0003,392
GCF_000750955___1044,Negative,0.844,0.0011,0.1549,0.844,233
GCF_000750955___1045,Negative,0.9998,0.0002,1e-04,0.9998,387
GCF_000750955___1046,Negative,0.9539,1e-04,0.0459,0.9539,339
GCF_000750955___1047,Negative,0.7208,0.0032,0.7208,0.276,70
GCF_000750955___1048,Negative,0.9996,0.0,0.0004,0.9996,408
GCF_000750955___1049,Negative,0.9965,1e-04,0.0034,0.9965,404
GCF_000750955___1050,Negative,0.9995,0.0,0.0005,0.9995,417
GCF_000750955___1051,Negative,0.9967,0.0003,0.003,0.9967,412
GCF_000750955___1052,Negative,0.9996,0.0,0.9996,0.0004,366
GCF_000750955___1053,Negative,0.9838,0.016,0.9838,1e-04,483
GCF_000750955___1054,Negative,0.8883,0.0,0.8883,0.1117,78
GCF_000750955___1055,Negative,0.9982,0.0,0.9982,0.0017,250
GCF_000750955___1056,Negative,0.9702,0.0,0.9702,0.0297,314
GCF_000750955___1057,Negative,0.9989,0.0,0.9989,0.0011,329
GCF_000750955___1058,Negative,0.9856,0.0,0.9856,0.0144,208
GCF_000750955___1059,Negative,0.9901,0.0007,0.9901,0.0092,66
GCF_000750955___1060,Negative,0.8325,0.0026,0.8325,0.165,788
GCF_000750955___1061,Negative,0.7941,0.0005,0.7941,0.2054,187
GCF_000750955___1062,Negative,0.9358,1e-04,0.9358,0.0641,352
GCF_000750955___1063,Inc-protein,0.9981,0.9981,1e-04,0.0018,269
GCF_000750955___1064,Negative,0.9996,1e-04,0.0003,0.9996,221
GCF_000750955___1065,Negative,0.968,1e-04,0.968,0.0319,431
GCF_000750955___1066,Negative,0.9996,0.0,0.9996,0.0004,327
GCF_000750955___1067,Negative,0.9828,1e-04,0.9828,0.0171,341
GCF_000750955___1068,Negative,0.9941,0.0059,0.9941,0.0,415
GCF_000750955___1069,Negative,0.9991,0.0009,0.0,0.9991,657
GCF_000750955___1070,Negative,0.9914,0.0,0.9914,0.0086,248
GCF_000750955___1071,Negative,0.7002,0.0654,0.7002,0.2344,172
GCF_000750955___1072,Negative,0.844,0.156,0.844,0.0,333
GCF_000750955___1073,Negative,0.2113,0.7886,0.2113,1e-04,161
GCF_000750955___1074,Negative,0.9847,0.0114,0.9847,0.0039,542
GCF_000750955___1075,Negative,0.9809,0.0,0.9809,0.0191,446
GCF_000750955___1076,Negative,0.9974,1e-04,0.9974,0.0025,153
GCF_000750955___1077,Negative,0.9203,1e-04,0.9203,0.0796,140
GCF_000750955___1078,Inc-protein,0.8993,0.8993,0.0957,0.005,164
GCF_000750955___1079,Negative,0.5998,0.3997,0.5998,0.0005,372
GCF_000750955___1080,Negative,0.9944,0.0,0.9944,0.0056,123
GCF_000750955___1081,Negative,0.9734,0.0,0.0266,0.9734,124
GCF_000750955___1082,Negative,0.8452,0.0026,0.8452,0.1522,178
GCF_000750955___1083,Negative,0.5047,0.4951,0.5047,0.0002,370
GCF_000750955___1084,Negative,0.8431,0.0,0.8431,0.1569,411
GCF_000750955___1085,Negative,0.9771,1e-04,0.9771,0.0228,278
GCF_000750955___1086,Negative,0.9941,0.0,0.9941,0.0059,307
GCF_000750955___1087,Negative,0.8265,0.001,0.8265,0.1725,162
GCF_000750955___1088,Negative,0.9978,0.0,0.9978,0.0022,755
GCF_000750955___1089,Negative,0.9516,0.0006,0.9516,0.0478,153
GCF_000750955___1090,Negative,0.9484,1e-04,0.9484,0.0515,195
GCF_000750955___1091,Negative,0.9632,0.0,0.9632,0.0368,206
GCF_000750955___1092,Negative,0.9979,0.0005,0.0016,0.9979,483
GCF_000750955___1093,Negative,0.9987,0.0,0.9987,0.0013,56
GCF_000750955___1094,Inc-protein,0.9946,0.9946,0.0,0.0054,357
GCF_000750955___1095,Negative,0.2445,0.0009,0.2445,0.7546,243
GCF_000750955___1096,Negative,0.846,0.0011,0.846,0.1529,413
GCF_000750955___1097,Negative,0.9577,0.0421,0.9577,1e-04,261
GCF_000750955___1098,Negative,0.9981,0.0,0.9981,0.0019,264
GCF_000750955___1099,Negative,0.9983,0.0016,0.9983,0.0,460
GCF_000750955___1100,Negative,0.9988,0.0012,0.9988,0.0,343
GCF_000750955___1101,Negative,0.9918,0.0081,1e-04,0.9918,541
GCF_000750955___1102,Negative,0.9977,0.0023,0.9977,0.0,462
GCF_000750955___1103,Negative,0.9987,0.0012,0.9987,0.0,453
GCF_000750955___1104,Negative,0.999,0.001,0.999,0.0,227
GCF_000750955___1105,Negative,0.5071,0.0032,0.5071,0.4898,860
GCF_000750955___1106,Negative,0.581,0.0007,0.581,0.4183,146
GCF_000750955___1107,Negative,0.7032,0.0,0.7032,0.2967,132
GCF_000750955___1108,Negative,0.9983,0.0,0.9983,0.0017,534
GCF_000750955___1109,Negative,0.9991,0.0,0.9991,0.0009,437
GCF_000750955___1110,Inc-protein,0.9887,0.9887,0.0007,0.0106,192
GCF_000750955___1111,Negative,0.8554,1e-04,0.8554,0.1445,87
GCF_000750955___1112,Negative,0.9935,0.0,0.0064,0.9935,498
GCF_000750955___1113,Negative,0.8804,0.0,0.8804,0.1196,371
GCF_000750955___1114,Negative,0.9019,0.0,0.9019,0.0981,142
GCF_000750955___1115,Negative,0.9973,0.0027,0.9973,0.0,136
GCF_000750955___1116,Negative,0.9319,0.0667,0.9319,0.0014,638
GCF_000750955___1117,Negative,0.7751,0.0181,0.7751,0.2068,209
GCF_000750955___1118,Negative,0.9665,0.0,0.9665,0.0335,438
GCF_000750955___1119,Negative,0.9387,0.0,0.9387,0.0613,593
GCF_000750955___1120,Negative,0.998,0.0,0.0019,0.998,259
GCF_000750955___1121,Negative,0.281,0.0002,0.281,0.7188,213
GCF_000750955___1122,Negative,0.8589,0.001,0.1401,0.8589,267
GCF_000750955___1123,Negative,0.9353,0.0133,0.9353,0.0514,75
GCF_000750955___1124,Negative,0.9983,0.0,0.9983,0.0017,116
GCF_000750955___1125,Negative,0.9995,0.0002,0.0003,0.9995,645
GCF_000750955___1126,Negative,0.356,0.0004,0.356,0.6436,114
GCF_000750955___1127,Negative,0.9776,0.0009,0.0215,0.9776,217
GCF_000750955___1128,Negative,0.6834,0.0,0.6834,0.3166,120
GCF_000750955___1129,Negative,0.9847,0.0,0.9847,0.0153,320
GCF_000750955___1130,Negative,0.8475,0.0039,0.8475,0.1486,81
GCF_000750955___1131,Negative,0.9988,0.0,0.9988,0.0012,1400
GCF_000750955___1132,Negative,0.9979,0.0,0.9979,0.002,1256
GCF_000750955___1133,Negative,0.9924,1e-04,0.9924,0.0076,128
GCF_000750955___1134,Negative,0.875,1e-04,0.875,0.1249,174
GCF_000750955___1135,Negative,0.9999,0.0,0.9999,1e-04,232
GCF_000750955___1136,Negative,0.9999,0.0,0.9999,1e-04,143
GCF_000750955___1137,Negative,0.99,0.0,0.99,0.01,183
GCF_000750955___1138,Negative,0.9508,0.0488,0.9508,0.0004,94
GCF_000750955___1139,Negative,0.9991,0.0,0.9991,0.0009,394
GCF_000750955___1140,Negative,0.9973,0.0,0.9973,0.0027,72
GCF_000750955___1141,Negative,0.9272,0.0,0.9272,0.0728,144
GCF_000750955___1142,Negative,0.9889,0.0107,0.0005,0.9889,433
GCF_000750955___1143,Negative,0.983,0.0,0.983,0.017,609
GCF_000750955___1144,Negative,0.8825,1e-04,0.1174,0.8825,162
GCF_000750955___1145,Negative,0.9986,0.0013,0.9986,1e-04,428
GCF_000750955___1146,Negative,0.8919,0.0,0.8919,0.1081,624
GCF_000750955___1147,Negative,0.9852,0.0,0.9852,0.0148,671
GCF_000750955___1148,Negative,0.9929,0.0,0.9929,0.0071,217
GCF_000750955___1149,Negative,1.0,0.0,0.0,1.0,333
GCF_000750955___1150,Negative,0.9438,0.0,0.9438,0.0562,397
GCF_000750955___1151,Negative,0.9825,0.0012,0.0163,0.9825,577
GCF_000750955___1152,Negative,0.9582,1e-04,0.9582,0.0417,186
GCF_000750955___1153,Negative,0.9929,0.0,0.9929,0.0071,111
GCF_000750955___1154,Negative,0.8848,0.0,0.8848,0.1152,292
GCF_000750955___1155,Negative,0.5161,0.0015,0.5161,0.4824,715
GCF_000750955___1156,Negative,0.9956,0.0025,0.0019,0.9956,965
GCF_000750955___1157,Negative,0.9041,0.0006,0.0954,0.9041,127
GCF_000750955___1158,Negative,0.9992,0.0004,0.0004,0.9992,247
GCF_000750955___1159,Negative,0.4154,0.0123,0.4154,0.5724,305
GCF_000750955___1160,Negative,0.9842,0.0005,0.9842,0.0152,621
GCF_000750955___1161,Negative,0.9992,1e-04,0.0008,0.9992,1067
GCF_000750955___1162,Negative,0.945,0.0002,0.945,0.0548,122
GCF_000750955___1163,Negative,0.9966,0.0033,0.9966,0.0,925
GCF_000750955___1164,Negative,0.9989,0.0011,0.9989,0.0,95
GCF_000750955___1165,Negative,0.9773,0.0224,0.9773,0.0003,497
GCF_000750955___1166,Negative,0.9938,0.0062,0.9938,0.0,158
GCF_000750955___1167,Negative,0.9936,0.0064,0.9936,0.0,100
GCF_000750955___1168,Negative,0.9997,0.0003,0.9997,0.0,161
GCF_000750955___1169,Negative,0.9968,0.0,0.9968,0.0032,271
GCF_000750955___1170,Negative,0.6841,0.0003,0.6841,0.3156,193
GCF_000750955___1171,Negative,0.9904,0.0011,0.0085,0.9904,496
GCF_000750955___1172,Negative,0.9847,0.0,0.9847,0.0153,365
GCF_000750955___1173,Negative,0.999,0.001,0.0,0.999,869
GCF_000750955___1174,Negative,0.914,0.0004,0.0857,0.914,417
GCF_000750955___1175,Negative,0.5189,0.4808,0.5189,0.0003,362
GCF_000750955___1176,Negative,0.9968,0.0032,0.9968,0.0,731
GCF_000750955___1177,Negative,0.9935,0.0023,0.0041,0.9935,400
GCF_000750955___1178,Negative,0.6928,0.0014,0.6928,0.3058,154
GCF_000750955___1179,Negative,0.9999,1e-04,0.0,0.9999,973
GCF_000750955___1180,Negative,0.8736,0.0,0.1263,0.8736,136
GCF_000750955___1181,Negative,0.7096,0.0008,0.7096,0.2897,123
GCF_000750955___1182,Negative,0.993,0.0007,0.0063,0.993,502
GCF_000750955___1183,Negative,0.9999,1e-04,0.9999,0.0,112
GCF_000750955___1184,Negative,0.9716,0.0,0.9716,0.0284,194
GCF_000750955___1185,Negative,0.9861,0.0,0.9861,0.0139,866
GCF_000750955___1186,Negative,0.8788,0.0012,0.12,0.8788,151
GCF_000750955___1187,Negative,0.9999,0.0,1e-04,0.9999,274
GCF_000750955___1188,Negative,0.9998,1e-04,1e-04,0.9998,239
GCF_000750955___1189,Inc-protein,0.9695,0.9695,0.0244,0.0061,124
GCF_000750955___1190,Negative,0.9434,0.0,0.9434,0.0566,464
GCF_000750955___1191,Negative,0.9214,0.0003,0.0783,0.9214,143
GCF_000750955___1192,Negative,0.9956,0.0044,0.9956,0.0,312
GCF_000750955___1193,Negative,0.4428,0.0002,0.4428,0.557,314
GCF_000750955___1194,Negative,0.6764,1e-04,0.6764,0.3235,112
GCF_000750955___1195,Negative,0.9999,0.0,0.9999,1e-04,230
GCF_000750955___1196,Negative,0.8979,0.0085,0.0936,0.8979,145
GCF_000750955___1197,Negative,0.8704,0.0003,0.1293,0.8704,331
GCF_000750955___1198,Negative,0.9992,0.0,0.9992,0.0008,454
GCF_000750955___1199,Negative,0.9581,0.0,0.9581,0.0419,166
GCF_000750955___1200,Negative,0.8577,1e-04,0.8577,0.1422,185
GCF_000750955___1201,Negative,0.995,0.0,0.995,0.005,241
GCF_000750955___1202,Negative,0.9836,0.0,0.9836,0.0164,82
GCF_000750955___1203,Negative,0.9082,1e-04,0.9082,0.0917,252
GCF_000750955___1204,Negative,0.9964,0.0,0.9964,0.0036,287
GCF_000750955___1205,Negative,0.9835,0.0116,0.0049,0.9835,591
GCF_000750955___1206,Negative,0.9986,0.0,0.9986,0.0014,395
GCF_000750955___1207,Negative,0.9768,0.0231,0.9768,1e-04,560
GCF_000750955___1208,Negative,0.9969,0.0029,0.9969,1e-04,691
GCF_000750955___1209,Negative,0.9996,0.0003,0.9996,1e-04,180
GCF_000750955___1210,Negative,0.9369,0.0625,0.9369,0.0006,876
GCF_000750955___1211,Negative,0.9909,0.0,0.0091,0.9909,803
GCF_000750955___1212,Negative,0.9036,0.0004,0.096,0.9036,240
GCF_000750955___1213,Negative,0.867,0.0005,0.867,0.1326,162
GCF_000750955___1214,Negative,0.7524,0.0,0.7524,0.2476,639
GCF_000750955___1215,Negative,0.9942,0.0053,0.9942,0.0005,836
GCF_000750955___1216,Negative,0.9542,0.0003,0.0456,0.9542,457
GCF_000750955___1217,Negative,0.9983,0.0,0.9983,0.0017,441
GCF_000750955___1218,Negative,0.9256,0.0725,0.9256,0.0019,366
GCF_000750955___1219,Negative,0.9997,0.0003,0.0,0.9997,521
GCF_000750955___1220,Negative,0.9998,0.0,1e-04,0.9998,880
GCF_000750955___1221,Negative,0.9997,0.0002,1e-04,0.9997,543
GCF_000750955___1222,Negative,0.9824,0.0,0.9824,0.0175,111
GCF_000750955___1223,Negative,0.9561,1e-04,0.9561,0.0438,198
GCF_000750955___1224,Negative,0.9373,1e-04,0.9373,0.0627,463
GCF_000750955___1225,Negative,0.9595,0.0,0.9595,0.0405,406
GCF_000750955___1226,Negative,0.8628,1e-04,0.8628,0.1371,944
GCF_000750955___1227,Negative,0.9905,0.0013,0.0082,0.9905,216
GCF_000750955___1228,Negative,0.2517,0.6454,0.2517,0.1029,801
GCF_000750955___1229,Negative,0.0175,0.5902,0.0175,0.3924,199
GCF_000750955___1230,Negative,0.9994,0.0004,0.0002,0.9994,486
GCF_000750955___1231,Negative,0.4254,0.0008,0.4254,0.5737,158
GCF_000750955___1232,Negative,0.9999,0.0,1e-04,0.9999,474
GCF_000750955___1233,Negative,0.8781,0.0877,0.8781,0.0342,666
GCF_000750955___1234,Negative,0.9993,0.0,0.9993,0.0007,798
GCF_000750955___1235,Negative,0.8613,0.0009,0.1377,0.8613,294
GCF_000750955___1236,Negative,0.9691,0.001,0.0299,0.9691,159
GCF_000750955___1237,Negative,0.5446,1e-04,0.5446,0.4553,384
GCF_000750955___1238,Negative,0.9999,0.0,1e-04,0.9999,3062
GCF_000750955___1239,Negative,0.9787,1e-04,0.9787,0.0212,388
GCF_000750955___1240,Negative,0.9999,1e-04,0.9999,0.0,1034
GCF_000750955___1241,Negative,0.8499,0.0071,0.8499,0.143,487
GCF_000750955___1242,Negative,0.9918,0.0006,0.0077,0.9918,596
GCF_000750955___1243,Negative,0.2962,0.0,0.2962,0.7037,237
GCF_000750955___1244,Negative,0.6716,1e-04,0.6716,0.3283,218
GCF_000750955___1245,Negative,0.937,0.0,0.937,0.0629,516
GCF_000750955___1246,Negative,0.9935,0.0,0.9935,0.0065,246
GCF_000750955___1247,Negative,0.9489,0.0003,0.0508,0.9489,82
GCF_000750955___1248,Negative,0.9785,1e-04,0.9785,0.0215,355
GCF_000750955___1249,Negative,0.7885,0.0006,0.7885,0.2109,500
GCF_000750955___1250,Negative,0.8696,0.0,0.8696,0.1304,156
GCF_000750955___1251,Negative,0.3049,0.0004,0.3049,0.6947,175
GCF_000750955___1252,Negative,0.9993,0.0,0.0007,0.9993,237
GCF_000750955___1253,Negative,0.9761,0.0,0.9761,0.0239,431
GCF_000750955___1254,Negative,0.9962,0.0,0.0037,0.9962,3919
GCF_000750955___1255,Negative,0.9361,0.0003,0.0636,0.9361,270
GCF_000750955___1256,Negative,0.9969,0.0024,0.0007,0.9969,245
GCF_000750955___1257,Negative,0.9998,1e-04,0.0002,0.9998,693
GCF_000750955___1258,Negative,0.9928,0.0,0.9928,0.0072,1041
GCF_000750955___1259,Negative,0.9601,1e-04,0.9601,0.0398,158
GCF_000750955___1260,Negative,0.9731,0.0,0.9731,0.0269,353
GCF_000750955___1261,Negative,0.9896,0.0006,0.9896,0.0097,60
GCF_000750955___1262,Negative,0.9632,1e-04,0.9632,0.0367,199
GCF_000750955___1263,Negative,0.9819,1e-04,0.9819,0.018,70
GCF_000750955___1264,Negative,0.9754,0.0016,0.023,0.9754,155
GCF_000750955___1265,Negative,0.9602,0.0037,0.0361,0.9602,287
GCF_000750955___1266,Negative,0.2395,0.0206,0.2395,0.74,210
GCF_000750955___1267,Negative,0.8696,1e-04,0.8696,0.1303,517
GCF_000750955___1268,Negative,0.908,0.0009,0.908,0.0911,276
GCF_000750955___1269,Negative,0.9919,0.0,0.9919,0.0081,153
GCF_000750955___1270,Negative,0.9617,0.0,0.9617,0.0383,132
GCF_000750955___1271,Negative,0.9678,0.0006,0.0316,0.9678,259
GCF_000750955___1272,Negative,0.972,0.0002,0.972,0.0278,156
GCF_000750955___1273,Negative,0.7366,1e-04,0.7366,0.2633,130
GCF_000750955___1274,Negative,0.9994,0.0,0.9994,0.0006,140
GCF_000750955___1275,Negative,0.743,0.0012,0.743,0.2559,132
GCF_000750955___1276,Negative,0.9978,0.0,0.0022,0.9978,429
GCF_000750955___1277,Negative,0.9998,0.0,0.0002,0.9998,430
GCF_000750955___1278,Negative,0.9988,0.0,0.0012,0.9988,432
GCF_000750955___1279,Negative,0.9267,1e-04,0.9267,0.0732,143
GCF_000750955___1280,Negative,0.071,0.1304,0.071,0.7986,216
GCF_000750955___1281,Negative,0.8721,0.0003,0.8721,0.1277,225
GCF_000750955___1282,Negative,0.9399,1e-04,0.9399,0.06,135
GCF_000750955___1283,Negative,0.8846,1e-04,0.8846,0.1153,141
GCF_000750955___1284,Inc-protein,0.9821,0.9821,1e-04,0.0178,367
GCF_000750955___1285,Inc-protein,0.9999,0.9999,0.0,1e-04,314
GCF_000750955___1286,Inc-protein,1.0,1.0,0.0,0.0,311
GCF_000750955___1287,Negative,0.9757,0.0243,0.9757,1e-04,122
GCF_000750955___1288,Negative,0.9592,0.0,0.9592,0.0408,206
GCF_000750955___1289,Negative,0.9981,0.0,0.9981,0.0019,282
GCF_000750955___1290,Negative,0.9893,0.0024,0.0083,0.9893,966
GCF_000750955___1291,Negative,0.9987,0.0013,0.0,0.9987,1438
GCF_000750955___1292,Negative,0.999,0.0,0.001,0.999,234
GCF_000750955___1293,Negative,0.9985,0.0014,0.0002,0.9985,1337
GCF_000750955___1294,Negative,0.9993,0.0,0.9993,0.0007,606
GCF_000750955___1295,Negative,0.7619,0.0002,0.7619,0.238,348
GCF_000750955___1296,Negative,0.9008,0.0002,0.0991,0.9008,378
GCF_000750955___1297,Negative,0.9885,0.0003,0.0112,0.9885,691
GCF_000750955___1298,Negative,0.9864,0.0003,0.0133,0.9864,415
GCF_000750955___1299,Negative,0.9674,0.0299,0.9674,0.0028,641
GCF_000750955___1300,Negative,0.9952,0.0,0.9952,0.0047,483
GCF_000750955___1301,Negative,0.9636,0.0348,0.9636,0.0016,462
GCF_000750955___1302,Negative,0.8792,0.0002,0.1206,0.8792,1233
GCF_000750955___1303,Negative,0.5163,0.012,0.5163,0.4717,115
GCF_000750955___1304,Negative,0.9358,0.0,0.9358,0.0642,886
GCF_000750955___1305,Negative,0.995,0.0,0.995,0.005,372
GCF_000750955___1306,Negative,0.9652,0.0,0.9652,0.0348,383
GCF_000750955___1307,Negative,0.9923,0.0077,0.9923,0.0,419
GCF_000750955___1308,Negative,0.5015,1e-04,0.5015,0.4984,478
GCF_000750955___1309,Negative,0.7544,1e-04,0.7544,0.2455,334
GCF_000750955___1310,Inc-protein,0.9658,0.9658,0.0337,0.0005,456
GCF_000750955___1311,Negative,0.9441,0.0,0.9441,0.0558,459
GCF_000750955___1312,Negative,0.9999,1e-04,0.0,0.9999,915
GCF_000750955___1313,Negative,0.9746,1e-04,0.9746,0.0253,484
GCF_000750955___1314,Negative,0.3416,0.0046,0.3416,0.6538,336
GCF_000750955___1315,Negative,0.9991,0.0,0.9991,0.0009,244
GCF_000750955___1316,Negative,0.3673,0.6326,0.3673,1e-04,376
GCF_000750955___1317,Negative,0.9997,0.0,0.9997,0.0003,304
GCF_000750955___1318,Negative,0.9983,0.0,0.9983,0.0017,387
GCF_000750955___1319,Negative,0.9864,0.0005,0.9864,0.0131,308
GCF_000750955___1320,Negative,0.9064,0.0066,0.0871,0.9064,140
GCF_000750955___1321,Negative,0.9936,0.0062,0.9936,0.0002,403
GCF_000750955___1322,Negative,0.9758,0.0,0.9758,0.0242,608
GCF_000750955___1323,Negative,0.9861,0.0,0.9861,0.0139,453
GCF_000750955___1324,Negative,0.6412,0.0,0.6412,0.3588,431
GCF_000750955___1325,Negative,0.758,0.0018,0.758,0.2402,177
GCF_000750955___1326,Negative,0.9806,1e-04,0.9806,0.0193,239
GCF_000750955___1327,Negative,0.6796,0.3192,0.6796,0.0012,224
GCF_000750955___1328,Negative,0.7856,1e-04,0.7856,0.2143,383
GCF_000750955___1329,Negative,0.9985,0.0002,0.9985,0.0013,218
GCF_000750955___1330,Negative,0.9113,0.0,0.9113,0.0886,341
GCF_000750955___1331,Negative,0.99,0.0,0.99,0.01,168
GCF_000750955___1332,Negative,0.9971,1e-04,0.0028,0.9971,126
GCF_000750955___1333,Negative,0.9809,0.0,0.9809,0.0191,511
GCF_000750955___1334,Negative,0.6727,0.0,0.6727,0.3273,330
GCF_000750955___1335,Negative,0.9983,1e-04,0.0015,0.9983,338
GCF_000750955___1336,Negative,0.5143,0.0009,0.5143,0.4848,258
GCF_000750955___1337,Negative,0.8783,0.0002,0.1216,0.8783,961
GCF_000750955___1338,Negative,0.8573,0.0,0.8573,0.1427,496
GCF_000750955___1339,Inc-protein,0.9946,0.9946,0.004,0.0014,151
GCF_000750955___1340,Negative,0.9981,0.001,0.0008,0.9981,105
GCF_000750955___1341,Negative,0.9989,0.0,0.9989,0.0011,507
GCF_000750955___1342,Negative,0.8898,1e-04,0.1101,0.8898,280
GCF_000750955___1343,Negative,1.0,0.0,0.0,1.0,1086
GCF_000750955___1344,Negative,0.9999,0.0,0.9999,1e-04,32
GCF_000750955___1345,Negative,0.7422,0.0,0.7422,0.2578,467
GCF_000750955___1346,Negative,0.997,0.0,0.997,0.0029,245
GCF_000750955___1347,Negative,0.5072,0.0008,0.5072,0.4919,223
GCF_000750955___1348,Negative,0.7337,1e-04,0.7337,0.2662,183
GCF_000750955___1349,Negative,0.9989,0.0,0.9989,0.0011,351
GCF_000750955___1350,Inc-protein,0.9893,0.9893,0.0038,0.0069,161
GCF_000750955___1351,Negative,0.6061,0.0,0.6061,0.3939,706
GCF_000750955___1352,Negative,0.9287,1e-04,0.9287,0.0711,81
GCF_000750955___1353,Negative,0.3852,0.0239,0.3852,0.5909,324
GCF_000750955___1354,Negative,0.9779,0.0,0.9779,0.0221,230
GCF_000750955___1355,Negative,0.9993,0.0,0.9993,0.0007,247
GCF_000750955___1356,Negative,0.5134,1e-04,0.5134,0.4865,225
GCF_000750955___1357,Negative,0.8649,0.1343,0.8649,0.0008,414
GCF_000750955___1358,Negative,0.8534,1e-04,0.8534,0.1464,209
GCF_000750955___1359,Negative,0.3367,0.0004,0.3367,0.6629,115
GCF_000750955___1360,Negative,0.9973,0.0,0.9973,0.0027,224
GCF_000750955___1361,Negative,0.8745,0.0,0.1255,0.8745,468
GCF_000750955___1362,Negative,0.9956,0.0006,0.9956,0.0038,575
GCF_000750955___1363,Negative,0.9915,0.0,0.9915,0.0085,349
GCF_000750955___1364,Negative,0.9981,0.0,0.9981,0.0019,318
GCF_000750955___1365,Negative,0.4798,0.0003,0.4798,0.5199,553
GCF_000750955___1366,Negative,0.9897,0.0,0.9897,0.0103,374
GCF_000750955___1367,Negative,0.966,0.0,0.966,0.0339,118
GCF_000750955___1368,Negative,0.9989,0.0006,0.9989,0.0005,258
GCF_000750955___1369,Negative,0.9761,0.0003,0.9761,0.0236,361
GCF_000750955___1370,Negative,0.9639,0.0009,0.0352,0.9639,142
GCF_000750955___1371,Negative,0.491,0.0003,0.491,0.5087,111
GCF_000750955___1372,Negative,0.9894,0.0,0.9894,0.0105,136
GCF_000750955___1373,Negative,0.464,0.0028,0.464,0.5332,522
GCF_000750955___1374,Inc-protein,0.9888,0.9888,0.006,0.0053,98
GCF_000750955___1375,Negative,0.2727,0.0016,0.2727,0.7257,413
GCF_000750955___1376,Negative,0.4611,0.0,0.4611,0.5389,135
GCF_000750955___1377,Negative,0.9997,1e-04,0.9997,0.0002,29
GCF_000750955___1378,Inc-protein,0.9293,0.9293,0.0704,0.0003,198
GCF_000750955___1379,Negative,0.9999,0.0,1e-04,0.9999,512
GCF_000750955___1380,Negative,0.6069,0.3929,0.6069,0.0002,468
GCF_000750955___1381,Inc-protein,0.994,0.994,0.006,0.0,350
GCF_000750955___1382,Negative,0.97,1e-04,0.0299,0.97,803
GCF_000750955___1383,Negative,0.8341,0.0161,0.1498,0.8341,1013
GCF_000750955___1384,Negative,0.8991,0.0,0.8991,0.1009,185
GCF_000750955___1385,Negative,0.9907,0.0002,0.0092,0.9907,251
GCF_000750955___1386,Negative,0.9866,0.0,0.9866,0.0134,568
GCF_000750955___1387,Negative,0.8989,0.0005,0.1006,0.8989,367
GCF_000750955___1388,Negative,0.9969,0.0,0.9969,0.0031,254
GCF_000750955___1389,Negative,0.9486,0.0,0.9486,0.0513,153
GCF_000750955___1390,Negative,0.9837,0.0,0.9837,0.0163,352
GCF_000750955___1391,Negative,0.6764,0.0016,0.6764,0.3219,371
GCF_000750955___1392,Negative,0.3812,0.0,0.3812,0.6188,306
GCF_000750955___1393,Negative,0.9961,0.0,0.9961,0.0039,62
GCF_000750955___1394,Inc-protein,0.991,0.991,0.0003,0.0088,224
GCF_000750955___1395,Negative,0.0015,0.21,0.0015,0.7885,247
GCF_000750955___1396,Negative,0.9994,0.0004,0.0002,0.9994,439
GCF_000750955___1397,Negative,0.9955,0.0032,0.0013,0.9955,193
GCF_000750955___1398,Negative,0.9869,0.0021,0.0111,0.9869,182
GCF_000750955___1399,Negative,0.9668,0.0,0.0332,0.9668,1815
GCF_000750955___1400,Inc-protein,0.977,0.977,0.0006,0.0224,224
GCF_000750955___1401,Negative,0.8366,1e-04,0.8366,0.1633,82
GCF_000750955___1402,Negative,0.3533,0.0002,0.3533,0.6465,383
GCF_000750955___1403,Negative,0.2946,0.0006,0.2946,0.7049,322
GCF_000750955___1404,Negative,0.933,0.0421,0.0249,0.933,259
GCF_000750955___1405,Negative,0.9991,0.0009,0.9991,0.0,105
GCF_000750955___1406,Negative,0.7508,0.0032,0.7508,0.246,468
GCF_000750955___1407,Negative,0.9637,0.0,0.9637,0.0363,247
GCF_000750955___1408,Negative,0.9843,0.0,0.9843,0.0157,279
GCF_000750955___1409,Negative,0.9401,0.0002,0.9401,0.0597,282
GCF_000750955___1410,Negative,0.9897,0.0,0.9897,0.0103,242
GCF_000750955___1411,Negative,0.9679,1e-04,0.9679,0.0319,183
GCF_000750955___1412,Negative,0.3938,0.0,0.3938,0.6061,185
GCF_000750955___1413,Negative,0.2635,0.0,0.2635,0.7365,354
GCF_000750955___1414,Negative,0.6428,1e-04,0.6428,0.3572,364
GCF_000750955___1415,Negative,0.8986,0.0,0.8986,0.1014,227
GCF_000750955___1416,Negative,0.9501,0.0005,0.9501,0.0494,97
GCF_000750955___1417,Negative,0.9835,0.0,0.9835,0.0165,280
GCF_000750955___1418,Negative,0.5034,0.2573,0.5034,0.2393,146
GCF_000750955___1419,Negative,0.9622,0.0,0.9622,0.0378,294
GCF_000750955___1420,Inc-protein,0.9984,0.9984,0.0009,0.0006,404
GCF_000750955___1421,Negative,0.6038,1e-04,0.6038,0.3962,271
GCF_000750955___1422,Negative,0.9887,0.0072,0.0041,0.9887,320
GCF_000750955___1423,Negative,0.5531,0.0,0.5531,0.4469,256
GCF_000750955___1424,Negative,0.8133,0.0,0.8133,0.1867,554
GCF_000750955___1425,Negative,0.642,0.0,0.642,0.358,739
GCF_000750955___1426,Negative,0.9758,0.0,0.9758,0.0241,247
GCF_000750955___1427,Negative,0.9997,0.0,0.0003,0.9997,334
GCF_000750955___1428,Negative,0.8348,1e-04,0.1651,0.8348,628
GCF_000750955___1429,Negative,0.9994,0.0006,0.0,0.9994,663
GCF_000750955___1430,Negative,0.002,0.5393,0.002,0.4587,871
GCF_000750955___1431,Negative,0.9829,0.0007,0.0164,0.9829,343
GCF_000750955___1432,Negative,0.9961,0.0,0.9961,0.0039,285
GCF_000750955___1433,Negative,0.9759,1e-04,0.024,0.9759,355
GCF_000750955___1434,Negative,0.8116,1e-04,0.8116,0.1883,605
GCF_000750955___1435,Negative,0.9997,0.0,0.0003,0.9997,266
GCF_000750955___1436,Negative,0.3852,0.0113,0.3852,0.6035,82
GCF_000750955___1437,Negative,0.9877,0.0,0.9877,0.0123,200
GCF_000750955___1438,Negative,0.8451,1e-04,0.1548,0.8451,596
GCF_000750955___1439,Negative,0.2427,0.0,0.2427,0.7573,1136
GCF_000750955___1440,Negative,0.2782,0.0,0.2782,0.7218,1122
GCF_000750955___1441,Negative,0.9585,0.0017,0.9585,0.0398,63
GCF_000750955___1442,Inc-protein,0.9995,0.9995,0.0,0.0005,144
GCF_000750955___1443,Inc-protein,0.9997,0.9997,0.0,0.0003,138
GCF_000750955___1444,Inc-protein,0.9946,0.9946,0.0027,0.0027,122
GCF_000750955___1445,Negative,0.8463,0.0002,0.8463,0.1535,1149
GCF_000750955___1446,Negative,0.8062,0.0112,0.1826,0.8062,481
GCF_000750955___1447,Negative,0.8863,0.0003,0.8863,0.1134,423
GCF_000750955___1448,Negative,0.2514,0.0008,0.2514,0.7478,172
GCF_000750955___1449,Negative,0.2667,0.0004,0.2667,0.733,170
GCF_000750955___1450,Negative,0.9555,0.0015,0.9555,0.043,332
GCF_000750955___1451,Negative,0.9502,0.0,0.9502,0.0498,156
GCF_000750955___1452,Negative,0.9887,0.0,0.9887,0.0113,118
GCF_000750955___1453,Negative,0.9046,0.0009,0.0945,0.9046,256
GCF_000750955___1454,Negative,0.5994,0.0553,0.5994,0.3453,970
GCF_000750955___1455,Negative,0.8822,0.0215,0.8822,0.0963,352
GCF_000750955___1456,Negative,0.9998,0.0,0.9998,0.0002,390
GCF_000750955___1457,Negative,0.997,0.0016,0.0014,0.997,212
GCF_000750955___1458,Negative,0.646,0.3539,0.646,1e-04,757
GCF_000750955___1459,Negative,0.9202,0.0791,0.9202,0.0007,396
GCF_000750955___1460,Negative,0.9227,0.0147,0.0626,0.9227,136
GCF_000750955___1461,Negative,0.524,0.4736,0.524,0.0024,624
GCF_000750955___1462,Negative,0.9912,0.0022,0.0065,0.9912,162
GCF_000750955___1463,Negative,0.3027,0.0015,0.3027,0.6958,291
GCF_000750955___1464,Negative,0.8802,0.0003,0.1196,0.8802,753
GCF_000750955___1465,Negative,0.5476,0.0778,0.5476,0.3746,1307
GCF_000750955___1466,Negative,0.49,0.5076,0.49,0.0024,457
GCF_000750955___1467,Inc-protein,0.9142,0.9142,0.0855,0.0003,291
GCF_000750955___1468,Negative,0.9461,0.0,0.9461,0.0538,497
GCF_000750955___1469,Negative,0.981,0.0189,0.981,1e-04,464
GCF_000750955___1470,Negative,0.82,0.0002,0.82,0.1798,693
GCF_000750955___1471,Negative,0.996,0.0,0.996,0.004,134
GCF_000750955___1472,Negative,0.9352,0.0645,0.9352,0.0003,511
GCF_000750955___1473,Negative,0.9642,0.0357,0.9642,1e-04,497
GCF_000750955___1474,Negative,0.944,0.0003,0.944,0.0556,696
GCF_000750955___1475,Negative,0.9751,0.0247,0.9751,0.0002,229
GCF_000750955___1476,Negative,0.5333,0.0056,0.5333,0.4611,283
GCF_000750955___1477,Negative,0.5786,0.0611,0.5786,0.3602,370
GCF_000750955___1478,Negative,0.8191,0.0,0.8191,0.1809,251
GCF_000750955___1479,Negative,0.9157,0.0,0.9157,0.0843,670
GCF_000750955___1480,Negative,0.9851,0.0003,0.0146,0.9851,335
GCF_000750955___1481,Inc-protein,0.9998,0.9998,0.0,0.0002,291
GCF_000750955___1482,Negative,0.9728,0.0002,0.027,0.9728,547
GCF_000750955___1483,Negative,0.999,0.0009,0.999,0.0,402
GCF_000750955___1484,Negative,0.9994,0.0006,0.9994,0.0,407
GCF_000750955___1485,Negative,0.9596,0.0,0.9596,0.0403,358
GCF_000750955___1486,Negative,0.9804,0.0015,0.0181,0.9804,196
GCF_000750955___1487,Negative,0.9996,1e-04,0.0004,0.9996,425
GCF_000750955___1488,Negative,0.9835,1e-04,0.9835,0.0164,1022
GCF_000750955___1489,Negative,0.9952,0.0047,0.9952,0.0,243
GCF_000750955___1490,Negative,0.8552,0.0003,0.8552,0.1445,298
GCF_000750955___1491,Negative,0.8274,0.0,0.8274,0.1725,458
GCF_000750955___1492,Negative,0.9886,0.0,0.9886,0.0114,207
GCF_000750955___1493,Negative,0.9492,1e-04,0.9492,0.0507,216
GCF_000750955___1494,Negative,0.9759,0.0,0.9759,0.024,202
GCF_000750955___1495,Negative,0.9917,0.0,0.9917,0.0083,164
GCF_000750955___1496,Negative,0.9998,0.0,1e-04,0.9998,1117
GCF_000750955___1497,Negative,0.7229,0.0,0.7229,0.2771,357
GCF_000750955___1498,Negative,0.3949,0.0,0.3949,0.6051,454
GCF_000750955___1499,Negative,0.9895,0.0,0.9895,0.0105,340
GCF_000750955___1500,Negative,0.9304,0.0,0.9304,0.0696,499
GCF_000750955___1501,Negative,0.9978,0.0019,0.0003,0.9978,485
GCF_000750955___1502,Negative,0.5427,0.0009,0.5427,0.4563,439
GCF_000750955___1503,Negative,0.8685,0.0013,0.8685,0.1303,278
GCF_000750955___1504,Negative,0.9702,0.0295,0.9702,0.0004,407
GCF_000750955___1505,Negative,0.3283,0.0019,0.3283,0.6698,421
GCF_000750955___1506,Negative,0.983,0.0,0.983,0.017,367
GCF_000750955___1507,Negative,0.9885,0.0,0.9885,0.0115,548
GCF_000750955___1508,Negative,0.9675,0.0,0.9675,0.0324,373
GCF_000750955___1509,Negative,0.9974,0.0,0.9974,0.0026,432
GCF_000750955___1510,Negative,0.9901,0.0092,0.9901,0.0007,482
GCF_000750955___1511,Negative,0.9491,0.0158,0.9491,0.0351,333
GCF_000750955___1512,Negative,0.399,0.0012,0.399,0.5998,383
GCF_000750955___1513,Negative,0.8161,0.0003,0.8161,0.1835,393
GCF_000750955___1514,Negative,0.5244,0.0008,0.5244,0.4748,377
GCF_000750955___1515,Negative,0.7717,0.2272,0.7717,0.0011,585
GCF_000750955___1516,Negative,0.361,0.003,0.361,0.636,290
GCF_000750955___1517,Negative,0.9354,0.0,0.0645,0.9354,379
GCF_000750955___1518,Negative,0.53,1e-04,0.53,0.4699,655
GCF_000750955___1519,Negative,0.9819,1e-04,0.9819,0.018,353
GCF_000750955___1520,Negative,0.9966,0.0,0.9966,0.0034,311
GCF_000750955___1521,Negative,0.8691,0.0,0.8691,0.1308,662
GCF_000750955___1522,Negative,0.9487,1e-04,0.9487,0.0511,410
GCF_000750955___1523,Negative,0.9066,0.0044,0.9066,0.0889,464
GCF_000750955___1524,Negative,0.9697,0.0004,0.9697,0.0298,238
GCF_000750955___1525,Negative,0.4412,0.5546,0.4412,0.0042,480
GCF_000750955___1526,Negative,0.5117,0.0,0.5117,0.4883,426
GCF_000750955___1527,Negative,0.9411,0.0,0.9411,0.0589,406
GCF_000750955___1528,Negative,0.3184,0.0035,0.3184,0.6781,278
GCF_000750955___1529,Negative,0.9966,0.0002,0.0032,0.9966,323
GCF_000750955___1530,Negative,0.9918,0.0005,0.9918,0.0077,202
GCF_000750955___1531,Negative,0.9958,0.0,0.9958,0.0042,316
GCF_000750955___1532,Negative,0.3092,0.0004,0.3092,0.6904,228
GCF_000750955___1533,Inc-protein,0.8257,0.8257,0.0009,0.1734,338
GCF_000750955___1534,Negative,0.9042,0.0,0.9042,0.0958,263
GCF_000750955___1535,Negative,1.0,0.0,0.0,1.0,2967
GCF_000750955___1536,Negative,0.9983,0.0,0.9983,0.0017,161
GCF_000750955___1537,Negative,0.445,0.551,0.445,0.004,366
GCF_000750955___1538,Negative,0.9996,0.0004,0.0,0.9996,1259
GCF_000750955___1539,Negative,0.9639,1e-04,0.9639,0.0359,158
GCF_000750955___1540,Negative,0.9994,0.0,0.9994,0.0006,121
GCF_000750955___1541,Negative,0.9957,0.0039,0.9957,0.0004,185
GCF_000750955___1542,Negative,0.9412,1e-04,0.0587,0.9412,237
GCF_000750955___1543,Negative,0.994,0.0,0.994,0.006,403
GCF_000750955___1544,Negative,0.9633,0.0,0.9633,0.0367,267
GCF_000750955___1545,Inc-protein,0.995,0.995,0.0016,0.0034,408
GCF_000750955___1546,Negative,0.927,0.0335,0.927,0.0395,127
GCF_000750955___1547,Inc-protein,0.9997,0.9997,0.0003,0.0,178
GCF_000750955___1548,Negative,0.9483,0.0,0.9483,0.0517,349
GCF_000750955___1549,Negative,0.9957,0.0,0.9957,0.0043,480
GCF_000750955___1550,Negative,0.9962,0.0037,0.9962,0.0,410
GCF_000750955___1551,Negative,0.8618,0.0165,0.8618,0.1217,383
GCF_000750955___1552,Negative,0.8395,0.0,0.8395,0.1605,202
GCF_000750955___1553,Negative,0.9996,0.0004,0.0,0.9996,850
GCF_000750955___1554,Negative,0.9995,0.0005,0.9995,1e-04,509
GCF_000750955___1555,Negative,0.0022,0.6932,0.0022,0.3046,291
GCF_000750955___1556,Negative,0.9878,0.0009,0.0112,0.9878,110
GCF_000750955___1557,Negative,0.993,0.0013,0.0057,0.993,263
GCF_000750955___1558,Negative,0.9204,0.0,0.9204,0.0795,382
GCF_000750955___1559,Negative,0.9999,1e-04,0.0,0.9999,862
GCF_000750955___1560,Negative,0.9292,1e-04,0.0707,0.9292,341
GCF_000750955___1561,Negative,0.9985,0.0015,0.9985,1e-04,303
GCF_000750955___1562,Negative,0.9628,0.025,0.0122,0.9628,488
GCF_000750955___1563,Inc-protein,0.8612,0.8612,0.1289,0.0099,127
GCF_000750955___1564,Negative,0.9886,0.0113,0.9886,0.0,80
GCF_000750955___1565,Negative,0.2278,0.0008,0.2278,0.7713,307
GCF_000750955___1566,Negative,0.9992,0.0,0.9992,0.0008,362
GCF_000750955___1567,Negative,0.9661,1e-04,0.9661,0.0339,418
GCF_000750955___1568,Negative,0.9998,0.0,0.9998,0.0002,145
GCF_000750955___1569,Negative,0.5218,0.0009,0.5218,0.4773,305
GCF_000750955___1570,Negative,0.9649,0.0,0.9649,0.0351,914
GCF_000750955___1571,Negative,0.9952,0.0,0.9952,0.0048,334
GCF_000750955___1572,Negative,0.5746,0.0011,0.5746,0.4243,184
GCF_000750955___1573,Negative,0.2144,1e-04,0.2144,0.7856,432
GCF_000750955___1574,Negative,0.971,0.0254,0.971,0.0036,207
GCF_000750955___1575,Negative,0.0122,0.7773,0.0122,0.2104,559
GCF_000750955___1576,Negative,0.9809,0.0036,0.9809,0.0155,89
GCF_000750955___1577,Negative,0.9815,0.018,0.9815,0.0005,318
GCF_000750955___1578,Negative,0.985,0.0,0.985,0.015,632
GCF_000750955___1579,Negative,0.9992,0.0,0.9992,0.0008,258
GCF_000750955___1580,Negative,0.8317,0.0178,0.1505,0.8317,367
GCF_000750955___1581,Negative,0.8716,0.1258,0.8716,0.0026,511
GCF_000750955___1582,Negative,0.978,0.0019,0.0201,0.978,265
GCF_000750955___1583,Inc-protein,0.9665,0.9665,0.0084,0.0251,101
GCF_000750955___1584,Negative,0.9905,0.0,0.9905,0.0094,235
GCF_000750955___1585,Negative,0.9983,0.0,0.9983,0.0017,610
GCF_000750955___1586,Negative,0.9703,1e-04,0.9703,0.0296,420
GCF_000750955___1587,Negative,0.9938,0.0,0.9938,0.0062,330
GCF_000750955___1588,Negative,0.9979,0.0,0.9979,0.0021,93
GCF_000750955___1589,Negative,0.9931,0.0,0.9931,0.0069,612
GCF_000750955___1590,Negative,0.9952,0.0048,0.9952,0.0,51
GCF_000750955___1591,Negative,0.9994,0.0002,0.9994,0.0005,171
GCF_000750955___1592,Negative,0.9995,0.0005,0.9995,0.0,441
GCF_000750955___1593,Negative,0.9993,0.0,0.9993,0.0007,1340
GCF_000750955___1594,Negative,0.996,0.004,0.996,0.0,477
GCF_000750955___1595,Negative,0.9985,0.0003,0.9985,0.0013,419
GCF_000750955___1596,Negative,0.6897,0.3103,0.6897,0.0,63
GCF_000750955___1597,Negative,0.9727,0.0256,0.9727,0.0017,97
GCF_000750955___1598,Negative,0.5981,0.0,0.5981,0.4018,258
GCF_000750955___1599,Negative,0.7379,0.0,0.7379,0.2621,234
GCF_000750955___1600,Negative,0.4866,0.0004,0.4866,0.5129,88
GCF_000750955___1601,Negative,0.8221,0.1775,0.8221,0.0005,137
GCF_000750955___1602,Negative,0.261,0.0,0.261,0.739,1802
GCF_000750955___1603,Negative,0.8956,0.0002,0.8956,0.1042,79
GCF_000750955___1604,Negative,0.9768,0.0016,0.0216,0.9768,177
GCF_000750955___1605,Negative,0.2066,0.0005,0.2066,0.7928,194
GCF_000750955___1606,Negative,0.3348,0.0015,0.3348,0.6637,180
GCF_000750955___1607,Negative,0.3095,0.0002,0.3095,0.6903,265
GCF_000750955___1608,Negative,0.9506,0.0047,0.9506,0.0447,43
GCF_000750955___1609,Negative,0.872,0.0011,0.1269,0.872,165
GCF_000750955___1610,Negative,0.9684,0.0,0.9684,0.0316,578
GCF_000750955___1611,Negative,0.7484,1e-04,0.7484,0.2516,217
GCF_000750955___1612,Negative,0.8366,0.0,0.8366,0.1633,332
GCF_000750955___1613,Negative,0.4647,0.0015,0.4647,0.5338,148
GCF_000750955___1614,Negative,0.5779,1e-04,0.5779,0.422,371
GCF_000750955___1615,Negative,0.8803,0.1186,0.8803,0.001,406
GCF_000750955___1616,Negative,0.2088,0.0,0.2088,0.7912,283
GCF_000750955___1617,Negative,0.9747,0.0,0.9747,0.0252,639
GCF_000750955___1618,Negative,0.9996,0.0,0.9996,0.0004,255
GCF_000750955___1619,Negative,0.9497,1e-04,0.0502,0.9497,245
GCF_000750955___1620,Negative,0.9815,0.0185,0.9815,0.0,60
GCF_000750955___1621,Negative,0.9436,0.0549,0.9436,0.0015,306
GCF_000750955___1622,Negative,0.9349,0.0002,0.9349,0.0649,135
GCF_000750955___1623,Negative,0.9996,0.0,0.0004,0.9996,1000
GCF_000750955___1624,Negative,0.8895,0.0006,0.8895,0.11,487
GCF_000750955___1625,Negative,0.9669,0.0326,0.9669,0.0005,426
GCF_000750955___1626,Negative,0.2447,0.0,0.2447,0.7552,304
GCF_000750955___1627,Negative,0.9526,0.0,0.9526,0.0474,299
GCF_000750955___1628,Negative,0.9268,0.0002,0.9268,0.0731,152
GCF_000750955___1629,Negative,0.9298,1e-04,0.9298,0.0701,227
GCF_000750955___1630,Negative,0.8719,0.0092,0.1189,0.8719,176
GCF_000750955___1631,Negative,0.5195,0.475,0.5195,0.0055,401
GCF_000750955___1632,Negative,0.9978,0.0021,0.9978,1e-04,310
GCF_000750955___1633,Inc-protein,0.9996,0.9996,0.0003,0.0,347
GCF_000750955___1634,Negative,0.9555,0.0009,0.0436,0.9555,615
GCF_000750955___1635,Negative,0.4594,1e-04,0.4594,0.5405,156
GCF_000750955___1636,Negative,0.9039,1e-04,0.9039,0.096,193
GCF_000750955___1637,Negative,0.9913,0.0,0.9913,0.0087,98
GCF_000750955___1638,Negative,0.9207,0.0056,0.0737,0.9207,416
GCF_000750955___1639,Negative,0.9282,0.0,0.9282,0.0717,913
GCF_000750955___1640,Negative,0.9894,0.0,0.9894,0.0106,229
GCF_000750955___1641,Negative,0.9462,0.0002,0.0536,0.9462,454
GCF_000750955___1642,Negative,0.9584,0.0005,0.0411,0.9584,206
GCF_000750955___1643,Negative,0.9623,0.0,0.9623,0.0377,638
GCF_000750955___1644,Negative,0.9455,0.0002,0.9455,0.0543,297
GCF_000750955___1645,Negative,0.8873,0.0008,0.8873,0.112,307
GCF_000750955___1646,Negative,0.9757,1e-04,0.9757,0.0243,181
GCF_000750955___1647,Negative,0.9935,0.0,0.9935,0.0065,367
GCF_000750955___1648,Negative,0.9986,0.0,0.9986,0.0014,284
GCF_000750955___1649,Negative,0.9418,0.0022,0.9418,0.056,376
GCF_000750955___1650,Negative,0.9529,1e-04,0.9529,0.047,399
GCF_000750955___1651,Negative,0.2554,0.0005,0.2554,0.7441,221
GCF_000750955___1652,Negative,0.8652,1e-04,0.8652,0.1347,206
GCF_000750955___1653,Negative,0.9419,0.0008,0.0573,0.9419,724
GCF_000750955___1654,Negative,0.9898,0.0,0.0102,0.9898,166
GCF_000750955___1655,Negative,0.9719,0.0,0.0281,0.9719,388
GCF_000750955___1656,Negative,0.9991,0.0,0.0008,0.9991,138
GCF_000750955___1657,Negative,0.8896,1e-04,0.8896,0.1104,347
GCF_000750955___1658,Negative,0.9958,0.0042,0.0,0.9958,3081
GCF_000750955___1659,Negative,0.9343,0.0032,0.9343,0.0625,262
GCF_000750955___1660,Negative,0.9998,0.0002,0.0,0.9998,3115
GCF_000750955___1661,Negative,0.9954,0.0005,0.9954,0.0041,717
GCF_000750955___1662,Negative,0.948,0.0,0.948,0.052,481
GCF_000750955___1663,Negative,0.7603,0.0003,0.7603,0.2394,273
GCF_000750955___1664,Negative,0.8848,0.0004,0.8848,0.1148,97
GCF_000750955___1665,Negative,0.994,0.0,0.994,0.006,572
GCF_000750955___1666,Negative,0.9742,1e-04,0.9742,0.0257,97
GCF_000750955___1667,Negative,0.7702,0.0024,0.7702,0.2274,417
GCF_000750955___1668,Negative,0.7497,1e-04,0.7497,0.2503,1221
GCF_000750955___1669,Negative,0.6689,0.0,0.6689,0.3311,722
GCF_000750955___1670,Inc-protein,0.9995,0.9995,0.0,0.0005,355
GCF_000750955___1671,Negative,0.9889,0.0071,0.004,0.9889,274
GCF_000750955___1672,Negative,0.0738,0.6626,0.0738,0.2636,400
GCF_000750955___1673,Negative,0.4069,1e-04,0.4069,0.5929,357
GCF_000750955___1674,Negative,0.4791,0.0,0.4791,0.5209,607
GCF_000750955___1675,Negative,0.7521,0.0,0.7521,0.2479,417
GCF_000750955___1676,Negative,0.9579,1e-04,0.9579,0.0421,254
GCF_000750955___1677,Negative,0.4348,1e-04,0.4348,0.5651,375
GCF_000750955___1678,Negative,0.992,0.0,0.992,0.008,430
GCF_000750955___1679,Negative,0.242,0.0009,0.242,0.7571,230
GCF_000750955___1680,Negative,0.7886,0.0006,0.7886,0.2109,147
GCF_000750955___1681,Negative,0.9915,0.0,0.9915,0.0085,195
GCF_000750955___1682,Negative,0.7646,1e-04,0.7646,0.2353,212
GCF_000750955___1683,Negative,0.9951,0.0,0.0048,0.9951,1692
GCF_000750955___1684,Negative,0.9733,0.0,0.9733,0.0267,457
GCF_000750955___1685,Negative,0.9988,0.0009,0.9988,0.0003,548
GCF_000750955___1686,Negative,0.9439,0.0,0.0561,0.9439,234
GCF_000750955___1687,Inc-protein,0.986,0.986,0.0098,0.0042,137
GCF_000750955___1688,Negative,0.8926,0.0023,0.1051,0.8926,440
GCF_000750955___1689,Negative,0.3795,0.0035,0.3795,0.617,823
GCF_000750955___1690,Negative,0.9931,0.0,0.9931,0.0068,545
GCF_000750955___1691,Negative,0.9433,0.0564,0.9433,0.0003,394
GCF_000750955___1692,Negative,0.928,0.0025,0.928,0.0695,137
GCF_000750955___1693,Negative,0.9111,0.0021,0.9111,0.0868,216
GCF_000750955___1694,Negative,0.8654,0.0031,0.1315,0.8654,181
GCF_000750955___1695,Negative,0.7651,0.0129,0.7651,0.222,230
GCF_000750955___1696,Negative,0.9633,0.0008,0.0359,0.9633,268
GCF_000750955___1697,Negative,0.9993,0.0002,0.0005,0.9993,410
GCF_000750955___1698,Negative,0.9971,0.002,0.0009,0.9971,570
GCF_000750955___1699,Negative,0.3942,0.0002,0.3942,0.6056,496
GCF_000750955___1700,Negative,0.3427,0.0038,0.3427,0.6535,84
GCF_000750955___1701,Negative,0.283,0.0027,0.283,0.7143,698
GCF_000750955___1702,Inc-protein,0.9958,0.9958,0.0039,0.0003,333
GCF_000750955___1703,Negative,0.9545,0.04,0.9545,0.0055,586
GCF_000750955___1704,Inc-protein,0.9772,0.9772,0.0194,0.0034,92
GCF_000750955___1705,Negative,0.9996,0.0,0.9996,0.0004,321
GCF_000750955___1706,Negative,0.9894,0.0,0.9894,0.0106,292
GCF_000750955___1707,Negative,0.083,0.4533,0.083,0.4638,310
GCF_000750955___1708,Negative,0.8494,0.1503,0.8494,0.0003,337
GCF_000750955___1709,Negative,0.9979,0.0,0.9979,0.0021,480
GCF_000750955___1710,Negative,0.9989,0.0,0.9989,0.0011,256
GCF_000750955___1711,Negative,0.4366,0.0,0.4366,0.5633,435
GCF_000750955___1712,Negative,0.9995,0.0,0.9995,0.0005,412
GCF_000750955___1713,Negative,0.9964,0.0,0.9964,0.0036,307
GCF_000750955___1714,Negative,0.9994,0.0002,0.0005,0.9994,365
GCF_000750955___1715,Negative,0.9531,0.0,0.9531,0.0469,469
GCF_000750955___1716,Negative,0.9815,0.0034,0.0151,0.9815,193
GCF_000750955___1717,Negative,0.2305,1e-04,0.2305,0.7694,224
GCF_000750955___1718,Negative,0.9972,0.0,0.9972,0.0028,142
GCF_000750955___1719,Negative,0.9991,0.0009,0.9991,1e-04,285
GCF_000750955___1720,Negative,0.9994,0.0006,0.9994,0.0,92
GCF_000750955___1721,Negative,0.9988,0.0004,0.9988,0.0009,290
GCF_000750955___1722,Negative,0.5515,0.0,0.5515,0.4485,229
GCF_000750955___1723,Negative,0.9997,0.0,0.0002,0.9997,287
GCF_000750955___1724,Negative,0.8568,0.1284,0.8568,0.0148,351
GCF_000750955___1725,Negative,0.9834,0.0134,0.0033,0.9834,301
GCF_000750955___1726,Negative,0.8843,0.0,0.8843,0.1157,320
GCF_000750955___1727,Negative,0.9893,0.0,0.9893,0.0107,473
GCF_000750955___1728,Negative,0.9474,0.0024,0.0502,0.9474,337
GCF_000750955___1729,Inc-protein,0.9964,0.9964,0.0032,0.0003,153
GCF_000750955___1730,Negative,0.1897,0.0181,0.1897,0.7922,497
GCF_000750955___1731,Negative,0.644,1e-04,0.644,0.3559,147
GCF_000750955___1732,Negative,0.3251,0.003,0.3251,0.6719,100
GCF_000750955___1733,Negative,0.9758,0.0,0.0241,0.9758,222
GCF_000750955___1734,Negative,0.9989,0.0,0.9989,0.0011,360
GCF_000750955___1735,Negative,0.9991,0.0,0.9991,0.0009,164
GCF_000750955___1736,Negative,0.9971,0.0,0.9971,0.0029,273
GCF_000750955___1737,Negative,0.82,0.1747,0.82,0.0053,553
GCF_000750955___1738,Negative,0.4951,0.0044,0.4951,0.5006,246
GCF_000750955___1739,Negative,0.695,0.0004,0.695,0.3045,478
GCF_000750955___1740,Negative,0.9957,0.0,0.9957,0.0043,665
GCF_000750955___1741,Negative,0.3183,0.0029,0.3183,0.6788,356
GCF_000750955___1742,Negative,0.9998,0.0,0.0002,0.9998,499
GCF_000750955___1743,Negative,0.7423,0.0,0.7423,0.2576,237
GCF_000750955___1744,Negative,0.7965,0.0002,0.7965,0.2033,295
GCF_000750955___1745,Negative,0.753,0.0009,0.753,0.2462,304
GCF_000750955___1746,Negative,0.9573,0.0002,0.9573,0.0425,254
GCF_000750955___1747,Negative,0.9992,0.0007,0.9992,1e-04,286
GCF_000750955___1748,Negative,0.9944,0.0029,0.9944,0.0026,443
GCF_000750955___1749,Negative,0.9568,0.0431,0.9568,0.0,135
GCF_000750955___1750,Negative,0.999,0.0,0.999,0.001,35
GCF_000750955___1751,Negative,0.9697,1e-04,0.9697,0.0302,259
GCF_000750955___1752,Negative,0.9979,0.002,0.9979,1e-04,727
GCF_000750955___1753,Negative,0.6583,0.3402,0.6583,0.0015,244
GCF_000750955___1754,Negative,0.9978,0.0018,0.9978,0.0004,142
GCF_000750955___1755,Negative,0.9836,0.0015,0.9836,0.0149,258
GCF_000750955___1756,Negative,0.6102,0.0002,0.6102,0.3895,451
GCF_000750955___1757,Negative,0.8984,0.0003,0.8984,0.1012,235
GCF_000750955___1758,Negative,0.941,0.0059,0.0531,0.941,234
GCF_000750955___1759,Negative,0.974,0.0,0.974,0.026,280
GCF_000750955___1760,Negative,0.8475,0.0602,0.8475,0.0923,159
GCF_000750955___1761,Negative,0.6381,0.0051,0.6381,0.3568,67
GCF_000750955___1762,Negative,0.965,0.0,0.965,0.035,233
GCF_000750955___1763,Negative,0.9839,0.001,0.0151,0.9839,238
GCF_000750955___1764,Negative,0.6417,0.0126,0.6417,0.3457,189
GCF_000750955___1765,Negative,0.9845,0.0,0.9845,0.0155,872
GCF_000750955___1766,Negative,0.9991,0.0008,1e-04,0.9991,466
GCF_000750955___1767,Negative,0.9998,1e-04,1e-04,0.9998,569
GCF_000750955___1768,Negative,0.7248,0.1989,0.7248,0.0763,239
GCF_000750955___1769,Negative,0.4583,0.0,0.4583,0.5417,271
GCF_000750955___1770,Negative,0.9616,0.0094,0.9616,0.029,371
GCF_000750955___1771,Negative,0.5273,0.0342,0.5273,0.4384,924
GCF_000750955___1772,Negative,0.9048,0.0087,0.0865,0.9048,576
GCF_000750955___1773,Negative,0.8307,0.1009,0.8307,0.0684,264
GCF_000750955___1774,Negative,0.9663,0.0337,0.9663,1e-04,136
GCF_000750955___1775,Negative,0.9685,1e-04,0.9685,0.0314,329
GCF_000750955___1776,Negative,0.9991,0.0,0.9991,0.0009,340
GCF_000750955___1777,Negative,0.9995,0.0,0.9995,0.0005,224
GCF_000750955___1778,Negative,0.9976,0.0024,0.9976,0.0,473
GCF_000750955___1779,Negative,0.972,1e-04,0.972,0.028,82
GCF_000750955___1780,Negative,0.9079,1e-04,0.9079,0.092,58
GCF_000750955___1781,Negative,0.3751,1e-04,0.3751,0.6248,350
GCF_000750955___1782,Negative,0.6783,0.3205,0.6783,0.0013,415
GCF_000750955___1783,Negative,0.9999,1e-04,0.0,0.9999,567
GCF_000750955___1784,Negative,0.6659,0.0,0.6659,0.3341,391
GCF_000750955___1785,Negative,0.8996,1e-04,0.8996,0.1002,236
GCF_000750955___1786,Negative,0.9806,1e-04,0.9806,0.0193,225
GCF_000750955___1787,Negative,0.7074,0.0002,0.7074,0.2924,392
GCF_000750955___1788,Negative,0.9703,0.0,0.9703,0.0297,264
GCF_000750955___1789,Negative,0.9614,0.0,0.9614,0.0386,246
GCF_000750955___1790,Negative,0.9956,0.0003,0.0041,0.9956,435
GCF_000750955___1791,Negative,0.9652,0.0,0.0347,0.9652,350
GCF_000750955___1792,Negative,0.9997,0.0,0.0003,0.9997,491
GCF_000750955___1793,Negative,0.9104,0.0,0.9104,0.0895,224
GCF_000750955___1794,Negative,0.9858,0.0004,0.0138,0.9858,338
GCF_000750955___1795,Negative,0.4687,0.0002,0.4687,0.5311,545
GCF_000750955___1796,Negative,0.9186,0.0002,0.9186,0.0811,197
GCF_000750955___1797,Negative,0.9991,0.0,0.9991,0.0009,269
GCF_000750955___1798,Negative,0.9644,0.0352,0.0004,0.9644,517
GCF_000750955___1799,Negative,0.8681,0.0002,0.8681,0.1317,512
GCF_000750955___1800,Negative,0.869,0.1217,0.869,0.0094,296
GCF_000750955___1801,Negative,0.7129,0.2473,0.7129,0.0398,282
GCF_000750955___1802,Negative,0.983,0.0166,0.983,0.0004,460
GCF_000750955___1803,Negative,0.996,0.0002,0.996,0.0038,208
GCF_000750955___1804,Negative,0.8123,0.0003,0.1874,0.8123,351
GCF_000750955___1805,Negative,0.9512,0.0004,0.9512,0.0485,423
GCF_000750955___1806,Negative,0.7995,0.0002,0.7995,0.2003,883
GCF_000750955___1807,Negative,0.7461,1e-04,0.7461,0.2538,281
GCF_000750955___1808,Negative,0.9986,0.0012,0.9986,1e-04,82
GCF_000750955___1809,Negative,0.9995,0.0,0.9995,0.0005,283
GCF_000750955___1810,Negative,0.9425,0.0037,0.0538,0.9425,281
GCF_000750955___1811,Negative,0.5631,0.0148,0.5631,0.4221,463
GCF_000750955___1812,Negative,0.993,0.0004,0.993,0.0065,34
GCF_000750955___1813,Negative,0.9319,0.0681,0.9319,0.0,382
GCF_000750955___1814,Negative,0.9452,1e-04,0.9452,0.0547,230
GCF_000750955___1815,Negative,0.9998,0.0,1e-04,0.9998,730
GCF_000750955___1816,Negative,0.9859,0.0,0.9859,0.0141,263
GCF_000750955___1817,Negative,0.9996,0.0004,0.9996,0.0,217
GCF_000750955___1818,Negative,0.5304,0.0003,0.5304,0.4693,219
GCF_000750955___1819,Negative,0.9997,0.0,0.9997,0.0003,602
GCF_000750955___1820,Negative,0.9931,0.0,0.9931,0.0069,264
GCF_000750955___1821,Negative,0.9554,0.0441,0.9554,0.0005,291
GCF_000750955___1822,Negative,0.9986,0.0,0.9986,0.0014,229
GCF_000750955___1823,Negative,0.9884,0.0108,0.0008,0.9884,189
GCF_000750955___1824,Negative,0.5943,0.0429,0.5943,0.3628,86
GCF_000750955___1825,Negative,0.9985,0.0,0.9985,0.0015,486
GCF_000750955___1826,Negative,0.9998,0.0002,1e-04,0.9998,505
GCF_000750955___1827,Negative,0.7423,0.0008,0.7423,0.2569,246
GCF_000750955___1828,Negative,0.9516,0.0,0.9516,0.0483,493
GCF_000750955___1829,Negative,0.9912,0.0009,0.9912,0.0079,668
GCF_000750955___1830,Negative,0.9762,0.0225,0.9762,0.0013,97
GCF_000750955___1831,Negative,0.8788,0.0,0.8788,0.1212,312
GCF_000750955___1832,Negative,0.8953,0.0049,0.0997,0.8953,150
GCF_000750955___1833,Negative,0.9646,0.0002,0.9646,0.0352,133
GCF_000750955___1834,Negative,0.9967,0.0024,0.0009,0.9967,261
GCF_000750955___1835,Negative,0.9998,0.0,0.9998,0.0002,55
GCF_000750955___1836,Negative,0.699,0.0003,0.699,0.3007,389
GCF_000750955___1837,Negative,0.9903,1e-04,0.0096,0.9903,588
GCF_000750955___1838,Negative,0.6495,0.0004,0.6495,0.3501,449
GCF_000750955___1839,Negative,0.9995,1e-04,0.0004,0.9995,455
GCF_000750955___1840,Negative,0.6624,0.0002,0.6624,0.3375,986
GCF_000750955___1841,Negative,0.8882,0.0002,0.8882,0.1116,587
GCF_000750955___1842,Negative,0.9415,0.0,0.9415,0.0584,543
GCF_000750955___1843,Negative,0.9891,0.0,0.9891,0.0109,447
GCF_000750955___1844,Negative,0.9842,0.0,0.9842,0.0158,118
GCF_000750955___1845,Negative,0.9675,1e-04,0.9675,0.0324,257
GCF_000750955___1846,Negative,0.9581,1e-04,0.9581,0.0417,140
GCF_000750955___1847,Negative,0.9882,1e-04,0.9882,0.0117,361
GCF_000750955___1848,Negative,0.9989,0.0,0.9989,0.0011,325
GCF_000750955___1849,Negative,0.8642,1e-04,0.8642,0.1357,401
GCF_000750955___1850,Negative,0.7755,1e-04,0.7755,0.2244,474
GCF_000750955___1851,Negative,0.9902,0.0,0.9902,0.0098,376
GCF_000750955___1852,Negative,0.9994,0.0,0.9994,0.0006,286
GCF_000750955___1853,Negative,0.5933,0.0002,0.5933,0.4065,450
GCF_000750955___1854,Negative,0.9314,0.0,0.9314,0.0686,410
GCF_000750955___1855,Negative,0.8291,1e-04,0.8291,0.1708,1167
GCF_000750955___1856,Inc-protein,0.9999,0.9999,1e-04,0.0,175
GCF_000750955___1857,Negative,0.9938,0.0,0.9938,0.0062,133
GCF_000750955___1858,Negative,0.9098,0.0019,0.9098,0.0883,67
GCF_000750955___1859,Negative,0.6107,1e-04,0.6107,0.3892,101
GCF_000750955___1860,Negative,0.7265,0.0182,0.7265,0.2554,161
GCF_000750955___1861,Negative,0.271,0.0017,0.271,0.7273,176
GCF_000750955___1862,Negative,0.8646,0.0022,0.8646,0.1332,163
GCF_000750955___1863,Negative,0.2154,0.0002,0.2154,0.7844,110
GCF_000750955___1864,Negative,0.9732,0.0003,0.9732,0.0265,92
GCF_000750955___1865,Negative,0.9999,1e-04,0.9999,1e-04,61
GCF_000750955___1866,Negative,0.3462,0.0006,0.3462,0.6532,181
GCF_000750955___1867,Negative,0.2617,0.0,0.2617,0.7383,735
GCF_000750955___1868,Negative,0.8716,0.0,0.1284,0.8716,1114
GCF_000750955___1869,Negative,0.9986,0.0,0.9986,0.0014,365
GCF_000750955___1870,Negative,0.9859,0.0,0.9859,0.0141,617
GCF_000750955___1871,Negative,0.6685,0.0179,0.6685,0.3135,444
GCF_000750955___1872,Negative,0.886,1e-04,0.1139,0.886,1206
GCF_000750955___1873,Negative,0.9835,0.0002,0.9835,0.0164,424
GCF_000750955___1874,Negative,0.7062,0.0,0.7062,0.2938,437
GCF_000750955___1875,Negative,0.9995,0.0004,1e-04,0.9995,677
GCF_000750955___1876,Negative,0.8185,0.0018,0.1797,0.8185,442
GCF_000750955___1877,Negative,0.2441,0.7551,0.2441,0.0007,249
GCF_000750955___1878,Negative,0.4479,0.5515,0.4479,0.0005,674
GCF_000750955___1879,Negative,0.9375,0.0,0.9375,0.0625,1029
GCF_000750955___1880,Negative,0.8089,0.0,0.8089,0.191,392
GCF_000750955___1881,Negative,0.9228,0.0003,0.9228,0.0769,196
GCF_000750955___1882,Negative,0.9998,0.0,0.9998,0.0002,662
GCF_000750955___1883,Negative,0.9999,0.0,1e-04,0.9999,2816
GCF_000750955___1884,Negative,0.9579,1e-04,0.042,0.9579,543
GCF_000750955___1885,Negative,0.9728,0.0,0.9728,0.0272,567
GCF_000750955___1886,Negative,0.9982,0.0,0.9982,0.0018,207
GCF_000750955___1887,Negative,0.9584,0.0,0.9584,0.0416,152
GCF_000750955___1888,Negative,0.9967,0.0,0.9967,0.0033,250
GCF_000750955___1889,Negative,0.5307,0.0295,0.5307,0.4398,180
GCF_000750955___1890,Negative,0.7744,0.2251,0.7744,0.0005,284
GCF_000750955___1891,Negative,0.7989,0.1996,0.7989,0.0015,585
GCF_000750955___1892,Negative,0.6367,0.3603,0.6367,0.003,594
GCF_000750955___1893,Negative,0.9908,0.0,0.9908,0.0092,239
GCF_000750955___1894,Negative,0.9973,0.0022,0.9973,0.0005,633
GCF_000750955___1895,Negative,0.9934,0.0,0.9934,0.0066,379
GCF_000750955___1896,Negative,0.9818,0.0155,0.9818,0.0026,331
GCF_000750955___1897,Negative,0.9258,0.0647,0.9258,0.0095,446
GCF_000750955___1898,Negative,0.9998,0.0,0.9998,0.0002,264
GCF_000750955___1899,Negative,0.2678,0.0006,0.2678,0.7316,337
GCF_000750955___1900,Negative,0.9595,0.0,0.9595,0.0405,105
GCF_000750955___1901,Negative,0.9996,0.0,0.9996,0.0004,276
GCF_000750955___1902,Negative,0.8521,0.0002,0.1477,0.8521,181
GCF_000750955___1903,Negative,0.996,0.0,0.004,0.996,179
GCF_000750955___1904,Negative,0.998,0.002,0.998,1e-04,511
GCF_000750955___1905,Negative,0.874,0.0953,0.874,0.0307,1517
GCF_000750955___1906,Negative,0.7937,0.0,0.7937,0.2062,618
GCF_000750955___1907,Negative,0.4281,1e-04,0.4281,0.5718,151
GCF_000750955___1908,Negative,0.8448,0.0002,0.8448,0.155,653
GCF_000750955___1909,Negative,0.9474,0.0,0.9474,0.0525,509
GCF_000750955___1910,Negative,0.5104,0.4887,0.5104,0.0009,350
GCF_000750955___1911,Negative,0.9996,0.0004,0.9996,0.0,207
GCF_000750955___1912,Negative,0.9379,0.062,0.9379,1e-04,172
GCF_000750955___1913,Negative,0.9616,0.0377,0.9616,0.0007,522
GCF_000750955___1914,Negative,0.9888,0.0109,0.9888,0.0003,542
GCF_000750955___1915,Negative,0.9843,0.0,0.9843,0.0157,397
GCF_000750955___1916,Negative,0.8212,0.0,0.8212,0.1787,212
GCF_000750955___1917,Negative,0.2483,0.0004,0.2483,0.7513,241
GCF_000750955___1918,Negative,0.9991,0.0,0.9991,0.0008,143
GCF_000750955___1919,Negative,0.9518,0.0,0.9518,0.0482,318
GCF_000750955___1920,Negative,0.9857,0.0141,0.9857,0.0002,457
GCF_000750955___1921,Negative,0.9986,1e-04,0.0013,0.9986,339
GCF_000750955___1922,Negative,0.9635,0.0019,0.0347,0.9635,388
GCF_000750955___1923,Negative,0.9596,1e-04,0.9596,0.0403,293
GCF_000750955___1924,Negative,0.7136,0.0004,0.7136,0.2861,252
GCF_000750955___1925,Negative,0.9779,0.0,0.9779,0.0221,212
GCF_000750955___1926,Negative,0.9617,1e-04,0.9617,0.0382,144
GCF_000750955___1927,Negative,0.9998,0.0,0.0002,0.9998,241
GCF_000750955___1928,Negative,0.9832,1e-04,0.9832,0.0167,359
GCF_000750955___1929,Negative,0.5692,1e-04,0.5692,0.4306,579
GCF_000750955___1930,Inc-protein,0.9995,0.9995,0.0003,0.0002,345
GCF_000750955___1931,Negative,0.8018,0.0,0.8018,0.1982,303
GCF_000750955___1932,Negative,0.9925,1e-04,0.0074,0.9925,317
GCF_000750955___1933,Negative,0.9337,0.0004,0.0659,0.9337,92
GCF_000750955___1934,Negative,0.9863,0.0003,0.0134,0.9863,178
GCF_000750955___1935,Negative,0.8133,0.1865,0.8133,0.0002,147
GCF_000750955___1936,Negative,0.9997,1e-04,0.0002,0.9997,331
GCF_000750955___1937,Negative,0.9997,0.0,0.9997,0.0003,465
GCF_000750955___1938,Negative,0.7884,0.0002,0.7884,0.2114,160
GCF_000750955___1939,Negative,0.914,0.0,0.914,0.086,387
GCF_000750955___1940,Negative,0.9872,1e-04,0.9872,0.0127,345
GCF_000750955___1941,Negative,0.9223,1e-04,0.9223,0.0776,883
GCF_000750955___1942,Negative,0.9959,1e-04,0.9959,0.004,198
GCF_000750955___1943,Negative,0.9929,0.0,0.9929,0.0071,472
GCF_000750955___1944,Negative,0.3581,0.0207,0.3581,0.6213,275
GCF_000750955___1945,Negative,0.9969,0.0005,0.0027,0.9969,240
GCF_000750955___1946,Negative,0.8901,0.0031,0.1068,0.8901,239
GCF_000750955___1947,Negative,0.9832,0.0,0.9832,0.0168,337
GCF_000750955___1948,Negative,1.0,0.0,1.0,0.0,83
GCF_000750955___1949,Negative,0.9985,0.0,0.9985,0.0015,102
GCF_000750955___1950,Negative,0.9736,1e-04,0.0264,0.9736,286
GCF_000750955___1951,Negative,0.9762,0.0,0.9762,0.0238,318
GCF_000750955___1952,Negative,0.9792,0.0005,0.9792,0.0202,203
GCF_000750955___1953,Negative,0.3749,0.0004,0.3749,0.6247,327
GCF_000750955___1954,Negative,0.9896,0.0,0.9896,0.0104,140
GCF_000750955___1955,Negative,0.9018,1e-04,0.9018,0.098,184
GCF_000750955___1956,Negative,0.9141,0.0,0.9141,0.0859,361
GCF_000750955___1957,Negative,0.9983,0.0,0.9983,0.0017,100
GCF_000750955___1958,Negative,0.6059,1e-04,0.6059,0.394,660
GCF_000750955___1959,Negative,0.602,1e-04,0.602,0.3979,245
GCF_000750955___1960,Negative,0.9991,0.0,0.9991,0.0008,96
GCF_000750955___1961,Negative,0.9644,0.0,0.9644,0.0356,134
GCF_000750955___1962,Negative,0.9985,0.0015,0.9985,0.0,557
GCF_000750955___1963,Negative,0.9992,0.0,0.9992,0.0008,123
GCF_000750955___1964,Negative,0.9993,0.0,0.9993,0.0007,157
GCF_000750955___1965,Negative,0.9994,0.0,0.9994,0.0005,696
GCF_000750955___1966,Negative,0.9997,0.0,0.9997,0.0003,113
GCF_000750955___1967,Negative,0.3578,0.0003,0.3578,0.6419,295
GCF_000750955___1968,Negative,0.3684,1e-04,0.3684,0.6316,147
GCF_000750955___1969,Negative,0.9928,0.007,0.9928,0.0002,379
GCF_000750955___1970,Negative,0.9973,0.0002,0.0024,0.9973,400
GCF_000750955___1971,Negative,0.9952,1e-04,0.0047,0.9952,440
GCF_000750955___1972,Negative,0.9962,0.0,0.0037,0.9962,437
GCF_000750955___1973,Negative,0.2867,0.0093,0.2867,0.704,392
GCF_000750955___1974,Negative,0.9776,1e-04,0.9776,0.0223,283
GCF_000750955___1975,Negative,0.9616,0.0372,0.9616,0.0012,508
GCF_000750955___1976,Negative,0.9626,0.0002,0.9626,0.0371,1043
GCF_000750955___1977,Negative,0.6379,0.0015,0.6379,0.3606,217
GCF_000750955___1978,Negative,0.9996,0.0004,0.9996,0.0,125
GCF_000750955___1979,Negative,0.9933,0.0,0.9933,0.0067,92
GCF_000750955___1980,Negative,0.9966,0.0,0.9966,0.0034,803
GCF_000750955___1981,Negative,0.9926,0.0,0.9926,0.0074,217
GCF_000750955___1982,Negative,0.7713,0.0003,0.7713,0.2284,219
GCF_000750955___1983,Negative,0.3063,0.0,0.3063,0.6936,139
GCF_000750955___1984,Negative,0.997,0.0,0.997,0.003,398
GCF_000750955___1985,Negative,0.7965,0.2033,0.7965,0.0002,68
GCF_000750955___1986,Negative,0.9994,0.0,0.9994,0.0006,200
GCF_000750955___1987,Negative,0.9548,0.0445,0.9548,0.0008,922
GCF_000750955___1988,Negative,0.344,0.0009,0.344,0.6552,158
GCF_000750955___1989,Negative,0.9996,0.0,0.9996,0.0004,327
GCF_000750955___1990,Negative,0.9986,0.0014,0.9986,0.0,136
GCF_000750955___1991,Negative,0.5435,0.0002,0.5435,0.4562,284
GCF_000750955___1992,Negative,0.6647,0.0015,0.6647,0.3338,236
GCF_000750955___1993,Negative,0.805,0.0005,0.805,0.1945,74
GCF_000750955___1994,Negative,0.6876,0.0037,0.6876,0.3087,218
GCF_000750955___1995,Negative,0.6819,0.0003,0.6819,0.3178,577
GCF_000750955___1996,Negative,0.9491,1e-04,0.9491,0.0508,486
GCF_000750955___1997,Negative,0.9772,0.0,0.9772,0.0228,642
GCF_000750955___1998,Negative,0.9026,0.0974,0.9026,0.0,624
GCF_000750955___1999,Negative,0.6822,0.3178,0.6822,0.0,118
GCF_000750955___2000,Negative,0.9991,0.0,0.9991,0.0009,347
GCF_000750955___2001,Negative,0.8372,0.0006,0.8372,0.1622,94
GCF_000750955___2002,Negative,0.5202,0.0003,0.5202,0.4795,260
GCF_000750955___2003,Negative,0.9251,0.0027,0.0722,0.9251,177
GCF_000750955___2004,Negative,0.294,0.0009,0.294,0.705,430
GCF_000750955___2005,Negative,0.9178,0.0,0.9178,0.0821,171
GCF_000750955___2006,Negative,0.8652,0.0,0.8652,0.1347,143
GCF_000750955___2007,Negative,0.9894,0.0,0.0105,0.9894,142
GCF_000750955___2008,Negative,0.9883,0.0,0.9883,0.0117,461
GCF_000750955___2009,Negative,0.7846,0.0,0.7846,0.2154,226
GCF_000750955___2010,Negative,0.2656,0.0,0.2656,0.7344,282
GCF_000750955___2011,Negative,0.9987,0.0,0.9987,0.0013,323
GCF_000750955___2012,Negative,0.995,0.0,0.995,0.005,373
GCF_000750955___2013,Negative,0.9991,0.0,0.9991,0.0009,209
GCF_000750955___2014,Negative,0.9985,0.0,0.9985,0.0015,431
GCF_000750955___2015,Negative,0.9976,1e-04,0.0023,0.9976,208
GCF_000750955___2016,Negative,0.9981,0.0,0.9981,0.0019,314
GCF_000750955___2017,Negative,0.9181,1e-04,0.9181,0.0818,315
GCF_000750955___2018,Negative,0.9794,0.0,0.9794,0.0205,206
GCF_000750955___2019,Negative,0.9977,0.0,0.9977,0.0023,336
GCF_000750955___2020,Negative,0.9718,0.0,0.9718,0.0282,292
GCF_000750955___2021,Negative,0.9303,0.0697,0.9303,0.0,125
GCF_000750955___2022,Negative,0.9983,1e-04,0.9983,0.0016,240
GCF_000750955___2023,Negative,0.9267,0.0297,0.9267,0.0435,639
GCF_000750955___2024,Negative,0.9388,0.0,0.9388,0.0612,186
GCF_000750955___2025,Negative,0.2683,1e-04,0.2683,0.7317,592
GCF_000750955___2026,Negative,0.2693,0.001,0.2693,0.7297,239
GCF_000750955___2027,Negative,0.9647,0.0224,0.0129,0.9647,152
GCF_000750955___2028,Negative,0.9999,0.0,0.9999,1e-04,216
GCF_000750955___2029,Negative,0.6386,0.0005,0.6386,0.3609,300
GCF_000750955___2030,Negative,0.9838,0.0,0.9838,0.0162,119
GCF_000750955___2031,Negative,0.9936,0.0,0.9936,0.0064,83
GCF_000750955___2032,Negative,0.8031,1e-04,0.8031,0.1968,403
GCF_000750955___2033,Negative,0.9691,0.0003,0.0306,0.9691,299
GCF_000750955___2034,Negative,0.9937,0.0,0.9937,0.0063,139
GCF_000750955___2035,Negative,0.9674,0.0002,0.9674,0.0324,181
GCF_000750955___2036,Negative,0.996,0.0,0.996,0.004,373
GCF_000750955___2037,Inc-protein,0.9548,0.9548,0.013,0.0322,172
GCF_000750955___2038,Negative,0.9204,0.0,0.9204,0.0796,486
GCF_000750955___2039,Negative,0.979,0.0,0.979,0.021,372
GCF_000750955___2040,Negative,0.9984,0.0,0.9984,0.0016,363
GCF_000750955___2041,Negative,0.9521,0.0,0.9521,0.0479,165
GCF_000750955___2042,Negative,0.9855,0.0,0.9855,0.0144,421
GCF_000750955___2043,Negative,0.9959,0.0,0.9959,0.0041,151
GCF_000750955___2044,Negative,0.9143,0.0,0.9143,0.0857,330
GCF_000750955___2045,Negative,0.9663,0.0003,0.0333,0.9663,280
GCF_000750955___2046,Negative,0.6392,0.0006,0.6392,0.3602,559
GCF_000750955___2047,Inc-protein,0.8521,0.8521,0.1238,0.0241,176
GCF_000750955___2048,Negative,0.8887,0.0017,0.8887,0.1096,274
GCF_000750955___2049,Negative,0.999,0.0,0.999,0.001,176
GCF_000750955___2050,Negative,0.86,1e-04,0.86,0.1398,266
GCF_000750955___2051,Negative,0.9361,1e-04,0.9361,0.0638,138
GCF_000750955___2052,Negative,0.9451,0.0,0.9451,0.0549,277
GCF_000750955___2053,Negative,0.9996,1e-04,0.0003,0.9996,269
GCF_000750955___2054,Negative,0.9999,0.0,1e-04,0.9999,355
GCF_000750955___2055,Negative,0.9995,0.0,0.0005,0.9995,275
GCF_000750955___2056,Negative,1.0,0.0,0.0,1.0,276
GCF_000750955___2057,Negative,0.8499,0.0,0.1501,0.8499,847
GCF_000750955___2058,Inc-protein,0.8002,0.8002,0.0042,0.1956,286
GCF_000750955___2059,Negative,0.9285,0.0046,0.0669,0.9285,469
GCF_000750955___2060,Negative,0.9884,0.0,0.9884,0.0116,94
GCF_000750955___2061,Negative,0.7381,0.001,0.7381,0.2609,256
GCF_000750955___2062,Negative,0.9998,0.0,0.9998,0.0002,87
GCF_000750955___2063,Negative,0.2453,0.0002,0.2453,0.7545,474
GCF_000750955___2064,Negative,0.9997,0.0,0.0003,0.9997,256
GCF_000750955___2065,Negative,0.9991,0.0,0.9991,0.0008,243
GCF_000750955___2066,Negative,0.83,0.0016,0.83,0.1685,250
GCF_000750955___2067,Negative,0.9973,0.0,0.9973,0.0027,607
GCF_000750955___2068,Negative,0.2069,0.6144,0.2069,0.1787,580
GCF_000750955___2069,Negative,0.966,0.0,0.966,0.034,250
GCF_000750955___2070,Negative,0.9959,1e-04,0.0039,0.9959,148
GCF_000750955___2071,Negative,0.6744,0.0007,0.6744,0.3249,159
GCF_000750955___2072,Negative,0.0252,0.575,0.0252,0.3998,177
GCF_000750955___2073,Negative,0.2818,0.2669,0.2818,0.4513,176
GCF_000750955___2074,Negative,0.3204,0.0084,0.3204,0.6712,166
GCF_000750955___2075,Negative,0.7955,0.0003,0.7955,0.2043,172
GCF_000750955___2076,Negative,0.9984,1e-04,0.0016,0.9984,521
GCF_000750955___2077,Negative,0.889,1e-04,0.1108,0.889,131
GCF_000750955___2078,Negative,0.987,0.0,0.987,0.013,150
GCF_000750955___2079,Negative,0.7592,0.0002,0.7592,0.2406,252
GCF_000750955___2080,Negative,0.6365,0.0,0.6365,0.3635,310
GCF_000750955___2081,Negative,0.9865,0.0046,0.0089,0.9865,207
GCF_000750955___2082,Negative,0.8561,0.0291,0.8561,0.1148,183
GCF_000750955___2083,Negative,0.2304,0.028,0.2304,0.7417,174
GCF_000750955___2084,Negative,0.9917,0.0,0.9917,0.0083,345
GCF_000750955___2085,Negative,0.9474,1e-04,0.9474,0.0526,559
GCF_000750955___2086,Negative,0.9987,1e-04,0.0012,0.9987,493
GCF_000750955___2087,Negative,0.9052,0.0003,0.9052,0.0945,243
GCF_000750955___2088,Negative,0.9865,0.0134,0.9865,1e-04,243
GCF_000750955___2089,Negative,0.9288,0.0002,0.9288,0.071,254
GCF_000750955___2090,Negative,0.9996,0.0002,0.0002,0.9996,270
GCF_000750955___2091,Negative,0.9993,0.0,0.0007,0.9993,271
GCF_000750955___2092,Negative,0.8668,0.0,0.8668,0.1332,676
GCF_000750955___2093,Negative,0.4278,0.0002,0.4278,0.572,825
GCF_000750955___2094,Negative,0.9943,0.001,0.0047,0.9943,590
GCF_000750955___2095,Negative,0.4134,0.0017,0.4134,0.5849,145
GCF_000750955___2096,Negative,0.9998,0.0,0.0002,0.9998,891
GCF_000750955___2097,Negative,0.6671,0.0,0.6671,0.3329,512
GCF_000750955___2098,Negative,0.997,0.0,0.997,0.003,578
GCF_000750955___2099,Negative,0.9956,0.0,0.9956,0.0044,223
GCF_000750955___2100,Negative,0.9966,0.0,0.9966,0.0034,219
GCF_000750955___2101,Negative,0.9983,0.0,0.9983,0.0017,330
GCF_000750955___2102,Negative,0.9819,0.0,0.9819,0.0181,393
GCF_000750955___2103,Inc-protein,0.9273,0.9273,0.0715,0.0012,279
GCF_000750955___2104,Negative,0.4521,0.0002,0.4521,0.5477,344
GCF_000750955___2105,Negative,0.8629,0.0082,0.8629,0.129,193
GCF_000750955___2106,Negative,0.9971,0.0,0.9971,0.0029,258
GCF_000750955___2107,Negative,0.6288,0.3679,0.6288,0.0034,418
GCF_000750955___2108,Negative,0.9147,0.0002,0.9147,0.0851,436
GCF_000750955___2109,Negative,0.9915,0.0085,0.0,0.9915,1246
GCF_000750955___2110,Negative,0.9562,0.0019,0.0419,0.9562,165
GCF_000750955___2111,Negative,0.9989,0.001,1e-04,0.9989,1149
GCF_000750955___2112,Negative,0.9999,0.0,1e-04,0.9999,546
GCF_000750955___2113,Negative,0.9778,0.0,0.9778,0.0222,422
GCF_000750955___2114,Negative,0.9989,0.0002,0.0008,0.9989,339
GCF_000750955___2115,Negative,1.0,0.0,0.0,1.0,4164
GCF_000750955___2116,Negative,0.9071,0.0,0.9071,0.0928,667
GCF_000750955___2117,Negative,0.9995,1e-04,0.0004,0.9995,81
GCF_000750955___2118,Negative,0.9994,0.0,0.9994,0.0006,384
GCF_000750955___2119,Negative,0.4308,0.0009,0.4308,0.5682,179
GCF_000750955___2120,Negative,0.6121,0.001,0.6121,0.3869,182
GCF_000750955___2121,Negative,0.9826,0.0,0.9826,0.0174,445
GCF_000750955___2122,Negative,0.9997,0.0,0.9997,0.0003,152
GCF_000750955___2123,Negative,0.9995,0.0,0.9995,0.0005,129
GCF_000750955___2124,Negative,0.9469,0.0013,0.9469,0.0518,189
GCF_000750955___2125,Negative,0.9907,0.0006,0.9907,0.0087,421
GCF_000750955___2126,Negative,0.9972,0.0,0.9972,0.0028,251
GCF_000750955___2127,Negative,0.9923,0.0075,0.9923,0.0002,263
GCF_000750955___2128,Negative,0.7531,0.0005,0.7531,0.2464,87
GCF_000750955___2129,Negative,0.9958,0.0036,0.0006,0.9958,296
GCF_000750955___2130,Negative,0.9699,0.0009,0.9699,0.0292,1185
GCF_000750955___2131,Negative,0.8624,0.0029,0.8624,0.1347,604
GCF_000750955___2132,Negative,0.9998,0.0002,0.0,0.9998,402
GCF_000750955___2133,Negative,0.8917,0.0,0.8917,0.1082,377
GCF_000750955___2134,Negative,0.5126,0.001,0.5126,0.4864,361
GCF_000750955___2135,Negative,0.9793,1e-04,0.0206,0.9793,456
GCF_000750955___2136,Negative,0.2198,0.0169,0.2198,0.7634,107
GCF_000750955___2137,Negative,0.8951,0.0027,0.1022,0.8951,85
GCF_000750955___2138,Negative,0.7974,0.0006,0.7974,0.202,170
GCF_000750955___2139,Negative,0.5171,0.0015,0.5171,0.4814,336
GCF_000750955___2140,Negative,0.9932,0.0,0.9932,0.0068,289
GCF_000750955___2141,Negative,0.9996,0.0,0.0003,0.9996,200
GCF_000750955___2142,Negative,0.9995,1e-04,0.0005,0.9995,205
GCF_000750955___2143,Negative,0.8252,0.001,0.1737,0.8252,154
GCF_000750955___2144,Negative,0.9937,0.0004,0.0058,0.9937,230
GCF_000750955___2145,Negative,0.9395,0.0497,0.9395,0.0108,180
GCF_000750955___2146,Negative,0.9999,0.0,0.0,0.9999,759
GCF_000750955___2147,Negative,0.646,0.3538,0.646,0.0002,121
GCF_000750955___2148,Negative,0.8057,0.0003,0.8057,0.1941,247
GCF_000750955___2149,Negative,0.9977,0.0022,1e-04,0.9977,779
GCF_000750955___2150,Negative,0.3257,0.0009,0.3257,0.6734,148
GCF_000750955___2151,Negative,0.5963,0.0066,0.5963,0.3971,730
GCF_000750955___2152,Negative,0.9796,0.0,0.9796,0.0204,456
GCF_000750955___2153,Negative,0.955,1e-04,0.955,0.0449,298
GCF_000750955___2154,Negative,0.9534,0.0465,0.9534,1e-04,233
GCF_000750955___2155,Negative,0.9253,0.0739,0.9253,0.0008,172
GCF_000750955___2156,Negative,0.9288,0.071,0.9288,0.0002,311
GCF_000750955___2157,Negative,0.6939,0.0005,0.6939,0.3056,121
GCF_000750955___2158,Negative,0.3084,0.0006,0.3084,0.691,563
GCF_000750955___2159,Negative,0.0147,0.3617,0.0147,0.6236,118
GCF_000750955___2160,Negative,0.9072,0.0006,0.9072,0.0922,104
GCF_000750955___2161,Negative,0.9553,1e-04,0.9553,0.0446,158
GCF_000750955___2162,Negative,0.3744,0.0017,0.3744,0.624,87
GCF_000750955___2163,Negative,0.9994,0.0,0.9994,0.0006,109
GCF_000750955___2164,Negative,0.8433,0.0002,0.8433,0.1566,44
GCF_000750955___2165,Negative,0.9992,0.0007,1e-04,0.9992,654
GCF_000750955___2166,Negative,0.9675,0.0324,0.0,0.9675,391
GCF_000750955___2167,Negative,0.9979,0.0,0.9979,0.0021,335
GCF_000750955___2168,Negative,0.9534,0.0,0.9534,0.0466,533
GCF_000750955___2169,Negative,0.9647,0.0,0.9647,0.0353,801
GCF_000750955___2170,Negative,0.9867,0.0,0.9867,0.0133,215
GCF_000750955___2171,Negative,0.9954,0.0003,0.9954,0.0043,145
GCF_000750955___2172,Negative,0.9999,1e-04,0.0,0.9999,771
GCF_000750955___2173,Negative,0.9979,0.0,0.9979,0.0021,347
GCF_000750955___2174,Negative,0.9978,0.0002,0.9978,0.002,284
GCF_000750955___2175,Negative,0.9998,1e-04,0.0,0.9998,346
GCF_000750955___2176,Negative,0.9896,0.0008,0.9896,0.0096,268
GCF_000750955___2177,Negative,0.9999,0.0,0.9999,1e-04,320
GCF_000750955___2178,Negative,0.3943,0.0003,0.3943,0.6054,375
GCF_000750955___2179,Negative,0.8637,0.0015,0.8637,0.1349,216
GCF_000750955___2180,Negative,0.9958,0.0,0.9958,0.0042,867
GCF_000750955___2181,Negative,0.9956,0.0,0.9956,0.0044,839
GCF_000750955___2182,Negative,0.9574,1e-04,0.9574,0.0424,109
GCF_000750955___2183,Negative,1.0,0.0,0.0,1.0,740
GCF_000750955___2184,Negative,0.9965,0.0002,0.0033,0.9965,155
GCF_000750955___2185,Negative,0.9868,0.0018,0.0114,0.9868,213
GCF_000750955___2186,Negative,0.9929,0.0,0.9929,0.0071,313
GCF_000750955___2187,Negative,0.9859,0.0141,0.0,0.9859,590
GCF_000750955___2188,Negative,0.9783,0.0004,0.9783,0.0212,157
GCF_000750955___2189,Negative,0.4738,1e-04,0.4738,0.526,87
GCF_000750955___2190,Negative,0.9495,1e-04,0.0504,0.9495,586
GCF_000750955___2191,Negative,0.483,0.002,0.483,0.515,258
GCF_000750955___2192,Negative,0.9986,0.0002,0.0013,0.9986,362
GCF_000750955___2193,Negative,0.9571,0.0004,0.9571,0.0425,301
GCF_000750955___2194,Negative,0.9944,0.0024,0.0032,0.9944,126
GCF_000750955___2195,Negative,0.9997,0.0,0.9997,0.0003,91
GCF_000750955___2196,Negative,0.9573,1e-04,0.9573,0.0426,687
GCF_000750955___2197,Negative,0.2226,0.0002,0.2226,0.7772,168
GCF_000750955___2198,Negative,0.8913,0.0009,0.1078,0.8913,111
GCF_000750955___2199,Negative,0.9804,0.0,0.9804,0.0196,200
GCF_000750955___2200,Negative,0.2906,0.0003,0.2906,0.7091,289
GCF_000750955___2201,Negative,0.903,1e-04,0.097,0.903,298
GCF_000750955___2202,Negative,0.9991,0.0009,0.0,0.9991,1049
GCF_000750955___2203,Negative,0.9812,0.0,0.9812,0.0188,856
GCF_000750955___2204,Negative,0.2342,0.0002,0.2342,0.7656,743
GCF_000750955___2205,Negative,0.8873,0.0,0.8873,0.1126,203
GCF_000750955___2206,Negative,0.9784,0.0216,0.9784,0.0,229
GCF_000750955___2207,Negative,0.8996,0.1003,0.8996,1e-04,220
GCF_000750955___2208,Negative,0.9725,1e-04,0.9725,0.0274,177
GCF_000750955___2209,Negative,0.9627,1e-04,0.9627,0.0371,348
GCF_000750955___2210,Negative,0.9929,0.0,0.9929,0.0071,116
GCF_000750955___2211,Negative,0.9531,0.0,0.9531,0.0469,125
GCF_000750955___2212,Negative,0.9609,0.0,0.9609,0.0391,394
GCF_000750955___2213,Inc-protein,0.9753,0.9753,0.0242,0.0006,537
GCF_000750955___2214,Negative,0.4067,0.0008,0.4067,0.5926,263
GCF_000750955___2215,Negative,0.9983,0.0,0.9983,0.0017,76
GCF_000750955___2216,Negative,0.713,1e-04,0.713,0.2869,118
GCF_000750955___2217,Negative,0.9967,0.0019,0.9967,0.0014,292
GCF_000750955___2218,Negative,0.992,0.0,0.992,0.008,459
GCF_000750955___2219,Negative,0.9758,1e-04,0.9758,0.0242,374
GCF_000750955___2220,Negative,0.9751,0.0,0.9751,0.0249,527
GCF_000750955___2221,Negative,0.9923,0.0,0.9923,0.0077,294
GCF_000750955___2222,Negative,0.9945,0.0016,0.0039,0.9945,258
GCF_000750955___2223,Inc-protein,0.9975,0.9975,0.0013,0.0012,438
GCF_000750955___2224,Negative,0.9914,0.0083,0.9914,0.0003,359
GCF_000750955___2225,Negative,0.978,0.0007,0.978,0.0213,223
GCF_000750955___2226,Negative,0.9944,0.0,0.9944,0.0056,442
GCF_000750955___2227,Negative,0.9919,0.0079,0.9919,0.0002,413
GCF_000750955___2228,Negative,0.9986,0.0014,0.9986,0.0,395
GCF_000750955___2229,Negative,1.0,0.0,0.0,1.0,1254
GCF_000750955___2230,Negative,1.0,0.0,0.0,1.0,1276
GCF_000750955___2231,Negative,0.9998,0.0,1e-04,0.9998,680
GCF_000750955___2232,Negative,0.9637,0.0,0.9637,0.0363,277
GCF_000750955___2233,Negative,0.9408,1e-04,0.9408,0.0591,122
GCF_000750955___2234,Negative,0.889,0.0,0.889,0.111,593
GCF_000750955___2235,Negative,0.9125,1e-04,0.9125,0.0875,424
GCF_000750955___2236,Negative,0.8682,1e-04,0.8682,0.1316,909
GCF_000750955___2237,Negative,0.9989,0.0,0.9989,0.0011,131
GCF_000750955___2238,Negative,0.9982,0.0,0.9982,0.0018,244
GCF_000750955___2239,Negative,0.9985,0.0,0.0015,0.9985,286
GCF_000750955___2240,Negative,0.9979,0.0,0.0021,0.9979,1646
GCF_000750955___2241,Negative,0.999,0.001,0.999,0.0,370
GCF_000750955___2242,Negative,0.9996,0.0004,0.9996,0.0,381
GCF_000750955___2243,Negative,0.998,0.0,0.998,0.002,351
GCF_000750955___2244,Negative,0.9999,0.0,0.9999,1e-04,224
GCF_000750955___2245,Negative,0.998,0.0002,0.998,0.0018,292
GCF_000750955___2246,Negative,0.4585,0.0,0.4585,0.5415,678
GCF_000750955___2247,Negative,0.9911,0.0003,0.0086,0.9911,252
GCF_000750955___2248,Negative,0.9884,0.0,0.9884,0.0116,214
GCF_000750955___2249,Negative,0.9973,0.0,0.9973,0.0027,137
GCF_000750955___2250,Negative,0.9956,0.0,0.9956,0.0044,246
GCF_000750955___2251,Negative,0.9795,0.0,0.9795,0.0205,113
GCF_000750955___2252,Negative,0.9988,1e-04,0.9988,0.0011,442
GCF_000750955___2253,Negative,0.9755,0.0,0.9755,0.0245,283
GCF_000750955___2254,Negative,0.9955,0.0,0.9955,0.0044,357
GCF_000750955___2255,Negative,0.9485,0.0002,0.9485,0.0513,116
GCF_000750955___2256,Negative,0.9096,1e-04,0.9096,0.0903,1013
GCF_000750955___2257,Negative,0.997,0.0005,0.0025,0.997,285
GCF_000750955___2258,Negative,0.9689,0.002,0.029,0.9689,147
GCF_000750955___2259,Negative,0.2009,0.0078,0.2009,0.7913,83
GCF_000750955___2260,Negative,0.988,0.0067,0.0053,0.988,212
GCF_000750955___2261,Negative,0.99,0.0067,0.0033,0.99,343
GCF_000750955___2262,Negative,0.9999,1e-04,0.0,0.9999,671
GCF_000750955___2263,Negative,0.9961,0.0002,0.9961,0.0038,140
GCF_000750955___2264,Negative,0.298,1e-04,0.298,0.7019,594
GCF_000750955___2265,Negative,0.9917,0.0,0.9917,0.0083,182
GCF_000750955___2266,Negative,0.9881,0.0,0.9881,0.0119,719
GCF_000750955___2267,Negative,0.936,0.0014,0.0626,0.936,338
GCF_000750955___2268,Negative,0.9934,0.0,0.9934,0.0066,263
GCF_000750955___2269,Negative,0.9971,0.0,0.9971,0.0029,300
GCF_000750955___2270,Negative,0.9939,0.0,0.9939,0.0061,407
GCF_000750955___2271,Negative,0.995,0.0008,0.0041,0.995,248
GCF_000750955___2272,Negative,0.8151,1e-04,0.1848,0.8151,276
GCF_000750955___2273,Inc-protein,0.9985,0.9985,1e-04,0.0014,171
GCF_000750955___2274,Negative,0.9988,0.0012,0.9988,0.0,203
GCF_000750955___2275,Negative,0.9957,0.0043,0.9957,0.0,202
GCF_000750955___2276,Negative,0.9656,0.0,0.9656,0.0344,249
GCF_000750955___2277,Negative,0.4119,0.5881,0.4119,1e-04,134
GCF_000750955___2278,Negative,0.8854,0.0,0.8854,0.1146,297
GCF_000750955___2279,Negative,0.6622,0.0112,0.6622,0.3266,148
GCF_000750955___2280,Negative,0.845,0.0002,0.845,0.1548,540
GCF_000750955___2281,Negative,0.9259,0.074,1e-04,0.9259,894
GCF_000750955___2282,Negative,0.9969,0.0023,0.0008,0.9969,663
GCF_000750955___2283,Negative,0.5878,0.0,0.5878,0.4121,270
GCF_000750955___2284,Negative,0.9952,0.0,0.9952,0.0048,476
GCF_000750955___2285,Negative,0.9994,0.0002,0.0005,0.9994,1214
GCF_000750955___2286,Negative,0.6314,0.3682,0.6314,0.0004,180
GCF_000750955___2287,Negative,0.9986,0.0014,0.9986,0.0,353
GCF_000750955___2288,Negative,0.8417,0.0,0.8417,0.1583,498
GCF_000750955___2289,Negative,0.9998,0.0,0.0002,0.9998,368
GCF_000750955___2290,Negative,0.6604,1e-04,0.6604,0.3396,264
GCF_000750955___2291,Negative,0.9587,0.0,0.9587,0.0413,329
GCF_000750955___2292,Negative,0.993,0.0,0.993,0.007,235
GCF_000750955___2293,Negative,0.99,1e-04,0.99,0.0099,330
GCF_000750955___2294,Negative,0.9954,0.0,0.9954,0.0046,308
GCF_000750955___2295,Negative,0.9838,0.0,0.9838,0.0162,445
GCF_000750955___2296,Negative,0.9646,0.0,0.9646,0.0354,480
GCF_000750955___2297,Negative,0.9998,1e-04,1e-04,0.9998,187
GCF_000750955___2298,Negative,0.9991,1e-04,0.0009,0.9991,176
GCF_000750955___2299,Negative,1.0,0.0,0.0,1.0,388
GCF_000750955___2300,Negative,0.9997,1e-04,0.0002,0.9997,161
GCF_000750955___2301,Negative,0.8284,0.0012,0.8284,0.1704,333
GCF_000750955___2302,Negative,0.9912,0.0,0.9912,0.0088,139
GCF_000750955___2303,Negative,0.8264,0.0097,0.8264,0.1639,416
GCF_000750955___2304,Negative,0.4473,0.0003,0.4473,0.5523,399
GCF_000750955___2305,Negative,0.9994,0.0006,0.9994,0.0,1062
GCF_000750955___2306,Negative,0.9985,0.0,0.9985,0.0015,314
GCF_000750955___2307,Negative,0.9617,0.0011,0.0371,0.9617,548
GCF_000750955___2308,Negative,0.9972,0.0022,0.0006,0.9972,377
GCF_000750955___2309,Negative,0.9999,0.0,0.0,0.9999,364
GCF_000750955___2310,Negative,0.263,0.0047,0.263,0.7323,303
GCF_000750955___2311,Negative,0.9981,0.0014,0.0005,0.9981,180
GCF_000750955___2312,Negative,0.998,0.0019,0.998,1e-04,512
GCF_000750955___2313,Negative,0.9554,0.0003,0.0443,0.9554,492
GCF_000750955___2314,Negative,0.9887,0.011,0.9887,0.0004,339
GCF_000750955___2315,Negative,0.9999,1e-04,1e-04,0.9999,389
GCF_000750955___2316,Negative,0.9989,0.0,0.9989,0.0011,198
GCF_000750955___2317,Negative,0.9989,0.0,0.9989,0.0011,530
GCF_000750955___2318,Negative,0.8195,1e-04,0.8195,0.1804,140
GCF_000750955___2319,Negative,0.996,0.0,0.996,0.004,481
GCF_000750955___2320,Negative,0.9626,0.003,0.0345,0.9626,199
GCF_000750955___2321,Negative,0.9727,1e-04,0.9727,0.0272,251
GCF_000750955___2322,Negative,0.9986,0.0014,0.9986,0.0,249
GCF_000750955___2323,Negative,0.597,1e-04,0.597,0.4029,384
GCF_000750955___2324,Negative,0.8564,0.0002,0.1434,0.8564,237
GCF_000750955___2325,Negative,0.9995,0.0,0.9995,0.0005,533
GCF_000750955___2326,Negative,0.9352,0.0,0.9352,0.0648,328
GCF_000750955___2327,Negative,0.2584,0.001,0.2584,0.7406,230
GCF_000750955___2328,Negative,0.9989,0.0011,0.9989,0.0,229
GCF_000750955___2329,Negative,0.4507,0.0105,0.4507,0.5388,338
GCF_000750955___2330,Negative,0.9747,0.0253,0.9747,0.0,209
GCF_000750955___2331,Negative,0.9273,0.0013,0.0715,0.9273,202
GCF_000750955___2332,Negative,0.9877,0.0123,0.9877,0.0,70
GCF_000750955___2333,Negative,0.3076,0.0,0.3076,0.6923,112
GCF_000750955___2334,Negative,0.9318,0.0681,0.9318,1e-04,799
GCF_000750955___2335,Negative,0.9874,0.0124,0.9874,0.0002,351
GCF_000750955___2336,Negative,0.9982,0.0,0.9982,0.0018,335
GCF_000750955___2337,Negative,0.9958,0.0,0.9958,0.0042,387
GCF_000750955___2338,Negative,0.9996,0.0,0.9996,0.0004,398
GCF_000750955___2339,Negative,0.5663,0.0054,0.5663,0.4282,153
GCF_000750955___2340,Negative,0.9995,0.0003,0.0002,0.9995,431
GCF_000750955___2341,Negative,0.7647,0.052,0.7647,0.1833,316
GCF_000750955___2342,Negative,0.3378,0.0022,0.3378,0.6599,286
GCF_000750955___2343,Negative,0.9985,0.0,0.9985,0.0015,33
GCF_000750955___2344,Negative,0.9849,0.0005,0.0146,0.9849,351
GCF_000750955___2345,Negative,0.9997,0.0,0.9997,0.0003,341
GCF_000750955___2346,Negative,0.6224,0.3766,0.6224,0.0009,784
GCF_000750955___2347,Negative,0.3538,0.6461,0.3538,1e-04,310
GCF_000750955___2348,Negative,0.3268,0.0,0.3268,0.6731,181
GCF_000750955___2349,Negative,0.9656,0.0344,0.9656,0.0,99
GCF_000750955___2350,Negative,0.9992,0.0,0.9992,0.0008,258
GCF_000750955___2351,Negative,0.9739,0.0,0.9739,0.0261,499
GCF_000750955___2352,Negative,0.9938,0.0,0.9938,0.0061,86
GCF_000750955___2353,Negative,0.9883,0.0,0.9883,0.0117,638
GCF_000750955___2354,Negative,0.962,0.0,0.962,0.038,283
GCF_000750955___2355,Negative,0.2886,0.0005,0.2886,0.7109,620
GCF_000750955___2356,Negative,0.9671,0.0007,0.0322,0.9671,114
GCF_000750955___2357,Negative,0.9836,0.0,0.9836,0.0164,197
GCF_000750955___2358,Negative,0.9977,0.0007,0.0016,0.9977,563
GCF_000750955___2359,Negative,0.5437,0.0087,0.5437,0.4476,728
GCF_000750955___2360,Negative,0.9935,0.0,0.0065,0.9935,1349
GCF_000750955___2361,Negative,0.2301,0.009,0.2301,0.7609,247
GCF_000750955___2362,Negative,0.6572,0.0007,0.6572,0.3421,130
GCF_000750955___2363,Negative,0.9851,0.0146,0.9851,0.0003,521
GCF_000750955___2364,Negative,0.9926,0.0,0.9926,0.0073,176
GCF_000750955___2365,Negative,0.9883,1e-04,0.9883,0.0117,155
GCF_000750955___2366,Negative,0.9978,0.0,0.9978,0.0022,196
GCF_000750955___2367,Negative,0.963,0.0,0.963,0.037,262
GCF_000750955___2368,Negative,1.0,0.0,0.0,1.0,399
GCF_000750955___2369,Negative,0.9757,0.001,0.0233,0.9757,261
GCF_000750955___2370,Negative,0.9356,0.0,0.9356,0.0644,190
GCF_000750955___2371,Negative,0.7615,0.2322,0.7615,0.0064,486
GCF_000750955___2372,Negative,0.5113,0.0034,0.5113,0.4853,163
GCF_000750955___2373,Negative,0.9846,0.0153,0.9846,1e-04,215
GCF_000750955___2374,Negative,0.9964,0.0036,0.9964,0.0,233
GCF_000750955___2375,Negative,0.9082,0.0,0.9082,0.0918,91
GCF_000750955___2376,Negative,0.9877,0.0,0.9877,0.0123,500
GCF_000750955___2377,Negative,0.9917,0.0,0.9917,0.0083,120
GCF_000750955___2378,Negative,0.994,1e-04,0.994,0.0059,257
GCF_000750955___2379,Negative,0.8968,1e-04,0.8968,0.103,335
GCF_000750955___2380,Negative,0.9923,0.0076,0.9923,1e-04,273
GCF_000750955___2381,Negative,0.9981,0.0,0.9981,0.0019,266
GCF_000750955___2382,Negative,0.853,0.0006,0.853,0.1464,657
GCF_000750955___2383,Negative,0.6286,0.0007,0.6286,0.3707,131
GCF_000750955___2384,Negative,0.6693,0.0067,0.6693,0.324,325
GCF_000750955___2385,Negative,0.9992,0.0002,0.0007,0.9992,233
GCF_000750955___2386,Negative,0.9656,0.0003,0.9656,0.0342,55
GCF_000750955___2387,Negative,0.2777,0.003,0.2777,0.7193,307
GCF_000750955___2388,Negative,0.2953,0.0007,0.2953,0.704,394
GCF_000750955___2389,Negative,0.9858,0.0141,0.9858,0.0,281
GCF_000750955___2390,Negative,0.9937,0.0063,0.9937,1e-04,195
GCF_000750955___2391,Negative,0.9989,0.0011,0.9989,0.0,665
GCF_000750955___2392,Negative,0.9995,0.0005,0.9995,0.0,289
GCF_000750955___2393,Negative,0.8299,1e-04,0.8299,0.17,394
GCF_000750955___2394,Negative,0.3796,0.0002,0.3796,0.6202,334
GCF_000750955___2395,Negative,0.5905,0.0003,0.5905,0.4092,271
GCF_000750955___2396,Negative,0.9877,0.0,0.9877,0.0123,718
GCF_000750955___2397,Negative,0.9397,0.0005,0.9397,0.0598,405
GCF_000750955___2398,Negative,0.2084,0.7915,0.2084,1e-04,68
GCF_000750955___2399,Negative,0.2688,0.0043,0.2688,0.7269,129
GCF_000750955___2400,Negative,0.988,0.0,0.988,0.0119,291
GCF_000750955___2401,Negative,0.8838,0.0004,0.1158,0.8838,217
GCF_000750955___2402,Negative,0.9912,0.0009,0.9912,0.0079,48
GCF_000750955___2403,Negative,0.0079,0.4734,0.0079,0.5187,252
GCF_000750955___2404,Negative,0.7267,0.0003,0.7267,0.2731,267
GCF_000750955___2405,Negative,0.894,0.0,0.106,0.894,475
GCF_000750955___2406,Negative,0.7589,0.001,0.7589,0.24,324
GCF_000750955___2407,Negative,0.6219,0.0092,0.6219,0.3689,305
GCF_000750955___2408,Negative,0.2705,0.003,0.2705,0.7265,674
GCF_000750955___2409,Negative,0.9748,0.0248,0.9748,0.0004,342
GCF_000750955___2410,Negative,0.8395,0.0006,0.8395,0.16,517
GCF_000750955___2411,Negative,0.9714,0.0,0.9714,0.0285,141
GCF_000750955___2412,Negative,0.9929,0.0,0.9929,0.0071,278
GCF_000750955___2413,Negative,0.9102,0.0063,0.0835,0.9102,122
GCF_000750955___2414,Negative,0.9732,0.0089,0.0179,0.9732,88
GCF_000750955___2415,Negative,0.9885,0.0,0.9885,0.0114,107
GCF_000750955___2416,Negative,0.6986,0.0003,0.6986,0.3011,121
GCF_000750955___2417,Negative,0.6942,0.013,0.6942,0.2928,63
GCF_000750955___2418,Negative,0.9951,0.0045,0.0003,0.9951,829
GCF_000750955___2419,Negative,0.5319,0.0179,0.5319,0.4502,61
GCF_000750955___2420,Negative,0.7106,0.0002,0.7106,0.2892,366
GCF_000750955___2421,Negative,0.9673,0.0002,0.9673,0.0325,105
GCF_000750955___2422,Negative,0.5646,1e-04,0.5646,0.4353,153
GCF_000750955___2423,Negative,0.8922,0.0,0.8922,0.1077,51
GCF_000750955___2424,Negative,0.9996,0.0,0.9996,0.0004,59
GCF_000750955___2425,Negative,0.9986,0.0,0.9986,0.0014,82
GCF_000750955___2426,Negative,0.9994,0.0,0.9994,0.0006,86
GCF_000750955___2427,Negative,0.9998,0.0,0.9998,0.0002,120
GCF_000750955___2428,Negative,0.772,0.0002,0.772,0.2279,390
GCF_000750955___2429,Negative,0.9491,0.0137,0.0372,0.9491,236
